{"address": "Calle Mar\u00eda Mar\u00edn, Albacete", "distance": 500, "initial": 621979238, "final": 1529202109, "intersections": [{"identifier": 332441491, "longitude": -1.8642896, "latitude": 38.9835057}, {"identifier": 333720921, "longitude": -1.8637137, "latitude": 38.9851337}, {"identifier": 333720922, "longitude": -1.864522, "latitude": 38.9853867}, {"identifier": 335606017, "longitude": -1.8634788, "latitude": 38.984781}, {"identifier": 335606019, "longitude": -1.8633584, "latitude": 38.984847}, {"identifier": 335606021, "longitude": -1.8638056, "latitude": 38.9850216}, {"identifier": 335606022, "longitude": -1.8635578, "latitude": 38.9851762}, {"identifier": 335606024, "longitude": -1.8633086, "latitude": 38.9850342}, {"identifier": 335606025, "longitude": -1.8636368, "latitude": 38.9845719}, {"identifier": 335606026, "longitude": -1.8637006, "latitude": 38.9848112}, {"identifier": 344736241, "longitude": -1.8622679, "latitude": 38.9845941}, {"identifier": 434014584, "longitude": -1.8620555, "latitude": 38.9863228}, {"identifier": 434014588, "longitude": -1.8612681, "latitude": 38.9872094}, {"identifier": 434014596, "longitude": -1.8595914, "latitude": 38.9891308}, {"identifier": 434014599, "longitude": -1.858993, "latitude": 38.9902264}, {"identifier": 442882013, "longitude": -1.8535724, "latitude": 38.9835953}, {"identifier": 442882015, "longitude": -1.8538173, "latitude": 38.9835789}, {"identifier": 442882019, "longitude": -1.853885, "latitude": 38.9831887}, {"identifier": 442882994, "longitude": -1.8533646, "latitude": 38.9833754}, {"identifier": 442882995, "longitude": -1.8533988, "latitude": 38.9834806}, {"identifier": 442882996, "longitude": -1.8539658, "latitude": 38.9833923}, {"identifier": 442882997, "longitude": -1.8539418, "latitude": 38.9832669}, {"identifier": 442896947, "longitude": -1.8540256, "latitude": 38.9868874}, {"identifier": 442897015, "longitude": -1.8541261, "latitude": 38.9866257}, {"identifier": 442897023, "longitude": -1.8542994, "latitude": 38.9866245}, {"identifier": 442909903, "longitude": -1.8541878, "latitude": 38.9869795}, {"identifier": 442909905, "longitude": -1.8565634, "latitude": 38.9903212}, {"identifier": 443511897, "longitude": -1.8586486, "latitude": 38.9910279}, {"identifier": 499274621, "longitude": -1.856762, "latitude": 38.9898668}, {"identifier": 499274643, "longitude": -1.854444, "latitude": 38.9867201}, {"identifier": 499274652, "longitude": -1.8558712, "latitude": 38.9860613}, {"identifier": 499274675, "longitude": -1.8587288, "latitude": 38.9856477}, {"identifier": 539833849, "longitude": -1.8634425, "latitude": 38.9838978}, {"identifier": 539837920, "longitude": -1.8637191, "latitude": 38.9844121}, {"identifier": 621979238, "longitude": -1.8609242, "latitude": 38.9870965}, {"identifier": 621983933, "longitude": -1.858676, "latitude": 38.9876469}, {"identifier": 672060821, "longitude": -1.8635154, "latitude": 38.9897668}, {"identifier": 672063299, "longitude": -1.8643376, "latitude": 38.9888384}, {"identifier": 672063300, "longitude": -1.8634083, "latitude": 38.9883502}, {"identifier": 672063710, "longitude": -1.8628215, "latitude": 38.9880299}, {"identifier": 672063711, "longitude": -1.8619991, "latitude": 38.9890059}, {"identifier": 672063712, "longitude": -1.8598321, "latitude": 38.9916081}, {"identifier": 672072226, "longitude": -1.8580349, "latitude": 38.9921475}, {"identifier": 672072228, "longitude": -1.8559743, "latitude": 38.9915369}, {"identifier": 719109950, "longitude": -1.8592841, "latitude": 38.9845833}, {"identifier": 950684162, "longitude": -1.8551602, "latitude": 38.9912964}, {"identifier": 950684166, "longitude": -1.8560355, "latitude": 38.9894665}, {"identifier": 950688700, "longitude": -1.8557015, "latitude": 38.9901713}, {"identifier": 957150995, "longitude": -1.8548534, "latitude": 38.9856764}, {"identifier": 957151014, "longitude": -1.8557567, "latitude": 38.9855546}, {"identifier": 957161512, "longitude": -1.8530992, "latitude": 38.9852637}, {"identifier": 958251087, "longitude": -1.8531085, "latitude": 38.9890253}, {"identifier": 958251097, "longitude": -1.855249, "latitude": 38.9883646}, {"identifier": 958273823, "longitude": -1.8546023, "latitude": 38.9898569}, {"identifier": 958273825, "longitude": -1.8546065, "latitude": 38.9886691}, {"identifier": 958273826, "longitude": -1.8544295, "latitude": 38.9910926}, {"identifier": 1255547622, "longitude": -1.8611594, "latitude": 38.9913371}, {"identifier": 1255547623, "longitude": -1.8641357, "latitude": 38.9914708}, {"identifier": 1255547628, "longitude": -1.8636184, "latitude": 38.9907124}, {"identifier": 1255547629, "longitude": -1.8603937, "latitude": 38.9909338}, {"identifier": 1255547631, "longitude": -1.8633103, "latitude": 38.9910449}, {"identifier": 1255547633, "longitude": -1.8614817, "latitude": 38.9896273}, {"identifier": 1255547634, "longitude": -1.8598669, "latitude": 38.9888073}, {"identifier": 1255547636, "longitude": -1.858143, "latitude": 38.9899287}, {"identifier": 1255547639, "longitude": -1.8569159, "latitude": 38.9895104}, {"identifier": 1255547640, "longitude": -1.8624173, "latitude": 38.9919809}, {"identifier": 1255547641, "longitude": -1.8619174, "latitude": 38.9903211}, {"identifier": 1255547642, "longitude": -1.8621742, "latitude": 38.989979}, {"identifier": 1255547644, "longitude": -1.8612004, "latitude": 38.9899649}, {"identifier": 1255547645, "longitude": -1.8618339, "latitude": 38.9916764}, {"identifier": 1255547648, "longitude": -1.8641868, "latitude": 38.9901078}, {"identifier": 1255547649, "longitude": -1.8626854, "latitude": 38.9907203}, {"identifier": 1255547652, "longitude": -1.862969, "latitude": 38.9903827}, {"identifier": 1256004131, "longitude": -1.8644571, "latitude": 38.9911383}, {"identifier": 1256004135, "longitude": -1.863854, "latitude": 38.9917804}, {"identifier": 1256026630, "longitude": -1.8611088, "latitude": 38.9841891}, {"identifier": 1256026634, "longitude": -1.861648, "latitude": 38.9906956}, {"identifier": 1256026641, "longitude": -1.8623737, "latitude": 38.9910669}, {"identifier": 1256026659, "longitude": -1.8587738, "latitude": 38.9887202}, {"identifier": 1256026663, "longitude": -1.8592362, "latitude": 38.9878173}, {"identifier": 1256026671, "longitude": -1.8609055, "latitude": 38.9903191}, {"identifier": 1256026682, "longitude": -1.8571411, "latitude": 38.9918736}, {"identifier": 1256026700, "longitude": -1.8597916, "latitude": 38.9867277}, {"identifier": 1266037405, "longitude": -1.8539349, "latitude": 38.9846888}, {"identifier": 1266037410, "longitude": -1.8614381, "latitude": 38.9861393}, {"identifier": 1266037411, "longitude": -1.8537972, "latitude": 38.984706}, {"identifier": 1266037412, "longitude": -1.8551914, "latitude": 38.9832035}, {"identifier": 1266037414, "longitude": -1.8550036, "latitude": 38.9864467}, {"identifier": 1266037418, "longitude": -1.8553341, "latitude": 38.9838203}, {"identifier": 1266037419, "longitude": -1.854634, "latitude": 38.9845965}, {"identifier": 1266037421, "longitude": -1.8555187, "latitude": 38.9845377}, {"identifier": 1322977377, "longitude": -1.8632084, "latitude": 38.9869236}, {"identifier": 1322977378, "longitude": -1.8593983, "latitude": 38.9913849}, {"identifier": 1322977380, "longitude": -1.8608038, "latitude": 38.9897528}, {"identifier": 1322977381, "longitude": -1.8610748, "latitude": 38.9894207}, {"identifier": 1322977383, "longitude": -1.8638762, "latitude": 38.986126}, {"identifier": 1322977384, "longitude": -1.8599768, "latitude": 38.9907245}, {"identifier": 1322977385, "longitude": -1.86243, "latitude": 38.9878206}, {"identifier": 1322980461, "longitude": -1.8630544, "latitude": 38.988817}, {"identifier": 1322980462, "longitude": -1.8620344, "latitude": 38.9882924}, {"identifier": 1322980464, "longitude": -1.8624226, "latitude": 38.9884973}, {"identifier": 1526053351, "longitude": -1.8543004, "latitude": 38.9882456}, {"identifier": 1526705372, "longitude": -1.8607034, "latitude": 38.984987}, {"identifier": 1526705382, "longitude": -1.8627854, "latitude": 38.9855792}, {"identifier": 1526705395, "longitude": -1.8618775, "latitude": 38.9853212}, {"identifier": 1526728304, "longitude": -1.8567272, "latitude": 38.9843657}, {"identifier": 1526728308, "longitude": -1.8561998, "latitude": 38.9849544}, {"identifier": 1526728335, "longitude": -1.8593195, "latitude": 38.9842069}, {"identifier": 1526728361, "longitude": -1.8559256, "latitude": 38.9837355}, {"identifier": 1526728362, "longitude": -1.8588887, "latitude": 38.9835825}, {"identifier": 1526728364, "longitude": -1.858781, "latitude": 38.9841826}, {"identifier": 1526728365, "longitude": -1.8594259, "latitude": 38.9855412}, {"identifier": 1526728367, "longitude": -1.8568717, "latitude": 38.9836194}, {"identifier": 1526728370, "longitude": -1.8579043, "latitude": 38.9842857}, {"identifier": 1526728376, "longitude": -1.8569202, "latitude": 38.9853306}, {"identifier": 1526728377, "longitude": -1.8568231, "latitude": 38.984862}, {"identifier": 1526728384, "longitude": -1.8591941, "latitude": 38.9855583}, {"identifier": 1526728391, "longitude": -1.8545007, "latitude": 38.9839405}, {"identifier": 1526728400, "longitude": -1.8560956, "latitude": 38.984459}, {"identifier": 1526728406, "longitude": -1.8598272, "latitude": 38.9847378}, {"identifier": 1526728410, "longitude": -1.8570301, "latitude": 38.9843327}, {"identifier": 1528823271, "longitude": -1.864403, "latitude": 38.9870299}, {"identifier": 1528823322, "longitude": -1.8617362, "latitude": 38.9855843}, {"identifier": 1528823325, "longitude": -1.8626463, "latitude": 38.9866307}, {"identifier": 1528823328, "longitude": -1.8610969, "latitude": 38.9885385}, {"identifier": 1528823330, "longitude": -1.8605795, "latitude": 38.9891692}, {"identifier": 1528823331, "longitude": -1.8595121, "latitude": 38.9904825}, {"identifier": 1528823332, "longitude": -1.8589572, "latitude": 38.9911615}, {"identifier": 1528823342, "longitude": -1.8635995, "latitude": 38.9902083}, {"identifier": 1528823351, "longitude": -1.8639251, "latitude": 38.9903785}, {"identifier": 1528823372, "longitude": -1.8638935, "latitude": 38.9908521}, {"identifier": 1528823380, "longitude": -1.8602868, "latitude": 38.9857971}, {"identifier": 1528823390, "longitude": -1.8600657, "latitude": 38.9862239}, {"identifier": 1528832258, "longitude": -1.8638681, "latitude": 38.9867613}, {"identifier": 1528832261, "longitude": -1.8634908, "latitude": 38.9865749}, {"identifier": 1528832266, "longitude": -1.8629182, "latitude": 38.9862896}, {"identifier": 1529197051, "longitude": -1.8632786, "latitude": 38.9900407}, {"identifier": 1529201953, "longitude": -1.8594571, "latitude": 38.9834229}, {"identifier": 1529201976, "longitude": -1.8633036, "latitude": 38.9858209}, {"identifier": 1529201982, "longitude": -1.8587382, "latitude": 38.9846029}, {"identifier": 1529202023, "longitude": -1.8623479, "latitude": 38.9860197}, {"identifier": 1529202053, "longitude": -1.8602629, "latitude": 38.9839006}, {"identifier": 1529202076, "longitude": -1.8543736, "latitude": 38.9833155}, {"identifier": 1529202087, "longitude": -1.8588772, "latitude": 38.9834385}, {"identifier": 1529202090, "longitude": -1.8593654, "latitude": 38.9836571}, {"identifier": 1529202109, "longitude": -1.859135, "latitude": 38.983309}, {"identifier": 1529202111, "longitude": -1.8594742, "latitude": 38.9834835}, {"identifier": 1529475081, "longitude": -1.8638497, "latitude": 38.9833174}, {"identifier": 1529475090, "longitude": -1.86345, "latitude": 38.9841475}, {"identifier": 1529475093, "longitude": -1.8624129, "latitude": 38.9843297}, {"identifier": 1529475094, "longitude": -1.862846, "latitude": 38.9835139}, {"identifier": 1529477323, "longitude": -1.8531169, "latitude": 38.9895741}, {"identifier": 1529477429, "longitude": -1.857342, "latitude": 38.9915053}, {"identifier": 1529477449, "longitude": -1.8582255, "latitude": 38.9917979}, {"identifier": 1529623269, "longitude": -1.8556324, "latitude": 38.985009}, {"identifier": 1529623293, "longitude": -1.8600519, "latitude": 38.9843046}, {"identifier": 1529623303, "longitude": -1.8576379, "latitude": 38.9847527}, {"identifier": 1529623313, "longitude": -1.858717, "latitude": 38.9848253}, {"identifier": 1529623346, "longitude": -1.8609051, "latitude": 38.9845849}, {"identifier": 1529623348, "longitude": -1.8642387, "latitude": 38.9863163}, {"identifier": 1529623352, "longitude": -1.8579657, "latitude": 38.9837062}, {"identifier": 1529776725, "longitude": -1.8539945, "latitude": 38.9858046}, {"identifier": 1530704637, "longitude": -1.8639557, "latitude": 38.9844893}, {"identifier": 1530705020, "longitude": -1.8637944, "latitude": 38.9878467}, {"identifier": 1530897531, "longitude": -1.8642399, "latitude": 38.9840198}, {"identifier": 1530897562, "longitude": -1.8641335, "latitude": 38.9841908}, {"identifier": 1530897746, "longitude": -1.8644341, "latitude": 38.9837216}, {"identifier": 1531659768, "longitude": -1.862891, "latitude": 38.9854731}, {"identifier": 1531659796, "longitude": -1.8580573, "latitude": 38.9883402}, {"identifier": 1532986176, "longitude": -1.8532171, "latitude": 38.9890458}, {"identifier": 1533751788, "longitude": -1.8575194, "latitude": 38.9911441}, {"identifier": 1533751804, "longitude": -1.8584239, "latitude": 38.9914336}, {"identifier": 1540555108, "longitude": -1.8644479, "latitude": 38.9852391}, {"identifier": 1540598147, "longitude": -1.8591759, "latitude": 38.9859523}, {"identifier": 1557279034, "longitude": -1.8629925, "latitude": 38.9913783}, {"identifier": 1558314548, "longitude": -1.8530048, "latitude": 38.984826}, {"identifier": 1560166290, "longitude": -1.8575804, "latitude": 38.9842935}, {"identifier": 1567062087, "longitude": -1.8539915, "latitude": 38.9861781}, {"identifier": 1567062089, "longitude": -1.8533479, "latitude": 38.9862659}, {"identifier": 1568067925, "longitude": -1.8587439, "latitude": 38.9845527}, {"identifier": 1573048063, "longitude": -1.8590937, "latitude": 38.9861988}, {"identifier": 1573048065, "longitude": -1.8588704, "latitude": 38.9858153}, {"identifier": 1573048095, "longitude": -1.8591671, "latitude": 38.98602}, {"identifier": 1579342548, "longitude": -1.8644589, "latitude": 38.9902486}, {"identifier": 1626551557, "longitude": -1.8541464, "latitude": 38.9859217}, {"identifier": 1628459224, "longitude": -1.8635742, "latitude": 38.9871142}, {"identifier": 1628459225, "longitude": -1.8641259, "latitude": 38.9874017}, {"identifier": 1628459226, "longitude": -1.8618934, "latitude": 38.9875389}, {"identifier": 1635557962, "longitude": -1.8639707, "latitude": 38.9833709}, {"identifier": 1663102538, "longitude": -1.8577208, "latitude": 38.9907656}, {"identifier": 1736133420, "longitude": -1.863315, "latitude": 38.9905584}, {"identifier": 1736133421, "longitude": -1.8639535, "latitude": 38.9892768}, {"identifier": 1788243280, "longitude": -1.8603086, "latitude": 38.989502}, {"identifier": 1835328213, "longitude": -1.8535155, "latitude": 38.9870442}, {"identifier": 1835328235, "longitude": -1.8537324, "latitude": 38.9882362}, {"identifier": 1835328238, "longitude": -1.8538193, "latitude": 38.9889859}, {"identifier": 1835353337, "longitude": -1.8644063, "latitude": 38.9833466}, {"identifier": 1835353367, "longitude": -1.8635809, "latitude": 38.9836895}, {"identifier": 1835353370, "longitude": -1.8629173, "latitude": 38.9833821}, {"identifier": 1835700530, "longitude": -1.8532647, "latitude": 38.9859046}, {"identifier": 1836678889, "longitude": -1.8633843, "latitude": 38.9837839}, {"identifier": 1836678891, "longitude": -1.8642081, "latitude": 38.9836355}, {"identifier": 1836678893, "longitude": -1.8638215, "latitude": 38.9835775}, {"identifier": 1836678895, "longitude": -1.8637261, "latitude": 38.9843993}, {"identifier": 1845484937, "longitude": -1.8626687, "latitude": 38.9893416}, {"identifier": 1845484942, "longitude": -1.8606548, "latitude": 38.9920228}, {"identifier": 1897720516, "longitude": -1.8541275, "latitude": 38.9857867}, {"identifier": 1958896976, "longitude": -1.8625746, "latitude": 38.9840252}, {"identifier": 1983117780, "longitude": -1.8604087, "latitude": 38.9881984}, {"identifier": 1984210179, "longitude": -1.8616013, "latitude": 38.9887913}, {"identifier": 1989898224, "longitude": -1.8611642, "latitude": 38.9841048}, {"identifier": 2074561308, "longitude": -1.8590875, "latitude": 38.9860645}, {"identifier": 2855727902, "longitude": -1.8547579, "latitude": 38.9886047}, {"identifier": 3073519854, "longitude": -1.857596, "latitude": 38.9853895}, {"identifier": 3720329433, "longitude": -1.8591715, "latitude": 38.9833012}, {"identifier": 3720329437, "longitude": -1.8589668, "latitude": 38.9834854}, {"identifier": 3720329440, "longitude": -1.8589674, "latitude": 38.9835115}, {"identifier": 3721441045, "longitude": -1.8593399, "latitude": 38.9836692}, {"identifier": 4582722295, "longitude": -1.8633166, "latitude": 38.9850467}, {"identifier": 6122163730, "longitude": -1.8543811, "latitude": 38.9869379}, {"identifier": 6122163731, "longitude": -1.8544408, "latitude": 38.9872424}, {"identifier": 6296438171, "longitude": -1.8589676, "latitude": 38.9865973}, {"identifier": 6296438172, "longitude": -1.8590788, "latitude": 38.9864989}], "segments": [{"origin": 332441491, "destination": 1836678891, "distance": 16.06, "speed": 30}, {"origin": 332441491, "destination": 1835353337, "distance": 20.365, "speed": 30}, {"origin": 332441491, "destination": 1635557962, "distance": 31.386, "speed": 30}, {"origin": 333720921, "destination": 333720922, "distance": 75.50800000000001, "speed": 40}, {"origin": 333720921, "destination": 335606021, "distance": 14.995, "speed": 30}, {"origin": 335606017, "destination": 335606019, "distance": 12.806000000000001, "speed": 30}, {"origin": 335606019, "destination": 335606024, "distance": 22.020000000000003, "speed": 30}, {"origin": 335606019, "destination": 1989898224, "distance": 207.197, "speed": 40}, {"origin": 335606021, "destination": 335606026, "distance": 26.553, "speed": 30}, {"origin": 335606022, "destination": 333720921, "distance": 14.472000000000001, "speed": 30}, {"origin": 335606024, "destination": 4582722295, "distance": 1.552, "speed": 30}, {"origin": 335606025, "destination": 539837920, "distance": 19.14, "speed": 30}, {"origin": 335606025, "destination": 335606017, "distance": 26.965000000000003, "speed": 30}, {"origin": 335606026, "destination": 335606025, "distance": 27.174999999999997, "speed": 30}, {"origin": 335606026, "destination": 335606017, "distance": 19.904, "speed": 30}, {"origin": 344736241, "destination": 1526705395, "distance": 87.609, "speed": 30}, {"origin": 344736241, "destination": 335606024, "distance": 103.57400000000001, "speed": 40}, {"origin": 434014584, "destination": 1529202023, "distance": 42.126, "speed": 30}, {"origin": 434014584, "destination": 434014588, "distance": 119.796, "speed": 30}, {"origin": 434014584, "destination": 1528823325, "distance": 61.479, "speed": 30}, {"origin": 434014588, "destination": 434014584, "distance": 119.79599999999999, "speed": 30}, {"origin": 434014588, "destination": 621979238, "distance": 32.265, "speed": 40}, {"origin": 434014596, "destination": 1788243280, "distance": 74.471, "speed": 30}, {"origin": 434014596, "destination": 1255547634, "distance": 43.138, "speed": 30}, {"origin": 434014599, "destination": 1255547636, "distance": 80.577, "speed": 30}, {"origin": 434014599, "destination": 434014596, "distance": 132.34900000000002, "speed": 30}, {"origin": 442882013, "destination": 1266037411, "distance": 125.413, "speed": 30}, {"origin": 442882013, "destination": 442882015, "distance": 21.936999999999998, "speed": 30}, {"origin": 442882015, "destination": 442882996, "distance": 24.726, "speed": 30}, {"origin": 442882994, "destination": 442882995, "distance": 12.065, "speed": 30}, {"origin": 442882995, "destination": 442882996, "distance": 49.983, "speed": 30}, {"origin": 442882995, "destination": 442882013, "distance": 19.783, "speed": 30}, {"origin": 442882996, "destination": 442882997, "distance": 14.097, "speed": 30}, {"origin": 442882996, "destination": 1529202076, "distance": 36.485, "speed": 40}, {"origin": 442882997, "destination": 442882019, "distance": 9.986, "speed": 30}, {"origin": 442882997, "destination": 442882994, "distance": 51.328, "speed": 30}, {"origin": 442896947, "destination": 442909903, "distance": 17.858, "speed": 30}, {"origin": 442897015, "destination": 442896947, "distance": 33.202, "speed": 30}, {"origin": 442897023, "destination": 1626551557, "distance": 80.233, "speed": 30}, {"origin": 442897023, "destination": 442897015, "distance": 15.081, "speed": 30}, {"origin": 442909903, "destination": 6122163731, "distance": 36.561, "speed": 30}, {"origin": 442909903, "destination": 6122163730, "distance": 17.956, "speed": 30}, {"origin": 442909905, "destination": 1663102538, "distance": 114.41199999999999, "speed": 30}, {"origin": 442909905, "destination": 672072228, "distance": 144.466, "speed": 30}, {"origin": 443511897, "destination": 434014599, "distance": 93.96199999999999, "speed": 30}, {"origin": 443511897, "destination": 1528823332, "distance": 30.54, "speed": 30}, {"origin": 499274621, "destination": 950684166, "distance": 87.975, "speed": 30}, {"origin": 499274621, "destination": 442909905, "distance": 53.36900000000001, "speed": 30}, {"origin": 499274643, "destination": 1266037414, "distance": 57.128, "speed": 30}, {"origin": 499274643, "destination": 442897023, "distance": 16.753999999999998, "speed": 30}, {"origin": 499274652, "destination": 499274675, "distance": 266.348, "speed": 30}, {"origin": 499274652, "destination": 1266037414, "distance": 86.37, "speed": 30}, {"origin": 499274652, "destination": 957151014, "distance": 57.205, "speed": 30}, {"origin": 499274675, "destination": 1573048065, "distance": 22.296, "speed": 30}, {"origin": 499274675, "destination": 499274652, "distance": 266.348, "speed": 30}, {"origin": 539833849, "destination": 1529475090, "distance": 28.158, "speed": 30}, {"origin": 539837920, "destination": 335606025, "distance": 19.14, "speed": 30}, {"origin": 539837920, "destination": 1530704637, "distance": 22.179, "speed": 30}, {"origin": 539837920, "destination": 1836678895, "distance": 1.547, "speed": 30}, {"origin": 621979238, "destination": 1266037410, "distance": 115.339, "speed": 30}, {"origin": 621979238, "destination": 1256026700, "distance": 106.13399999999999, "speed": 30}, {"origin": 621983933, "destination": 1256026663, "distance": 51.993, "speed": 30}, {"origin": 621983933, "destination": 1531659796, "distance": 93.84, "speed": 40}, {"origin": 672060821, "destination": 1529197051, "distance": 36.694, "speed": 30}, {"origin": 672060821, "destination": 1255547648, "distance": 69.31700000000001, "speed": 30}, {"origin": 672063299, "destination": 672063300, "distance": 96.943, "speed": 30}, {"origin": 672063299, "destination": 1736133421, "distance": 58.977999999999994, "speed": 30}, {"origin": 672063300, "destination": 1530705020, "distance": 65.178, "speed": 30}, {"origin": 672063300, "destination": 672063710, "distance": 61.974999999999994, "speed": 30}, {"origin": 672063710, "destination": 1322980464, "distance": 62.368, "speed": 30}, {"origin": 672063710, "destination": 1322977385, "distance": 41.068, "speed": 30}, {"origin": 672063711, "destination": 1255547633, "distance": 82.304, "speed": 30}, {"origin": 672063711, "destination": 1845484937, "distance": 68.86800000000001, "speed": 30}, {"origin": 672063712, "destination": 1845484942, "distance": 84.747, "speed": 30}, {"origin": 672072226, "destination": 1529477449, "distance": 42.22, "speed": 30}, {"origin": 672072226, "destination": 1256026682, "distance": 83.03900000000002, "speed": 30}, {"origin": 672072228, "destination": 950684162, "distance": 75.27000000000001, "speed": 30}, {"origin": 719109950, "destination": 1526728335, "distance": 41.966, "speed": 30}, {"origin": 719109950, "destination": 1568067925, "distance": 46.819, "speed": 30}, {"origin": 719109950, "destination": 1526728406, "distance": 49.987, "speed": 30}, {"origin": 950684162, "destination": 950688700, "distance": 133.566, "speed": 30}, {"origin": 950684166, "destination": 442909905, "distance": 105.445, "speed": 30}, {"origin": 950684166, "destination": 958251097, "distance": 140.119, "speed": 30}, {"origin": 950688700, "destination": 950684166, "distance": 83.517, "speed": 30}, {"origin": 957150995, "destination": 1266037414, "distance": 86.637, "speed": 30}, {"origin": 957150995, "destination": 957151014, "distance": 79.241, "speed": 30}, {"origin": 957151014, "destination": 1529623269, "distance": 61.612, "speed": 30}, {"origin": 957151014, "destination": 1526728308, "distance": 103.94000000000001, "speed": 30}, {"origin": 957161512, "destination": 1558314548, "distance": 49.349000000000004, "speed": 30}, {"origin": 958251087, "destination": 1532986176, "distance": 9.659, "speed": 30}, {"origin": 958251097, "destination": 2855727902, "distance": 50.144, "speed": 30}, {"origin": 958251097, "destination": 6122163731, "distance": 143.004, "speed": 30}, {"origin": 958251097, "destination": 950684166, "distance": 140.119, "speed": 30}, {"origin": 958273823, "destination": 950688700, "distance": 101.229, "speed": 30}, {"origin": 958273823, "destination": 958273826, "distance": 138.214, "speed": 30}, {"origin": 958273825, "destination": 1526053351, "distance": 54.014, "speed": 20}, {"origin": 958273825, "destination": 2855727902, "distance": 14.917, "speed": 30}, {"origin": 958273825, "destination": 1835328238, "distance": 76.615, "speed": 30}, {"origin": 958273826, "destination": 950684162, "distance": 67.262, "speed": 30}, {"origin": 1255547622, "destination": 1256026634, "distance": 82.894, "speed": 30}, {"origin": 1255547622, "destination": 1255547629, "distance": 79.94, "speed": 30}, {"origin": 1255547623, "destination": 1256004131, "distance": 46.244, "speed": 30}, {"origin": 1255547628, "destination": 1736133420, "distance": 31.318, "speed": 30}, {"origin": 1255547628, "destination": 1528823351, "distance": 45.621, "speed": 30}, {"origin": 1255547629, "destination": 672063712, "distance": 89.31799999999998, "speed": 30}, {"origin": 1255547629, "destination": 1322977384, "distance": 42.894000000000005, "speed": 30}, {"origin": 1255547631, "destination": 1255547628, "distance": 45.562999999999995, "speed": 30}, {"origin": 1255547631, "destination": 1255547623, "distance": 85.624, "speed": 30}, {"origin": 1255547633, "destination": 1255547644, "distance": 44.725, "speed": 30}, {"origin": 1255547633, "destination": 1322977381, "distance": 42.006, "speed": 30}, {"origin": 1255547634, "destination": 1983117780, "distance": 82.322, "speed": 30}, {"origin": 1255547636, "destination": 1255547639, "distance": 115.807, "speed": 30}, {"origin": 1255547636, "destination": 1256026659, "distance": 145.018, "speed": 30}, {"origin": 1255547639, "destination": 499274621, "distance": 41.803, "speed": 30}, {"origin": 1255547640, "destination": 1557279034, "distance": 83.44, "speed": 30}, {"origin": 1255547640, "destination": 1255547645, "distance": 60.734, "speed": 30}, {"origin": 1255547641, "destination": 1255547642, "distance": 44.041, "speed": 30}, {"origin": 1255547641, "destination": 1255547649, "distance": 79.85, "speed": 30}, {"origin": 1255547642, "destination": 1845484937, "distance": 82.764, "speed": 30}, {"origin": 1255547642, "destination": 1255547633, "distance": 71.495, "speed": 30}, {"origin": 1255547644, "destination": 1256026671, "distance": 46.913, "speed": 30}, {"origin": 1255547644, "destination": 1255547641, "distance": 73.54599999999999, "speed": 30}, {"origin": 1255547645, "destination": 1255547622, "distance": 69.438, "speed": 30}, {"origin": 1255547648, "destination": 1579342548, "distance": 28.253, "speed": 30}, {"origin": 1255547649, "destination": 1255547631, "distance": 64.958, "speed": 30}, {"origin": 1255547649, "destination": 1256026641, "distance": 47.022, "speed": 30}, {"origin": 1255547652, "destination": 1255547642, "distance": 82.059, "speed": 30}, {"origin": 1255547652, "destination": 1255547649, "distance": 44.833, "speed": 30}, {"origin": 1256004131, "destination": 1528823372, "distance": 58.184, "speed": 30}, {"origin": 1256004135, "destination": 1255547623, "distance": 42.165, "speed": 30}, {"origin": 1256026630, "destination": 344736241, "distance": 109.842, "speed": 40}, {"origin": 1256026634, "destination": 1255547641, "distance": 47.71, "speed": 30}, {"origin": 1256026634, "destination": 1256026671, "distance": 76.62, "speed": 30}, {"origin": 1256026641, "destination": 1256026634, "distance": 75.089, "speed": 30}, {"origin": 1256026641, "destination": 1255547645, "distance": 82.279, "speed": 30}, {"origin": 1256026659, "destination": 434014596, "distance": 84.138, "speed": 30}, {"origin": 1256026659, "destination": 1256026663, "distance": 108.05900000000001, "speed": 30}, {"origin": 1256026663, "destination": 1256026700, "distance": 130.322, "speed": 30}, {"origin": 1256026663, "destination": 1983117780, "distance": 109.852, "speed": 30}, {"origin": 1256026671, "destination": 1255547629, "distance": 81.41600000000001, "speed": 30}, {"origin": 1256026682, "destination": 672072228, "distance": 107.566, "speed": 30}, {"origin": 1256026700, "destination": 6296438172, "distance": 66.726, "speed": 30}, {"origin": 1256026700, "destination": 1528823390, "distance": 60.824, "speed": 30}, {"origin": 1266037405, "destination": 442882015, "distance": 124.576, "speed": 30}, {"origin": 1266037405, "destination": 1266037419, "distance": 61.295, "speed": 30}, {"origin": 1266037410, "destination": 1528823322, "distance": 66.876, "speed": 30}, {"origin": 1266037410, "destination": 621979238, "distance": 115.339, "speed": 30}, {"origin": 1266037410, "destination": 434014584, "distance": 57.131, "speed": 30}, {"origin": 1266037411, "destination": 1529776725, "distance": 123.34299999999999, "speed": 30}, {"origin": 1266037414, "destination": 499274652, "distance": 86.37, "speed": 30}, {"origin": 1266037414, "destination": 499274643, "distance": 57.128, "speed": 30}, {"origin": 1266037418, "destination": 1526728391, "distance": 73.264, "speed": 30}, {"origin": 1266037418, "destination": 1266037412, "distance": 69.685, "speed": 30}, {"origin": 1266037419, "destination": 957150995, "distance": 121.568, "speed": 30}, {"origin": 1266037421, "destination": 1266037418, "distance": 81.35300000000001, "speed": 30}, {"origin": 1322977377, "destination": 1528832261, "distance": 45.817, "speed": 30}, {"origin": 1322977377, "destination": 1628459224, "distance": 38.063, "speed": 30}, {"origin": 1322977378, "destination": 672063712, "distance": 44.962, "speed": 30}, {"origin": 1322977378, "destination": 1322977384, "distance": 88.837, "speed": 30}, {"origin": 1322977380, "destination": 1255547644, "distance": 41.607, "speed": 30}, {"origin": 1322977380, "destination": 1322977381, "distance": 43.730000000000004, "speed": 30}, {"origin": 1322977381, "destination": 1984210179, "distance": 83.479, "speed": 30}, {"origin": 1322977381, "destination": 1528823330, "distance": 51.143, "speed": 30}, {"origin": 1322977383, "destination": 1529623348, "distance": 37.814, "speed": 30}, {"origin": 1322977383, "destination": 1529201976, "distance": 60.001999999999995, "speed": 30}, {"origin": 1322977383, "destination": 333720922, "distance": 99.37100000000001, "speed": 30}, {"origin": 1322977384, "destination": 1528823331, "distance": 48.344, "speed": 30}, {"origin": 1322977384, "destination": 1322977380, "distance": 129.549, "speed": 30}, {"origin": 1322977385, "destination": 1628459226, "distance": 55.965, "speed": 30}, {"origin": 1322977385, "destination": 1322977377, "distance": 120.31099999999999, "speed": 30}, {"origin": 1322980461, "destination": 672063300, "distance": 60.248, "speed": 30}, {"origin": 1322980461, "destination": 1322980464, "distance": 65.158, "speed": 30}, {"origin": 1322980462, "destination": 1322977385, "distance": 62.621, "speed": 30}, {"origin": 1322980464, "destination": 672063711, "distance": 67.365, "speed": 30}, {"origin": 1322980464, "destination": 1322980462, "distance": 40.556, "speed": 30}, {"origin": 1526053351, "destination": 958273825, "distance": 54.014, "speed": 20}, {"origin": 1526705372, "destination": 1529623346, "distance": 47.99, "speed": 30}, {"origin": 1526705372, "destination": 1526728406, "distance": 80.643, "speed": 30}, {"origin": 1526705372, "destination": 1526705395, "distance": 108.071, "speed": 30}, {"origin": 1526705382, "destination": 1531659768, "distance": 14.916, "speed": 30}, {"origin": 1526705382, "destination": 1529202023, "distance": 61.879999999999995, "speed": 30}, {"origin": 1526705382, "destination": 1529201976, "distance": 52.518, "speed": 30}, {"origin": 1526705382, "destination": 1526705395, "distance": 83.552, "speed": 30}, {"origin": 1526705395, "destination": 1528823322, "distance": 31.702, "speed": 30}, {"origin": 1526705395, "destination": 344736241, "distance": 87.609, "speed": 30}, {"origin": 1526705395, "destination": 1526705382, "distance": 83.552, "speed": 30}, {"origin": 1526705395, "destination": 1526705372, "distance": 108.071, "speed": 30}, {"origin": 1526728304, "destination": 1526728377, "distance": 55.805, "speed": 30}, {"origin": 1526728304, "destination": 1526728400, "distance": 55.568, "speed": 30}, {"origin": 1526728308, "destination": 1526728400, "distance": 55.818, "speed": 30}, {"origin": 1526728308, "destination": 1526728377, "distance": 54.845000000000006, "speed": 30}, {"origin": 1526728335, "destination": 1526728364, "distance": 46.623, "speed": 20}, {"origin": 1526728335, "destination": 3721441045, "distance": 59.84400000000001, "speed": 30}, {"origin": 1526728361, "destination": 1266037418, "distance": 51.988, "speed": 30}, {"origin": 1526728362, "destination": 1526728364, "distance": 67.548, "speed": 30}, {"origin": 1526728364, "destination": 1568067925, "distance": 41.278, "speed": 30}, {"origin": 1526728365, "destination": 1526728384, "distance": 20.125, "speed": 30}, {"origin": 1526728365, "destination": 1526728406, "distance": 95.831, "speed": 30}, {"origin": 1526728365, "destination": 1528823380, "distance": 79.66400000000002, "speed": 30}, {"origin": 1526728367, "destination": 1526728361, "distance": 82.78899999999999, "speed": 30}, {"origin": 1526728367, "destination": 1526728410, "distance": 80.489, "speed": 30}, {"origin": 1526728370, "destination": 1529623352, "distance": 64.656, "speed": 30}, {"origin": 1526728370, "destination": 1560166290, "distance": 28.072000000000003, "speed": 30}, {"origin": 1526728376, "destination": 1526728377, "distance": 52.778, "speed": 30}, {"origin": 1526728377, "destination": 1526728304, "distance": 55.805, "speed": 30}, {"origin": 1526728377, "destination": 1526728376, "distance": 52.778, "speed": 30}, {"origin": 1526728377, "destination": 1529623303, "distance": 71.467, "speed": 30}, {"origin": 1526728384, "destination": 1526728365, "distance": 20.125, "speed": 30}, {"origin": 1526728384, "destination": 719109950, "distance": 108.695, "speed": 30}, {"origin": 1526728391, "destination": 1266037419, "distance": 73.84800000000001, "speed": 30}, {"origin": 1526728400, "destination": 1526728361, "distance": 81.78, "speed": 30}, {"origin": 1526728400, "destination": 1266037421, "distance": 50.626, "speed": 30}, {"origin": 1526728406, "destination": 1526728365, "distance": 95.831, "speed": 30}, {"origin": 1526728406, "destination": 1529623293, "distance": 51.938, "speed": 30}, {"origin": 1526728406, "destination": 1526705372, "distance": 80.643, "speed": 30}, {"origin": 1526728406, "destination": 719109950, "distance": 49.987, "speed": 30}, {"origin": 1526728410, "destination": 1526728304, "distance": 26.437, "speed": 30}, {"origin": 1528823271, "destination": 1528832258, "distance": 55.04, "speed": 30}, {"origin": 1528823322, "destination": 1526705395, "distance": 31.702, "speed": 30}, {"origin": 1528823322, "destination": 1266037410, "distance": 66.876, "speed": 30}, {"origin": 1528823322, "destination": 1529202023, "distance": 71.689, "speed": 20}, {"origin": 1528823325, "destination": 1628459226, "distance": 120.138, "speed": 30}, {"origin": 1528823325, "destination": 1322977377, "distance": 58.489999999999995, "speed": 30}, {"origin": 1528823328, "destination": 1528823330, "distance": 83.178, "speed": 30}, {"origin": 1528823328, "destination": 1984210179, "distance": 51.873, "speed": 30}, {"origin": 1528823330, "destination": 1255547634, "distance": 73.57, "speed": 30}, {"origin": 1528823330, "destination": 1788243280, "distance": 43.791, "speed": 30}, {"origin": 1528823331, "destination": 1528823332, "distance": 89.44500000000001, "speed": 30}, {"origin": 1528823331, "destination": 434014599, "distance": 53.139, "speed": 30}, {"origin": 1528823332, "destination": 1322977378, "distance": 45.501000000000005, "speed": 30}, {"origin": 1528823342, "destination": 1736133420, "distance": 46.044, "speed": 20}, {"origin": 1528823342, "destination": 1529197051, "distance": 33.414, "speed": 20}, {"origin": 1528823342, "destination": 1528823351, "distance": 33.913, "speed": 20}, {"origin": 1528823351, "destination": 1528823342, "distance": 33.913, "speed": 20}, {"origin": 1528823351, "destination": 1255547648, "distance": 37.650999999999996, "speed": 30}, {"origin": 1528823372, "destination": 1255547628, "distance": 28.401, "speed": 30}, {"origin": 1528823372, "destination": 1579342548, "distance": 83.013, "speed": 20}, {"origin": 1528823380, "destination": 1266037410, "distance": 106.535, "speed": 30}, {"origin": 1528823380, "destination": 1526705372, "distance": 97.009, "speed": 30}, {"origin": 1528823390, "destination": 1540598147, "distance": 82.627, "speed": 30}, {"origin": 1528823390, "destination": 1528823380, "distance": 51.162, "speed": 30}, {"origin": 1528832258, "destination": 1628459224, "distance": 46.745, "speed": 30}, {"origin": 1528832258, "destination": 1528832261, "distance": 38.64, "speed": 30}, {"origin": 1528832261, "destination": 1528832266, "distance": 58.785999999999994, "speed": 30}, {"origin": 1528832261, "destination": 1322977383, "distance": 60.01, "speed": 30}, {"origin": 1528832266, "destination": 1528823325, "distance": 44.619, "speed": 30}, {"origin": 1529197051, "destination": 1528823342, "distance": 33.414, "speed": 20}, {"origin": 1529197051, "destination": 1255547652, "distance": 46.498999999999995, "speed": 30}, {"origin": 1529201953, "destination": 3720329433, "distance": 30.407, "speed": 30}, {"origin": 1529201976, "destination": 1528832266, "distance": 61.853, "speed": 30}, {"origin": 1529201976, "destination": 1322977383, "distance": 60.001999999999995, "speed": 30}, {"origin": 1529201976, "destination": 1526705382, "distance": 52.518, "speed": 30}, {"origin": 1529201982, "destination": 1526728370, "distance": 94.534, "speed": 30}, {"origin": 1529201982, "destination": 1529623313, "distance": 24.796999999999997, "speed": 30}, {"origin": 1529202023, "destination": 1528823322, "distance": 71.689, "speed": 20}, {"origin": 1529202023, "destination": 434014584, "distance": 42.126, "speed": 30}, {"origin": 1529202023, "destination": 1526705382, "distance": 61.879999999999995, "speed": 30}, {"origin": 1529202053, "destination": 1256026630, "distance": 79.843, "speed": 40}, {"origin": 1529202053, "destination": 1529623293, "distance": 48.484, "speed": 30}, {"origin": 1529202076, "destination": 1266037412, "distance": 71.775, "speed": 40}, {"origin": 1529202076, "destination": 1526728391, "distance": 70.36, "speed": 30}, {"origin": 1529202087, "destination": 3720329437, "distance": 9.337, "speed": 40}, {"origin": 1529202087, "destination": 1526728362, "distance": 16.185, "speed": 30}, {"origin": 1529202090, "destination": 1529202053, "distance": 83.161, "speed": 40}, {"origin": 1529202090, "destination": 1529202111, "distance": 22.328, "speed": 30}, {"origin": 1529202109, "destination": 3720329437, "distance": 25.724999999999998, "speed": 30}, {"origin": 1529202109, "destination": 442882997, "distance": 462.45, "speed": 40}, {"origin": 1529202111, "destination": 1529201953, "distance": 6.899, "speed": 30}, {"origin": 1529475090, "destination": 1958896976, "distance": 81.755, "speed": 30}, {"origin": 1529475090, "destination": 1836678895, "distance": 37.519000000000005, "speed": 30}, {"origin": 1529475093, "destination": 1958896976, "distance": 36.63, "speed": 30}, {"origin": 1529475094, "destination": 1958896976, "distance": 61.503, "speed": 30}, {"origin": 1529475094, "destination": 1836678889, "distance": 55.373, "speed": 30}, {"origin": 1529477323, "destination": 958251087, "distance": 62.117000000000004, "speed": 30}, {"origin": 1529477429, "destination": 1529477449, "distance": 82.999, "speed": 20}, {"origin": 1529477429, "destination": 1256026682, "distance": 44.482, "speed": 30}, {"origin": 1529477449, "destination": 1533751804, "distance": 43.988, "speed": 30}, {"origin": 1529623269, "destination": 1266037421, "distance": 53.323, "speed": 30}, {"origin": 1529623269, "destination": 1526728308, "distance": 49.74099999999999, "speed": 30}, {"origin": 1529623293, "destination": 1529623346, "distance": 80.061, "speed": 20}, {"origin": 1529623293, "destination": 1526728406, "distance": 51.938, "speed": 30}, {"origin": 1529623293, "destination": 1529202053, "distance": 48.484, "speed": 30}, {"origin": 1529623303, "destination": 3073519854, "distance": 70.90100000000001, "speed": 30}, {"origin": 1529623303, "destination": 1529623313, "distance": 93.61999999999999, "speed": 30}, {"origin": 1529623303, "destination": 1560166290, "distance": 51.45399999999999, "speed": 30}, {"origin": 1529623313, "destination": 499274675, "distance": 93.977, "speed": 30}, {"origin": 1529623346, "destination": 1529623293, "distance": 80.061, "speed": 20}, {"origin": 1529623346, "destination": 1256026630, "distance": 47.401999999999994, "speed": 30}, {"origin": 1529623348, "destination": 1528832258, "distance": 58.945, "speed": 30}, {"origin": 1529623348, "destination": 1322977383, "distance": 37.814, "speed": 30}, {"origin": 1529623352, "destination": 1526728367, "distance": 95.53399999999999, "speed": 30}, {"origin": 1529623352, "destination": 1526728370, "distance": 64.656, "speed": 30}, {"origin": 1529776725, "destination": 442897015, "distance": 92.01599999999999, "speed": 30}, {"origin": 1529776725, "destination": 1835700530, "distance": 64.054, "speed": 30}, {"origin": 1530704637, "destination": 1530897562, "distance": 36.577, "speed": 30}, {"origin": 1530705020, "destination": 1628459225, "distance": 57.178, "speed": 30}, {"origin": 1530897531, "destination": 1530897746, "distance": 37.165, "speed": 30}, {"origin": 1530897531, "destination": 1530897562, "distance": 21.122, "speed": 30}, {"origin": 1530897562, "destination": 1530897531, "distance": 21.122, "speed": 30}, {"origin": 1530897562, "destination": 1530704637, "distance": 36.577, "speed": 30}, {"origin": 1530897746, "destination": 1530897531, "distance": 37.165, "speed": 30}, {"origin": 1531659768, "destination": 1526705382, "distance": 14.916, "speed": 30}, {"origin": 1531659768, "destination": 335606022, "distance": 67.024, "speed": 30}, {"origin": 1531659796, "destination": 1255547639, "distance": 163.42199999999997, "speed": 30}, {"origin": 1531659796, "destination": 1256026659, "distance": 74.96800000000002, "speed": 30}, {"origin": 1532986176, "destination": 1835328238, "distance": 54.392, "speed": 30}, {"origin": 1533751788, "destination": 1529477429, "distance": 42.991, "speed": 30}, {"origin": 1533751804, "destination": 1533751788, "distance": 84.541, "speed": 20}, {"origin": 1533751804, "destination": 443511897, "distance": 49.127, "speed": 30}, {"origin": 1540555108, "destination": 335606021, "distance": 60.596000000000004, "speed": 40}, {"origin": 1540598147, "destination": 1528823390, "distance": 82.62700000000001, "speed": 30}, {"origin": 1540598147, "destination": 1526728384, "distance": 43.841, "speed": 30}, {"origin": 1557279034, "destination": 1256026641, "distance": 63.711, "speed": 30}, {"origin": 1557279034, "destination": 1255547631, "distance": 46.138, "speed": 30}, {"origin": 1558314548, "destination": 1266037411, "distance": 69.783, "speed": 30}, {"origin": 1560166290, "destination": 1526728410, "distance": 47.786, "speed": 30}, {"origin": 1567062087, "destination": 1567062089, "distance": 56.477, "speed": 20}, {"origin": 1567062089, "destination": 1567062087, "distance": 56.477, "speed": 20}, {"origin": 1567062089, "destination": 1835700530, "distance": 40.849, "speed": 30}, {"origin": 1568067925, "destination": 1529201982, "distance": 5.604, "speed": 30}, {"origin": 1568067925, "destination": 719109950, "distance": 46.819, "speed": 30}, {"origin": 1573048063, "destination": 1573048095, "distance": 20.869, "speed": 30}, {"origin": 1573048063, "destination": 2074561308, "distance": 15.082, "speed": 30}, {"origin": 1573048065, "destination": 6296438171, "distance": 88.62700000000001, "speed": 30}, {"origin": 1573048065, "destination": 2074561308, "distance": 34.92400000000001, "speed": 30}, {"origin": 1573048095, "destination": 1540598147, "distance": 7.566, "speed": 30}, {"origin": 1579342548, "destination": 1528823372, "distance": 83.013, "speed": 20}, {"origin": 1626551557, "destination": 1897720516, "distance": 15.1, "speed": 30}, {"origin": 1626551557, "destination": 1529776725, "distance": 20.685000000000002, "speed": 30}, {"origin": 1628459224, "destination": 672063710, "distance": 120.83, "speed": 30}, {"origin": 1628459224, "destination": 1628459225, "distance": 57.408, "speed": 30}, {"origin": 1628459225, "destination": 1528823271, "distance": 47.778, "speed": 30}, {"origin": 1628459226, "destination": 1528823328, "distance": 130.742, "speed": 30}, {"origin": 1628459226, "destination": 434014588, "distance": 65.29400000000001, "speed": 30}, {"origin": 1635557962, "destination": 1529475081, "distance": 12.032, "speed": 30}, {"origin": 1635557962, "destination": 1836678893, "distance": 29.122, "speed": 30}, {"origin": 1663102538, "destination": 443511897, "distance": 85.32600000000001, "speed": 30}, {"origin": 1663102538, "destination": 1255547636, "distance": 99.95799999999998, "speed": 30}, {"origin": 1663102538, "destination": 1533751788, "distance": 45.557, "speed": 30}, {"origin": 1736133420, "destination": 1528823342, "distance": 46.044, "speed": 20}, {"origin": 1736133420, "destination": 1255547652, "distance": 35.72, "speed": 30}, {"origin": 1736133421, "destination": 1322980461, "distance": 93.019, "speed": 30}, {"origin": 1736133421, "destination": 672060821, "distance": 66.351, "speed": 30}, {"origin": 1788243280, "destination": 1322977380, "distance": 51.083, "speed": 30}, {"origin": 1788243280, "destination": 1528823331, "distance": 128.941, "speed": 30}, {"origin": 1835328213, "destination": 442896947, "distance": 47.439, "speed": 30}, {"origin": 1835328213, "destination": 1567062089, "distance": 87.759, "speed": 30}, {"origin": 1835328235, "destination": 1835328213, "distance": 134.06, "speed": 30}, {"origin": 1835328238, "destination": 1835328235, "distance": 83.701, "speed": 30}, {"origin": 1835328238, "destination": 958273825, "distance": 76.615, "speed": 30}, {"origin": 1835353337, "destination": 332441491, "distance": 20.365, "speed": 30}, {"origin": 1835353367, "destination": 1836678893, "distance": 24.374, "speed": 30}, {"origin": 1835353367, "destination": 1835353370, "distance": 68.018, "speed": 30}, {"origin": 1835353367, "destination": 539833849, "distance": 26.271, "speed": 30}, {"origin": 1835700530, "destination": 957161512, "distance": 72.686, "speed": 30}, {"origin": 1836678889, "destination": 1835353367, "distance": 20.531, "speed": 30}, {"origin": 1836678889, "destination": 539833849, "distance": 13.729000000000001, "speed": 30}, {"origin": 1836678891, "destination": 332441491, "distance": 16.06, "speed": 30}, {"origin": 1836678891, "destination": 1836678895, "distance": 94.599, "speed": 30}, {"origin": 1836678893, "destination": 1635557962, "distance": 29.122, "speed": 30}, {"origin": 1836678893, "destination": 1835353367, "distance": 24.374000000000002, "speed": 30}, {"origin": 1836678893, "destination": 1836678891, "distance": 34.671, "speed": 30}, {"origin": 1836678895, "destination": 1836678891, "distance": 94.599, "speed": 30}, {"origin": 1836678895, "destination": 539837920, "distance": 1.547, "speed": 30}, {"origin": 1845484937, "destination": 1322980461, "distance": 67.18599999999999, "speed": 30}, {"origin": 1845484937, "destination": 672060821, "distance": 87.12399999999998, "speed": 30}, {"origin": 1845484942, "destination": 1255547622, "distance": 87.837, "speed": 30}, {"origin": 1897720516, "destination": 1266037405, "distance": 123.211, "speed": 30}, {"origin": 1897720516, "destination": 957150995, "distance": 63.936, "speed": 30}, {"origin": 1958896976, "destination": 1529475094, "distance": 61.503, "speed": 30}, {"origin": 1958896976, "destination": 1529475093, "distance": 36.63, "speed": 30}, {"origin": 1958896976, "destination": 1529475090, "distance": 81.75500000000001, "speed": 30}, {"origin": 1983117780, "destination": 434014588, "distance": 132.70600000000002, "speed": 30}, {"origin": 1983117780, "destination": 1528823328, "distance": 70.484, "speed": 30}, {"origin": 1984210179, "destination": 672063711, "distance": 41.851, "speed": 30}, {"origin": 1984210179, "destination": 1322980462, "distance": 66.923, "speed": 30}, {"origin": 1989898224, "destination": 1529202111, "distance": 161.92000000000002, "speed": 40}, {"origin": 2074561308, "destination": 1573048095, "distance": 9.103, "speed": 30}, {"origin": 2074561308, "destination": 499274675, "distance": 56.125, "speed": 40}, {"origin": 2855727902, "destination": 958251097, "distance": 50.144, "speed": 30}, {"origin": 2855727902, "destination": 958273825, "distance": 14.917, "speed": 30}, {"origin": 2855727902, "destination": 958273823, "distance": 139.89499999999998, "speed": 30}, {"origin": 3073519854, "destination": 1529623303, "distance": 70.901, "speed": 30}, {"origin": 3720329433, "destination": 1529202109, "distance": 3.272, "speed": 30}, {"origin": 3720329437, "destination": 3720329440, "distance": 2.903, "speed": 30}, {"origin": 3720329440, "destination": 1526728362, "distance": 10.421, "speed": 30}, {"origin": 3720329440, "destination": 3721441045, "distance": 43.187000000000005, "speed": 30}, {"origin": 3721441045, "destination": 1529202090, "distance": 2.582, "speed": 30}, {"origin": 4582722295, "destination": 1531659768, "distance": 60.081, "speed": 30}, {"origin": 4582722295, "destination": 335606022, "distance": 26.859, "speed": 30}, {"origin": 6122163730, "destination": 499274643, "distance": 26.769, "speed": 30}, {"origin": 6122163731, "destination": 958251097, "distance": 143.004, "speed": 30}, {"origin": 6122163731, "destination": 6122163730, "distance": 34.939, "speed": 30}, {"origin": 6296438171, "destination": 621983933, "distance": 120.57300000000001, "speed": 40}, {"origin": 6296438172, "destination": 1573048063, "distance": 33.7, "speed": 30}, {"origin": 6296438172, "destination": 6296438171, "distance": 15.753999999999998, "speed": 30}]}