{"address": "Calle Herreros, Albacete", "distance": 500, "initial": 430308836, "final": 772970911, "intersections": [{"identifier": 40116489, "longitude": -1.8482838, "latitude": 38.9905376}, {"identifier": 40120091, "longitude": -1.8482747, "latitude": 38.9938224}, {"identifier": 265487258, "longitude": -1.848022, "latitude": 38.9938357}, {"identifier": 265487272, "longitude": -1.8479951, "latitude": 38.9940626}, {"identifier": 320314951, "longitude": -1.8455281, "latitude": 38.9923672}, {"identifier": 430164743, "longitude": -1.8473794, "latitude": 38.9884488}, {"identifier": 430167248, "longitude": -1.8489993, "latitude": 38.9894464}, {"identifier": 430167251, "longitude": -1.848743, "latitude": 38.9893267}, {"identifier": 430167254, "longitude": -1.8486243, "latitude": 38.9894999}, {"identifier": 430169696, "longitude": -1.8458674, "latitude": 38.9914041}, {"identifier": 430171571, "longitude": -1.8488453, "latitude": 38.9896139}, {"identifier": 430171573, "longitude": -1.8475369, "latitude": 38.9918096}, {"identifier": 430305114, "longitude": -1.8449059, "latitude": 38.9916277}, {"identifier": 430305116, "longitude": -1.8449273, "latitude": 38.9918444}, {"identifier": 430308836, "longitude": -1.8452095, "latitude": 38.9924231}, {"identifier": 430312256, "longitude": -1.8459734, "latitude": 38.9946163}, {"identifier": 435465452, "longitude": -1.8524716, "latitude": 38.9943412}, {"identifier": 442896949, "longitude": -1.8498629, "latitude": 38.9885918}, {"identifier": 442902968, "longitude": -1.8488005, "latitude": 38.9888354}, {"identifier": 442902971, "longitude": -1.8489183, "latitude": 38.9893434}, {"identifier": 772970906, "longitude": -1.8467344, "latitude": 38.9931838}, {"identifier": 772970908, "longitude": -1.845811, "latitude": 38.9929469}, {"identifier": 772970909, "longitude": -1.8448854, "latitude": 38.9939235}, {"identifier": 772970911, "longitude": -1.8462323, "latitude": 38.9928465}, {"identifier": 772970912, "longitude": -1.8461012, "latitude": 38.9936936}, {"identifier": 772970915, "longitude": -1.8446191, "latitude": 38.9932043}, {"identifier": 772970918, "longitude": -1.8456874, "latitude": 38.9937792}, {"identifier": 772970923, "longitude": -1.8454215, "latitude": 38.9930292}, {"identifier": 946558782, "longitude": -1.8478856, "latitude": 38.9912215}, {"identifier": 946565137, "longitude": -1.8496054, "latitude": 38.9924553}, {"identifier": 946565153, "longitude": -1.8489281, "latitude": 38.9895822}, {"identifier": 950684159, "longitude": -1.853082, "latitude": 38.9946035}, {"identifier": 957150957, "longitude": -1.8437335, "latitude": 38.9910672}, {"identifier": 958251087, "longitude": -1.8531085, "latitude": 38.9890253}, {"identifier": 1123928162, "longitude": -1.8493643, "latitude": 38.9928712}, {"identifier": 1123928168, "longitude": -1.8481927, "latitude": 38.9926779}, {"identifier": 1264303748, "longitude": -1.8439953, "latitude": 38.9907786}, {"identifier": 1264303755, "longitude": -1.8450635, "latitude": 38.9911838}, {"identifier": 1264303757, "longitude": -1.8429949, "latitude": 38.9906047}, {"identifier": 1264303765, "longitude": -1.8440782, "latitude": 38.9898767}, {"identifier": 1264303768, "longitude": -1.8446557, "latitude": 38.9916278}, {"identifier": 1264303774, "longitude": -1.8462173, "latitude": 38.9901328}, {"identifier": 1265160205, "longitude": -1.8481158, "latitude": 38.9889263}, {"identifier": 1291477887, "longitude": -1.8510755, "latitude": 38.9880589}, {"identifier": 1291477901, "longitude": -1.8486983, "latitude": 38.9883978}, {"identifier": 1312091205, "longitude": -1.8449449, "latitude": 38.9918604}, {"identifier": 1312091207, "longitude": -1.8455573, "latitude": 38.991465}, {"identifier": 1312091282, "longitude": -1.8454864, "latitude": 38.9911164}, {"identifier": 1312244748, "longitude": -1.844278, "latitude": 38.9925978}, {"identifier": 1312244752, "longitude": -1.8444173, "latitude": 38.9927698}, {"identifier": 1312244772, "longitude": -1.8441978, "latitude": 38.9926502}, {"identifier": 1312244776, "longitude": -1.8442891, "latitude": 38.9928087}, {"identifier": 1327192093, "longitude": -1.8519243, "latitude": 38.9961534}, {"identifier": 1396800451, "longitude": -1.8488429, "latitude": 38.9890169}, {"identifier": 1438664397, "longitude": -1.8465621, "latitude": 38.9963038}, {"identifier": 1526053353, "longitude": -1.8524152, "latitude": 38.9903313}, {"identifier": 1526053367, "longitude": -1.8512067, "latitude": 38.9898549}, {"identifier": 1526053371, "longitude": -1.850249, "latitude": 38.9893186}, {"identifier": 1526705349, "longitude": -1.8478932, "latitude": 38.9880877}, {"identifier": 1529476154, "longitude": -1.8437603, "latitude": 38.9915555}, {"identifier": 1529476158, "longitude": -1.8437271, "latitude": 38.9919636}, {"identifier": 1529476161, "longitude": -1.8437085, "latitude": 38.9923421}, {"identifier": 1529476177, "longitude": -1.8442459, "latitude": 38.9924686}, {"identifier": 1529476183, "longitude": -1.844548, "latitude": 38.9921349}, {"identifier": 1529476205, "longitude": -1.8424675, "latitude": 38.9918098}, {"identifier": 1529476207, "longitude": -1.8425611, "latitude": 38.9921595}, {"identifier": 1529476221, "longitude": -1.8433192, "latitude": 38.9924028}, {"identifier": 1529476227, "longitude": -1.8426758, "latitude": 38.9925157}, {"identifier": 1529476342, "longitude": -1.8419609, "latitude": 38.991075}, {"identifier": 1529476413, "longitude": -1.8448416, "latitude": 38.9948669}, {"identifier": 1529476415, "longitude": -1.8442924, "latitude": 38.99499}, {"identifier": 1529476417, "longitude": -1.8433021, "latitude": 38.9952093}, {"identifier": 1529476429, "longitude": -1.8431828, "latitude": 38.9943103}, {"identifier": 1529476476, "longitude": -1.8452182, "latitude": 38.9957716}, {"identifier": 1529476510, "longitude": -1.8465521, "latitude": 38.9962776}, {"identifier": 1529477165, "longitude": -1.8509433, "latitude": 38.9941551}, {"identifier": 1529477173, "longitude": -1.8488877, "latitude": 38.9932956}, {"identifier": 1529477201, "longitude": -1.850026, "latitude": 38.9950392}, {"identifier": 1529477228, "longitude": -1.8501009, "latitude": 38.9925582}, {"identifier": 1529477323, "longitude": -1.8531169, "latitude": 38.9895741}, {"identifier": 1529477333, "longitude": -1.8523055, "latitude": 38.9901624}, {"identifier": 1529477336, "longitude": -1.8521665, "latitude": 38.9899296}, {"identifier": 1529724407, "longitude": -1.8476265, "latitude": 38.9942445}, {"identifier": 1529724413, "longitude": -1.847949, "latitude": 38.9939694}, {"identifier": 1529724482, "longitude": -1.851252, "latitude": 38.9938511}, {"identifier": 1530143773, "longitude": -1.8489992, "latitude": 38.9894855}, {"identifier": 1530143793, "longitude": -1.8476344, "latitude": 38.9896847}, {"identifier": 1530143868, "longitude": -1.8485051, "latitude": 38.9875766}, {"identifier": 1530815154, "longitude": -1.8443871, "latitude": 38.9915807}, {"identifier": 1530815170, "longitude": -1.8432205, "latitude": 38.9914442}, {"identifier": 1530815231, "longitude": -1.8444668, "latitude": 38.9915114}, {"identifier": 1530815288, "longitude": -1.8445905, "latitude": 38.9901986}, {"identifier": 1530815365, "longitude": -1.84229, "latitude": 38.9880698}, {"identifier": 1530815557, "longitude": -1.843553, "latitude": 38.9889488}, {"identifier": 1530815570, "longitude": -1.8419282, "latitude": 38.9911778}, {"identifier": 1530934871, "longitude": -1.8462835, "latitude": 38.9955318}, {"identifier": 1531182940, "longitude": -1.8514449, "latitude": 38.9918767}, {"identifier": 1531182943, "longitude": -1.8513541, "latitude": 38.991953}, {"identifier": 1531612082, "longitude": -1.8453506, "latitude": 38.9917408}, {"identifier": 1531612218, "longitude": -1.8477627, "latitude": 38.9933367}, {"identifier": 1531612248, "longitude": -1.8470695, "latitude": 38.9943723}, {"identifier": 1531612294, "longitude": -1.8467618, "latitude": 38.9941574}, {"identifier": 1531612329, "longitude": -1.8444912, "latitude": 38.9925272}, {"identifier": 1531612349, "longitude": -1.8469711, "latitude": 38.9943957}, {"identifier": 1531612366, "longitude": -1.8461254, "latitude": 38.9937061}, {"identifier": 1531646284, "longitude": -1.8508601, "latitude": 38.9881052}, {"identifier": 1531961408, "longitude": -1.851701, "latitude": 38.995988}, {"identifier": 1532986176, "longitude": -1.8532171, "latitude": 38.9890458}, {"identifier": 1533734384, "longitude": -1.8427886, "latitude": 38.9928917}, {"identifier": 1536600968, "longitude": -1.8481134, "latitude": 38.99412}, {"identifier": 1539110682, "longitude": -1.8425088, "latitude": 38.9937002}, {"identifier": 1539110698, "longitude": -1.8430561, "latitude": 38.993484}, {"identifier": 1539113611, "longitude": -1.845237, "latitude": 38.9947786}, {"identifier": 1566996084, "longitude": -1.8500824, "latitude": 38.9884954}, {"identifier": 1578533146, "longitude": -1.8435937, "latitude": 38.9929976}, {"identifier": 1578533147, "longitude": -1.8436685, "latitude": 38.992722}, {"identifier": 1586581870, "longitude": -1.8434253, "latitude": 38.9944588}, {"identifier": 1601134212, "longitude": -1.8438318, "latitude": 38.9897163}, {"identifier": 1639399061, "longitude": -1.8434163, "latitude": 38.9909882}, {"identifier": 1676572142, "longitude": -1.8455702, "latitude": 38.9881037}, {"identifier": 1676572182, "longitude": -1.8446356, "latitude": 38.9874698}, {"identifier": 1736095127, "longitude": -1.8432365, "latitude": 38.9920396}, {"identifier": 1736095136, "longitude": -1.8427079, "latitude": 38.9946743}, {"identifier": 1736120055, "longitude": -1.8437675, "latitude": 38.9912031}, {"identifier": 1736120058, "longitude": -1.8449114, "latitude": 38.9895511}, {"identifier": 1736120061, "longitude": -1.8473795, "latitude": 38.9875851}, {"identifier": 1736120063, "longitude": -1.8467647, "latitude": 38.988057}, {"identifier": 1736125752, "longitude": -1.8485779, "latitude": 38.9878862}, {"identifier": 1736125762, "longitude": -1.8513534, "latitude": 38.9888344}, {"identifier": 1788243281, "longitude": -1.8506382, "latitude": 38.9891619}, {"identifier": 1788243286, "longitude": -1.8508376, "latitude": 38.9881635}, {"identifier": 1835328218, "longitude": -1.8515115, "latitude": 38.9887607}, {"identifier": 1835328221, "longitude": -1.8516676, "latitude": 38.9924628}, {"identifier": 1835328225, "longitude": -1.8517209, "latitude": 38.9929863}, {"identifier": 1835328229, "longitude": -1.8513357, "latitude": 38.9916824}, {"identifier": 1835328230, "longitude": -1.8483296, "latitude": 38.9921584}, {"identifier": 1835328231, "longitude": -1.8528528, "latitude": 38.9881304}, {"identifier": 1835328234, "longitude": -1.8516637, "latitude": 38.9922464}, {"identifier": 1835328240, "longitude": -1.8505366, "latitude": 38.9926423}, {"identifier": 1835328243, "longitude": -1.849104, "latitude": 38.9927636}, {"identifier": 1835328244, "longitude": -1.847508, "latitude": 38.9926005}, {"identifier": 1835328248, "longitude": -1.8518492, "latitude": 38.9940791}, {"identifier": 1835328249, "longitude": -1.8482337, "latitude": 38.993754}, {"identifier": 1835700525, "longitude": -1.845917, "latitude": 38.9875183}, {"identifier": 1836701402, "longitude": -1.8519841, "latitude": 38.9962136}, {"identifier": 1836701424, "longitude": -1.8522381, "latitude": 38.9947728}, {"identifier": 1836701435, "longitude": -1.8518634, "latitude": 38.9920772}, {"identifier": 1836701441, "longitude": -1.8520491, "latitude": 38.9961329}, {"identifier": 1845661251, "longitude": -1.8520169, "latitude": 38.9876078}, {"identifier": 1845661255, "longitude": -1.8501884, "latitude": 38.9882153}, {"identifier": 1845661273, "longitude": -1.8502342, "latitude": 38.9884287}, {"identifier": 1845661304, "longitude": -1.8519919, "latitude": 38.9874077}, {"identifier": 1860243944, "longitude": -1.8481708, "latitude": 38.9944059}, {"identifier": 1863947927, "longitude": -1.8498567, "latitude": 38.9930443}, {"identifier": 1863956338, "longitude": -1.8433256, "latitude": 38.9941957}, {"identifier": 1992385815, "longitude": -1.8442212, "latitude": 38.9927744}, {"identifier": 1992385820, "longitude": -1.8444164, "latitude": 38.9926476}, {"identifier": 1994438273, "longitude": -1.8476539, "latitude": 38.9937909}, {"identifier": 1994438276, "longitude": -1.8426284, "latitude": 38.9913192}, {"identifier": 1994438279, "longitude": -1.8425409, "latitude": 38.9915751}, {"identifier": 1997280418, "longitude": -1.8455789, "latitude": 38.991231}, {"identifier": 2101156997, "longitude": -1.8480208, "latitude": 38.9935622}, {"identifier": 2561949370, "longitude": -1.8427889, "latitude": 38.9918788}, {"identifier": 2706919032, "longitude": -1.8507411, "latitude": 38.987583}, {"identifier": 2792046675, "longitude": -1.8473682, "latitude": 38.9936089}, {"identifier": 2819141629, "longitude": -1.8436564, "latitude": 38.9928143}, {"identifier": 2859904395, "longitude": -1.8489659, "latitude": 38.9899725}, {"identifier": 2896740692, "longitude": -1.8437067, "latitude": 38.9923611}, {"identifier": 2896740694, "longitude": -1.8437715, "latitude": 38.9928915}, {"identifier": 2910844669, "longitude": -1.8443512, "latitude": 38.9877501}, {"identifier": 2910844683, "longitude": -1.844144, "latitude": 38.9880636}, {"identifier": 3990003524, "longitude": -1.8419139, "latitude": 38.9899335}, {"identifier": 4404600176, "longitude": -1.8451919, "latitude": 38.9911777}, {"identifier": 4404600177, "longitude": -1.8451074, "latitude": 38.9912538}, {"identifier": 4404600179, "longitude": -1.8483017, "latitude": 38.9938386}, {"identifier": 4404600180, "longitude": -1.8483434, "latitude": 38.9938792}, {"identifier": 4522342872, "longitude": -1.8449239, "latitude": 38.9918345}, {"identifier": 4575714124, "longitude": -1.8450171, "latitude": 38.9919453}, {"identifier": 4575714125, "longitude": -1.8450968, "latitude": 38.9918912}, {"identifier": 7090355778, "longitude": -1.8431982, "latitude": 38.987435}, {"identifier": 11355673014, "longitude": -1.8480314, "latitude": 38.9934435}, {"identifier": 11355758681, "longitude": -1.847913, "latitude": 38.993465}, {"identifier": 11585231481, "longitude": -1.8505744, "latitude": 38.9906944}], "segments": [{"origin": 40116489, "destination": 1530143793, "distance": 123.336, "speed": 30}, {"origin": 40116489, "destination": 430171571, "distance": 113.62, "speed": 30}, {"origin": 40120091, "destination": 1835328249, "distance": 8.391, "speed": 30}, {"origin": 40120091, "destination": 265487258, "distance": 23.41, "speed": 30}, {"origin": 265487258, "destination": 1529724413, "distance": 16.692999999999998, "speed": 30}, {"origin": 265487272, "destination": 1536600968, "distance": 12.257000000000001, "speed": 30}, {"origin": 320314951, "destination": 772970911, "distance": 80.897, "speed": 30}, {"origin": 320314951, "destination": 430308836, "distance": 28.226999999999997, "speed": 30}, {"origin": 430164743, "destination": 1264303774, "distance": 212.50300000000001, "speed": 30}, {"origin": 430164743, "destination": 1265160205, "distance": 82.885, "speed": 30}, {"origin": 430164743, "destination": 1736120063, "distance": 68.706, "speed": 30}, {"origin": 430167248, "destination": 442902971, "distance": 13.774000000000001, "speed": 30}, {"origin": 430167248, "destination": 1526053371, "distance": 108.94, "speed": 20}, {"origin": 430167251, "destination": 1265160205, "distance": 70.148, "speed": 30}, {"origin": 430167251, "destination": 430167254, "distance": 23.607999999999997, "speed": 30}, {"origin": 430167254, "destination": 1530143793, "distance": 87.989, "speed": 30}, {"origin": 430167254, "destination": 430171571, "distance": 24.99, "speed": 30}, {"origin": 430169696, "destination": 1997280418, "distance": 32.151, "speed": 30}, {"origin": 430169696, "destination": 430171573, "distance": 151.17299999999997, "speed": 30}, {"origin": 430171571, "destination": 946565153, "distance": 8.01, "speed": 30}, {"origin": 430171573, "destination": 430169696, "distance": 151.173, "speed": 30}, {"origin": 430171573, "destination": 946558782, "distance": 72.012, "speed": 30}, {"origin": 430171573, "destination": 1835328230, "distance": 78.72600000000001, "speed": 30}, {"origin": 430305114, "destination": 1264303768, "distance": 22.347, "speed": 30}, {"origin": 430305114, "destination": 4522342872, "distance": 23.151, "speed": 30}, {"origin": 430305116, "destination": 1312091205, "distance": 2.341, "speed": 30}, {"origin": 430305116, "destination": 1312244748, "distance": 100.962, "speed": 30}, {"origin": 430308836, "destination": 320314951, "distance": 28.226999999999997, "speed": 30}, {"origin": 430308836, "destination": 1531612329, "distance": 63.172, "speed": 30}, {"origin": 430308836, "destination": 772970923, "distance": 69.841, "speed": 30}, {"origin": 430312256, "destination": 1539113611, "distance": 66.15899999999999, "speed": 30}, {"origin": 430312256, "destination": 1530934871, "distance": 105.27100000000002, "speed": 30}, {"origin": 430312256, "destination": 1531612349, "distance": 89.645, "speed": 30}, {"origin": 435465452, "destination": 950684159, "distance": 60.28, "speed": 30}, {"origin": 442896949, "destination": 1566996084, "distance": 21.79, "speed": 30}, {"origin": 442896949, "destination": 1526053371, "distance": 87.43499999999999, "speed": 30}, {"origin": 442902968, "destination": 1396800451, "distance": 20.512, "speed": 30}, {"origin": 442902968, "destination": 1291477901, "distance": 49.455, "speed": 30}, {"origin": 442902968, "destination": 442896949, "distance": 95.977, "speed": 30}, {"origin": 442902971, "destination": 1396800451, "distance": 36.886, "speed": 30}, {"origin": 442902971, "destination": 430167251, "distance": 15.791, "speed": 30}, {"origin": 772970906, "destination": 2792046675, "distance": 72.351, "speed": 30}, {"origin": 772970908, "destination": 772970923, "distance": 34.884, "speed": 30}, {"origin": 772970909, "destination": 1539113611, "distance": 100.351, "speed": 30}, {"origin": 772970909, "destination": 772970915, "distance": 83.217, "speed": 30}, {"origin": 772970909, "destination": 772970918, "distance": 71.14500000000001, "speed": 30}, {"origin": 772970911, "destination": 772970906, "distance": 57.356, "speed": 30}, {"origin": 772970911, "destination": 772970908, "distance": 38.084, "speed": 30}, {"origin": 772970912, "destination": 1531612366, "distance": 2.511, "speed": 30}, {"origin": 772970912, "destination": 772970908, "distance": 86.734, "speed": 30}, {"origin": 772970915, "destination": 772970909, "distance": 83.217, "speed": 30}, {"origin": 772970915, "destination": 1312244752, "distance": 51.693, "speed": 30}, {"origin": 772970918, "destination": 430312256, "distance": 96.30600000000001, "speed": 30}, {"origin": 772970918, "destination": 772970912, "distance": 37.007, "speed": 30}, {"origin": 772970923, "destination": 772970918, "distance": 86.50399999999999, "speed": 30}, {"origin": 772970923, "destination": 772970915, "distance": 72.027, "speed": 30}, {"origin": 946558782, "destination": 40116489, "distance": 83.471, "speed": 30}, {"origin": 946558782, "destination": 1531182943, "distance": 310.978, "speed": 30}, {"origin": 946565137, "destination": 1835328230, "distance": 115.09599999999999, "speed": 30}, {"origin": 946565153, "destination": 1530143773, "distance": 12.617, "speed": 30}, {"origin": 946565153, "destination": 2859904395, "distance": 43.522000000000006, "speed": 20}, {"origin": 950684159, "destination": 1836701441, "distance": 192.069, "speed": 30}, {"origin": 957150957, "destination": 1530815231, "distance": 80.35, "speed": 30}, {"origin": 957150957, "destination": 1264303748, "distance": 39.266000000000005, "speed": 30}, {"origin": 957150957, "destination": 1264303757, "distance": 81.974, "speed": 30}, {"origin": 958251087, "destination": 1532986176, "distance": 9.659, "speed": 30}, {"origin": 1123928162, "destination": 946565137, "distance": 50.723, "speed": 30}, {"origin": 1123928162, "destination": 1863947927, "distance": 46.705, "speed": 30}, {"origin": 1123928168, "destination": 11355673014, "distance": 86.26599999999999, "speed": 30}, {"origin": 1123928168, "destination": 1835328243, "distance": 79.333, "speed": 30}, {"origin": 1264303748, "destination": 957150957, "distance": 39.266, "speed": 30}, {"origin": 1264303748, "destination": 1530815288, "distance": 82.634, "speed": 30}, {"origin": 1264303748, "destination": 1264303765, "distance": 134.40699999999998, "speed": 30}, {"origin": 1264303748, "destination": 1264303755, "distance": 102.73800000000001, "speed": 30}, {"origin": 1264303755, "destination": 4404600177, "distance": 8.659, "speed": 30}, {"origin": 1264303755, "destination": 1264303748, "distance": 102.738, "speed": 30}, {"origin": 1264303757, "destination": 1601134212, "distance": 163.494, "speed": 30}, {"origin": 1264303757, "destination": 3990003524, "distance": 119.58099999999999, "speed": 30}, {"origin": 1264303757, "destination": 957150957, "distance": 81.974, "speed": 30}, {"origin": 1264303765, "destination": 1601134212, "distance": 27.778, "speed": 30}, {"origin": 1264303765, "destination": 1530815288, "distance": 56.935, "speed": 30}, {"origin": 1264303765, "destination": 1264303748, "distance": 134.40699999999998, "speed": 30}, {"origin": 1264303768, "destination": 4522342872, "distance": 32.657, "speed": 30}, {"origin": 1264303768, "destination": 1530815231, "distance": 20.834, "speed": 30}, {"origin": 1264303774, "destination": 1312091282, "distance": 126.35900000000001, "speed": 30}, {"origin": 1264303774, "destination": 1736120058, "distance": 130.086, "speed": 30}, {"origin": 1265160205, "destination": 430164743, "distance": 82.885, "speed": 30}, {"origin": 1265160205, "destination": 430167251, "distance": 70.148, "speed": 30}, {"origin": 1291477887, "destination": 1531646284, "distance": 19.314999999999998, "speed": 30}, {"origin": 1291477887, "destination": 1845661251, "distance": 95.584, "speed": 30}, {"origin": 1291477901, "destination": 1736125752, "distance": 57.831, "speed": 30}, {"origin": 1291477901, "destination": 442902968, "distance": 49.455, "speed": 30}, {"origin": 1312091205, "destination": 4575714124, "distance": 11.316, "speed": 30}, {"origin": 1312091205, "destination": 4575714125, "distance": 13.864, "speed": 30}, {"origin": 1312091207, "destination": 1997280418, "distance": 26.534, "speed": 30}, {"origin": 1312091207, "destination": 430169696, "distance": 29.055999999999997, "speed": 30}, {"origin": 1312091282, "destination": 4404600176, "distance": 27.977, "speed": 30}, {"origin": 1312244748, "destination": 1312244772, "distance": 9.276, "speed": 30}, {"origin": 1312244752, "destination": 772970915, "distance": 51.693, "speed": 30}, {"origin": 1312244752, "destination": 1992385820, "distance": 14.564, "speed": 30}, {"origin": 1312244772, "destination": 2896740694, "distance": 45.708, "speed": 30}, {"origin": 1312244772, "destination": 1992385815, "distance": 14.867999999999999, "speed": 30}, {"origin": 1312244776, "destination": 1312244752, "distance": 12.514999999999999, "speed": 30}, {"origin": 1327192093, "destination": 1531961408, "distance": 26.671, "speed": 30}, {"origin": 1396800451, "destination": 442902968, "distance": 20.512, "speed": 30}, {"origin": 1396800451, "destination": 442902971, "distance": 36.886, "speed": 30}, {"origin": 1438664397, "destination": 1529476510, "distance": 3.039, "speed": 30}, {"origin": 1526053367, "destination": 1788243281, "distance": 91.39, "speed": 20}, {"origin": 1526053371, "destination": 11585231481, "distance": 174.04399999999998, "speed": 30}, {"origin": 1526705349, "destination": 1396800451, "distance": 131.958, "speed": 30}, {"origin": 1526705349, "destination": 430164743, "distance": 59.869, "speed": 30}, {"origin": 1529476154, "destination": 1736120055, "distance": 39.19, "speed": 20}, {"origin": 1529476154, "destination": 1530815154, "distance": 57.493, "speed": 30}, {"origin": 1529476154, "destination": 1530815170, "distance": 48.266, "speed": 30}, {"origin": 1529476154, "destination": 1529476158, "distance": 45.469, "speed": 30}, {"origin": 1529476158, "destination": 1736095127, "distance": 43.234, "speed": 30}, {"origin": 1529476158, "destination": 1529476183, "distance": 73.458, "speed": 30}, {"origin": 1529476158, "destination": 1529476161, "distance": 42.118, "speed": 30}, {"origin": 1529476158, "destination": 1529476154, "distance": 45.469, "speed": 30}, {"origin": 1529476161, "destination": 1529476221, "distance": 34.315, "speed": 30}, {"origin": 1529476161, "destination": 2896740692, "distance": 2.118, "speed": 30}, {"origin": 1529476161, "destination": 1529476158, "distance": 42.118, "speed": 30}, {"origin": 1529476177, "destination": 2896740692, "distance": 48.157, "speed": 20}, {"origin": 1529476183, "destination": 1529476158, "distance": 73.458, "speed": 30}, {"origin": 1529476205, "destination": 2561949370, "distance": 28.817, "speed": 30}, {"origin": 1529476205, "destination": 1529476207, "distance": 39.717, "speed": 30}, {"origin": 1529476205, "destination": 1994438279, "distance": 26.857, "speed": 30}, {"origin": 1529476207, "destination": 1736095127, "distance": 59.874, "speed": 30}, {"origin": 1529476207, "destination": 1529476205, "distance": 39.717, "speed": 30}, {"origin": 1529476207, "destination": 1529476227, "distance": 40.83, "speed": 30}, {"origin": 1529476221, "destination": 1529476227, "distance": 57.005, "speed": 30}, {"origin": 1529476221, "destination": 1529476161, "distance": 34.315, "speed": 30}, {"origin": 1529476221, "destination": 1736095127, "distance": 41.014, "speed": 30}, {"origin": 1529476227, "destination": 1529476221, "distance": 57.005, "speed": 30}, {"origin": 1529476227, "destination": 1533734384, "distance": 42.931, "speed": 30}, {"origin": 1529476227, "destination": 1529476207, "distance": 40.83, "speed": 30}, {"origin": 1529476342, "destination": 1530815570, "distance": 11.775, "speed": 30}, {"origin": 1529476413, "destination": 1529476415, "distance": 49.397, "speed": 30}, {"origin": 1529476413, "destination": 1539113611, "distance": 35.578, "speed": 30}, {"origin": 1529476413, "destination": 1529476476, "distance": 105.74, "speed": 30}, {"origin": 1529476415, "destination": 1529476417, "distance": 88.989, "speed": 20}, {"origin": 1529476415, "destination": 1529476413, "distance": 49.397000000000006, "speed": 30}, {"origin": 1529476415, "destination": 1586581870, "distance": 95.417, "speed": 30}, {"origin": 1529476417, "destination": 1529476415, "distance": 88.989, "speed": 20}, {"origin": 1529476429, "destination": 1863956338, "distance": 17.739, "speed": 20}, {"origin": 1529476429, "destination": 1736095136, "distance": 57.642, "speed": 20}, {"origin": 1529476429, "destination": 1586581870, "distance": 26.681, "speed": 20}, {"origin": 1529476476, "destination": 1529476413, "distance": 105.74, "speed": 30}, {"origin": 1529476510, "destination": 1438664397, "distance": 3.039, "speed": 30}, {"origin": 1529476510, "destination": 1530934871, "distance": 86.118, "speed": 30}, {"origin": 1529477165, "destination": 1529477201, "distance": 126.289, "speed": 30}, {"origin": 1529477165, "destination": 1529477173, "distance": 202.005, "speed": 30}, {"origin": 1529477173, "destination": 1123928162, "distance": 62.638, "speed": 30}, {"origin": 1529477201, "destination": 4404600180, "distance": 195.24500000000003, "speed": 30}, {"origin": 1529477228, "destination": 1863947927, "distance": 58.025999999999996, "speed": 30}, {"origin": 1529477228, "destination": 946565137, "distance": 44.326, "speed": 30}, {"origin": 1529477323, "destination": 958251087, "distance": 62.117000000000004, "speed": 30}, {"origin": 1529477333, "destination": 1526053353, "distance": 21.038, "speed": 30}, {"origin": 1529477333, "destination": 1529477323, "distance": 106.576, "speed": 30}, {"origin": 1529477336, "destination": 1529477323, "distance": 91.157, "speed": 20}, {"origin": 1529477336, "destination": 1529477333, "distance": 28.538, "speed": 30}, {"origin": 1529724407, "destination": 1860243944, "distance": 52.903, "speed": 30}, {"origin": 1529724407, "destination": 265487272, "distance": 38.477000000000004, "speed": 30}, {"origin": 1529724407, "destination": 1531612248, "distance": 50.205, "speed": 30}, {"origin": 1529724413, "destination": 265487272, "distance": 11.237, "speed": 30}, {"origin": 1529724482, "destination": 1835328248, "distance": 57.502, "speed": 30}, {"origin": 1529724482, "destination": 1529477165, "distance": 43.063, "speed": 30}, {"origin": 1530143773, "destination": 430167248, "distance": 4.348, "speed": 30}, {"origin": 1530143793, "destination": 1265160205, "distance": 97.80700000000002, "speed": 30}, {"origin": 1530143868, "destination": 1736125752, "distance": 34.996, "speed": 30}, {"origin": 1530143868, "destination": 1526705349, "distance": 77.7, "speed": 30}, {"origin": 1530815154, "destination": 1736120055, "distance": 68.047, "speed": 30}, {"origin": 1530815154, "destination": 1530815231, "distance": 10.338000000000001, "speed": 30}, {"origin": 1530815154, "destination": 1529476154, "distance": 57.493, "speed": 30}, {"origin": 1530815170, "destination": 1639399061, "distance": 53.454, "speed": 30}, {"origin": 1530815170, "destination": 1994438276, "distance": 53.027, "speed": 30}, {"origin": 1530815170, "destination": 1529476154, "distance": 48.266, "speed": 30}, {"origin": 1530815231, "destination": 957150957, "distance": 80.35, "speed": 30}, {"origin": 1530815231, "destination": 1530815154, "distance": 10.338000000000001, "speed": 30}, {"origin": 1530815231, "destination": 1264303768, "distance": 20.834, "speed": 30}, {"origin": 1530815288, "destination": 1264303765, "distance": 56.935, "speed": 30}, {"origin": 1530815288, "destination": 1264303748, "distance": 82.634, "speed": 30}, {"origin": 1530815288, "destination": 1736120058, "distance": 77.256, "speed": 30}, {"origin": 1530815365, "destination": 1530815557, "distance": 146.652, "speed": 30}, {"origin": 1530815557, "destination": 1601134212, "distance": 123.328, "speed": 30}, {"origin": 1530815557, "destination": 3990003524, "distance": 186.25000000000003, "speed": 30}, {"origin": 1530815557, "destination": 2910844683, "distance": 113.669, "speed": 30}, {"origin": 1530815557, "destination": 1530815365, "distance": 146.652, "speed": 30}, {"origin": 1530815570, "destination": 1994438276, "distance": 62.524, "speed": 30}, {"origin": 1530815570, "destination": 1529476342, "distance": 11.775, "speed": 30}, {"origin": 1530934871, "destination": 1531612349, "distance": 187.66, "speed": 20}, {"origin": 1530934871, "destination": 1529476510, "distance": 86.118, "speed": 30}, {"origin": 1530934871, "destination": 430312256, "distance": 105.271, "speed": 30}, {"origin": 1531182940, "destination": 1835328229, "distance": 23.583, "speed": 30}, {"origin": 1531182943, "destination": 1835328234, "distance": 45.099000000000004, "speed": 30}, {"origin": 1531182943, "destination": 1531182940, "distance": 12.080000000000002, "speed": 30}, {"origin": 1531612082, "destination": 1312091207, "distance": 35.617, "speed": 30}, {"origin": 1531612218, "destination": 1531612082, "distance": 274.21000000000004, "speed": 30}, {"origin": 1531612218, "destination": 1835328244, "distance": 85.34, "speed": 30}, {"origin": 1531612248, "destination": 1531612349, "distance": 8.893, "speed": 30}, {"origin": 1531612248, "destination": 1531612294, "distance": 35.751, "speed": 30}, {"origin": 1531612248, "destination": 1529724407, "distance": 50.205, "speed": 30}, {"origin": 1531612294, "destination": 1531612366, "distance": 74.452, "speed": 30}, {"origin": 1531612294, "destination": 2792046675, "distance": 80.41300000000001, "speed": 30}, {"origin": 1531612329, "destination": 430308836, "distance": 63.172, "speed": 30}, {"origin": 1531612329, "destination": 4575714124, "distance": 79.11699999999999, "speed": 30}, {"origin": 1531612349, "destination": 1531612248, "distance": 8.893, "speed": 30}, {"origin": 1531612349, "destination": 1530934871, "distance": 187.66, "speed": 20}, {"origin": 1531612349, "destination": 430312256, "distance": 89.645, "speed": 30}, {"origin": 1531612366, "destination": 772970906, "distance": 78.37700000000001, "speed": 30}, {"origin": 1531646284, "destination": 2706919032, "distance": 58.97, "speed": 30}, {"origin": 1531646284, "destination": 1845661255, "distance": 59.427, "speed": 30}, {"origin": 1531961408, "destination": 1836701424, "distance": 144.791, "speed": 30}, {"origin": 1531961408, "destination": 1529477201, "distance": 179.513, "speed": 30}, {"origin": 1533734384, "destination": 1578533147, "distance": 78.35, "speed": 30}, {"origin": 1533734384, "destination": 1529476227, "distance": 42.931, "speed": 30}, {"origin": 1536600968, "destination": 4404600180, "distance": 41.926, "speed": 30}, {"origin": 1536600968, "destination": 1860243944, "distance": 33.468, "speed": 30}, {"origin": 1539110682, "destination": 1539110698, "distance": 56.65299999999999, "speed": 30}, {"origin": 1539110682, "destination": 1992385815, "distance": 181.71000000000004, "speed": 30}, {"origin": 1539110698, "destination": 1863956338, "distance": 82.512, "speed": 30}, {"origin": 1539110698, "destination": 1539110682, "distance": 56.653, "speed": 30}, {"origin": 1539110698, "destination": 1312244776, "distance": 131.248, "speed": 30}, {"origin": 1539113611, "destination": 772970909, "distance": 100.351, "speed": 30}, {"origin": 1539113611, "destination": 430312256, "distance": 66.15899999999999, "speed": 30}, {"origin": 1539113611, "destination": 1529476413, "distance": 35.578, "speed": 30}, {"origin": 1566996084, "destination": 1845661273, "distance": 15.071, "speed": 30}, {"origin": 1578533147, "destination": 1533734384, "distance": 78.35, "speed": 30}, {"origin": 1578533147, "destination": 2819141629, "distance": 10.322, "speed": 30}, {"origin": 1578533147, "destination": 2896740692, "distance": 40.266, "speed": 30}, {"origin": 1586581870, "destination": 1863956338, "distance": 30.497999999999998, "speed": 30}, {"origin": 1586581870, "destination": 1529476415, "distance": 95.417, "speed": 30}, {"origin": 1601134212, "destination": 1264303765, "distance": 27.778, "speed": 30}, {"origin": 1601134212, "destination": 1264303757, "distance": 163.49400000000003, "speed": 30}, {"origin": 1601134212, "destination": 1530815557, "distance": 123.328, "speed": 30}, {"origin": 1639399061, "destination": 1530815170, "distance": 53.454, "speed": 30}, {"origin": 1639399061, "destination": 1736120055, "distance": 38.63, "speed": 30}, {"origin": 1676572142, "destination": 1835700525, "distance": 71.663, "speed": 30}, {"origin": 1676572142, "destination": 1736120058, "distance": 170.897, "speed": 30}, {"origin": 1676572142, "destination": 1676572182, "distance": 108.98100000000001, "speed": 30}, {"origin": 1676572182, "destination": 1676572142, "distance": 108.98100000000001, "speed": 30}, {"origin": 1676572182, "destination": 2910844669, "distance": 39.698, "speed": 30}, {"origin": 1736095127, "destination": 1529476207, "distance": 59.874, "speed": 30}, {"origin": 1736095127, "destination": 1529476158, "distance": 43.234, "speed": 30}, {"origin": 1736095127, "destination": 1529476221, "distance": 41.014, "speed": 30}, {"origin": 1736095127, "destination": 1994438279, "distance": 91.133, "speed": 30}, {"origin": 1736095136, "destination": 1529476429, "distance": 57.642, "speed": 20}, {"origin": 1736120055, "destination": 1529476154, "distance": 39.19, "speed": 20}, {"origin": 1736120055, "destination": 1530815154, "distance": 68.047, "speed": 30}, {"origin": 1736120055, "destination": 1639399061, "distance": 38.63, "speed": 30}, {"origin": 1736120058, "destination": 1530815288, "distance": 77.256, "speed": 30}, {"origin": 1736120058, "destination": 1676572142, "distance": 170.897, "speed": 30}, {"origin": 1736120058, "destination": 1264303774, "distance": 130.086, "speed": 30}, {"origin": 1736120061, "destination": 1526705349, "distance": 71.376, "speed": 30}, {"origin": 1736120063, "destination": 1736120061, "distance": 75.08, "speed": 30}, {"origin": 1736120063, "destination": 1835700525, "distance": 94.637, "speed": 30}, {"origin": 1736120063, "destination": 430164743, "distance": 68.706, "speed": 30}, {"origin": 1736125752, "destination": 1291477901, "distance": 57.831, "speed": 30}, {"origin": 1736125752, "destination": 1530143868, "distance": 34.996, "speed": 30}, {"origin": 1736125752, "destination": 2706919032, "distance": 189.98000000000002, "speed": 30}, {"origin": 1736125762, "destination": 1835328218, "distance": 15.933, "speed": 30}, {"origin": 1736125762, "destination": 1529477336, "distance": 140.604, "speed": 30}, {"origin": 1736125762, "destination": 1788243281, "distance": 71.743, "speed": 30}, {"origin": 1788243281, "destination": 1526053371, "distance": 37.883, "speed": 30}, {"origin": 1788243281, "destination": 1566996084, "distance": 88.318, "speed": 20}, {"origin": 1788243286, "destination": 1736125762, "distance": 86.90700000000001, "speed": 30}, {"origin": 1788243286, "destination": 1291477887, "distance": 23.624, "speed": 30}, {"origin": 1835328218, "destination": 1736125762, "distance": 15.933, "speed": 30}, {"origin": 1835328218, "destination": 958251087, "distance": 141.12800000000001, "speed": 30}, {"origin": 1835328221, "destination": 1835328240, "distance": 100.775, "speed": 30}, {"origin": 1835328221, "destination": 1835328225, "distance": 58.679, "speed": 30}, {"origin": 1835328225, "destination": 1835328248, "distance": 124.90899999999999, "speed": 30}, {"origin": 1835328229, "destination": 11585231481, "distance": 129.355, "speed": 30}, {"origin": 1835328230, "destination": 1835328243, "distance": 106.7, "speed": 30}, {"origin": 1835328230, "destination": 430171573, "distance": 78.72600000000001, "speed": 30}, {"origin": 1835328231, "destination": 1835328218, "distance": 136.16699999999997, "speed": 30}, {"origin": 1835328231, "destination": 1532986176, "distance": 106.54599999999999, "speed": 30}, {"origin": 1835328234, "destination": 1835328221, "distance": 24.065, "speed": 30}, {"origin": 1835328240, "destination": 1529477228, "distance": 38.799, "speed": 30}, {"origin": 1835328240, "destination": 1835328225, "distance": 109.375, "speed": 30}, {"origin": 1835328243, "destination": 1123928162, "distance": 25.48, "speed": 30}, {"origin": 1835328244, "destination": 1123928168, "distance": 59.8, "speed": 30}, {"origin": 1835328244, "destination": 430171573, "distance": 90.995, "speed": 30}, {"origin": 1835328248, "destination": 435465452, "distance": 61.18, "speed": 30}, {"origin": 1835328249, "destination": 40120091, "distance": 8.391, "speed": 30}, {"origin": 1835328249, "destination": 2101156997, "distance": 28.215999999999998, "speed": 30}, {"origin": 1835700525, "destination": 1676572142, "distance": 71.663, "speed": 30}, {"origin": 1835700525, "destination": 1736120063, "distance": 94.637, "speed": 30}, {"origin": 1836701402, "destination": 1327192093, "distance": 8.457, "speed": 30}, {"origin": 1836701424, "destination": 435465452, "distance": 52.072, "speed": 30}, {"origin": 1836701424, "destination": 1529477165, "distance": 131.30599999999998, "speed": 30}, {"origin": 1836701435, "destination": 1835328234, "distance": 28.150000000000002, "speed": 30}, {"origin": 1836701435, "destination": 1531182940, "distance": 43.646, "speed": 30}, {"origin": 1836701441, "destination": 1836701402, "distance": 10.587, "speed": 30}, {"origin": 1836701441, "destination": 1327192093, "distance": 11.189, "speed": 30}, {"origin": 1845661255, "destination": 1291477901, "distance": 130.377, "speed": 30}, {"origin": 1845661273, "destination": 1788243286, "distance": 59.911, "speed": 30}, {"origin": 1845661273, "destination": 1845661255, "distance": 26.317999999999998, "speed": 30}, {"origin": 1845661304, "destination": 1845661251, "distance": 25.320999999999998, "speed": 20}, {"origin": 1863947927, "destination": 1529724482, "distance": 153.214, "speed": 30}, {"origin": 1863956338, "destination": 1529476429, "distance": 17.739, "speed": 20}, {"origin": 1863956338, "destination": 1586581870, "distance": 30.497999999999998, "speed": 30}, {"origin": 1863956338, "destination": 1539110698, "distance": 82.512, "speed": 30}, {"origin": 1992385815, "destination": 1312244776, "distance": 7.136999999999999, "speed": 30}, {"origin": 1992385820, "destination": 1531612329, "distance": 14.969000000000001, "speed": 30}, {"origin": 1992385820, "destination": 1312244748, "distance": 14.106000000000002, "speed": 30}, {"origin": 1994438273, "destination": 1529724413, "distance": 32.327999999999996, "speed": 30}, {"origin": 1994438273, "destination": 1529724407, "distance": 60.083, "speed": 30}, {"origin": 1994438276, "destination": 1530815570, "distance": 62.524, "speed": 30}, {"origin": 1994438276, "destination": 1994438279, "distance": 29.443, "speed": 30}, {"origin": 1994438276, "destination": 1530815170, "distance": 53.027, "speed": 30}, {"origin": 1994438279, "destination": 1529476205, "distance": 26.857, "speed": 30}, {"origin": 1994438279, "destination": 1994438276, "distance": 29.443, "speed": 30}, {"origin": 1994438279, "destination": 1736095127, "distance": 91.133, "speed": 30}, {"origin": 1997280418, "destination": 1312091282, "distance": 15.392, "speed": 30}, {"origin": 2101156997, "destination": 11355758681, "distance": 14.269, "speed": 30}, {"origin": 2101156997, "destination": 265487258, "distance": 30.662, "speed": 30}, {"origin": 2561949370, "destination": 1529476205, "distance": 28.817, "speed": 30}, {"origin": 2706919032, "destination": 1531646284, "distance": 58.97, "speed": 30}, {"origin": 2706919032, "destination": 1845661304, "distance": 109.85, "speed": 30}, {"origin": 2792046675, "destination": 1994438273, "distance": 31.932, "speed": 30}, {"origin": 2819141629, "destination": 1578533147, "distance": 10.322, "speed": 30}, {"origin": 2819141629, "destination": 1578533146, "distance": 21.107999999999997, "speed": 30}, {"origin": 2896740692, "destination": 1529476161, "distance": 2.118, "speed": 30}, {"origin": 2896740692, "destination": 1529476177, "distance": 48.157, "speed": 20}, {"origin": 2896740692, "destination": 1578533147, "distance": 40.266, "speed": 30}, {"origin": 2896740694, "destination": 1578533146, "distance": 19.373, "speed": 30}, {"origin": 2896740694, "destination": 2819141629, "distance": 14.341, "speed": 30}, {"origin": 2910844669, "destination": 1676572182, "distance": 39.69799999999999, "speed": 30}, {"origin": 2910844669, "destination": 2910844683, "distance": 39.198, "speed": 30}, {"origin": 2910844683, "destination": 2910844669, "distance": 39.198, "speed": 30}, {"origin": 2910844683, "destination": 1530815557, "distance": 113.669, "speed": 30}, {"origin": 3990003524, "destination": 1264303757, "distance": 119.58099999999999, "speed": 30}, {"origin": 3990003524, "destination": 1530815557, "distance": 186.25000000000003, "speed": 30}, {"origin": 4404600176, "destination": 1264303755, "distance": 11.118, "speed": 30}, {"origin": 4404600176, "destination": 4404600177, "distance": 11.196, "speed": 30}, {"origin": 4404600177, "destination": 430305114, "distance": 45.593999999999994, "speed": 30}, {"origin": 4404600179, "destination": 40120091, "distance": 2.948, "speed": 30}, {"origin": 4404600179, "destination": 1529477173, "distance": 78.808, "speed": 30}, {"origin": 4404600180, "destination": 4404600179, "distance": 5.777, "speed": 30}, {"origin": 4522342872, "destination": 430305116, "distance": 1.139, "speed": 30}, {"origin": 4575714124, "destination": 4575714125, "distance": 9.145, "speed": 30}, {"origin": 4575714124, "destination": 320314951, "distance": 64.876, "speed": 30}, {"origin": 4575714125, "destination": 1531612082, "distance": 27.625999999999998, "speed": 30}, {"origin": 7090355778, "destination": 2910844683, "distance": 107.6, "speed": 30}, {"origin": 11355673014, "destination": 2101156997, "distance": 13.238, "speed": 30}, {"origin": 11355758681, "destination": 1531612218, "distance": 19.294, "speed": 30}, {"origin": 11355758681, "destination": 11355673014, "distance": 11.123, "speed": 30}, {"origin": 11585231481, "destination": 1530143773, "distance": 191.416, "speed": 30}]}