{"address": "Plaza Santa Teresa de Jes\u00fas Jornet, Albacete", "distance": 500, "initial": 957161512, "final": 1845661304, "intersections": [{"identifier": 344495530, "longitude": -1.8499485, "latitude": 38.9839544}, {"identifier": 344495531, "longitude": -1.8514342, "latitude": 38.9837518}, {"identifier": 344495532, "longitude": -1.8517501, "latitude": 38.9837084}, {"identifier": 344736237, "longitude": -1.8567481, "latitude": 38.9829978}, {"identifier": 359991667, "longitude": -1.8475777, "latitude": 38.9842758}, {"identifier": 359991668, "longitude": -1.8476761, "latitude": 38.9843648}, {"identifier": 359991672, "longitude": -1.8480295, "latitude": 38.9842069}, {"identifier": 359991673, "longitude": -1.8479982, "latitude": 38.9841132}, {"identifier": 359991674, "longitude": -1.8479018, "latitude": 38.9840414}, {"identifier": 359992331, "longitude": -1.8475591, "latitude": 38.9841763}, {"identifier": 430164743, "longitude": -1.8473794, "latitude": 38.9884488}, {"identifier": 442882008, "longitude": -1.8534845, "latitude": 38.9831464}, {"identifier": 442882013, "longitude": -1.8535724, "latitude": 38.9835953}, {"identifier": 442882015, "longitude": -1.8538173, "latitude": 38.9835789}, {"identifier": 442882019, "longitude": -1.853885, "latitude": 38.9831887}, {"identifier": 442882994, "longitude": -1.8533646, "latitude": 38.9833754}, {"identifier": 442882995, "longitude": -1.8533988, "latitude": 38.9834806}, {"identifier": 442882996, "longitude": -1.8539658, "latitude": 38.9833923}, {"identifier": 442882997, "longitude": -1.8539418, "latitude": 38.9832669}, {"identifier": 442896947, "longitude": -1.8540256, "latitude": 38.9868874}, {"identifier": 442896949, "longitude": -1.8498629, "latitude": 38.9885918}, {"identifier": 442897015, "longitude": -1.8541261, "latitude": 38.9866257}, {"identifier": 442897023, "longitude": -1.8542994, "latitude": 38.9866245}, {"identifier": 442898018, "longitude": -1.8478299, "latitude": 38.9845649}, {"identifier": 442909903, "longitude": -1.8541878, "latitude": 38.9869795}, {"identifier": 499274643, "longitude": -1.854444, "latitude": 38.9867201}, {"identifier": 499274652, "longitude": -1.8558712, "latitude": 38.9860613}, {"identifier": 539420443, "longitude": -1.8546975, "latitude": 38.9820721}, {"identifier": 539420445, "longitude": -1.8545015, "latitude": 38.9820159}, {"identifier": 539420447, "longitude": -1.8546674, "latitude": 38.9819293}, {"identifier": 539424015, "longitude": -1.8562782, "latitude": 38.9813729}, {"identifier": 539833070, "longitude": -1.8561283, "latitude": 38.9805878}, {"identifier": 957150995, "longitude": -1.8548534, "latitude": 38.9856764}, {"identifier": 957151014, "longitude": -1.8557567, "latitude": 38.9855546}, {"identifier": 957161512, "longitude": -1.8530992, "latitude": 38.9852637}, {"identifier": 957166323, "longitude": -1.8526836, "latitude": 38.9835781}, {"identifier": 958251097, "longitude": -1.855249, "latitude": 38.9883646}, {"identifier": 1264317316, "longitude": -1.8459954, "latitude": 38.9862308}, {"identifier": 1264317318, "longitude": -1.8481565, "latitude": 38.9859258}, {"identifier": 1266037405, "longitude": -1.8539349, "latitude": 38.9846888}, {"identifier": 1266037411, "longitude": -1.8537972, "latitude": 38.984706}, {"identifier": 1266037412, "longitude": -1.8551914, "latitude": 38.9832035}, {"identifier": 1266037414, "longitude": -1.8550036, "latitude": 38.9864467}, {"identifier": 1266037418, "longitude": -1.8553341, "latitude": 38.9838203}, {"identifier": 1266037419, "longitude": -1.854634, "latitude": 38.9845965}, {"identifier": 1266037421, "longitude": -1.8555187, "latitude": 38.9845377}, {"identifier": 1291477887, "longitude": -1.8510755, "latitude": 38.9880589}, {"identifier": 1291477901, "longitude": -1.8486983, "latitude": 38.9883978}, {"identifier": 1396800403, "longitude": -1.8470674, "latitude": 38.9815638}, {"identifier": 1396800419, "longitude": -1.8468714, "latitude": 38.979838}, {"identifier": 1396800422, "longitude": -1.8476261, "latitude": 38.9840742}, {"identifier": 1396800432, "longitude": -1.8472094, "latitude": 38.9815206}, {"identifier": 1396800442, "longitude": -1.8479024, "latitude": 38.9843678}, {"identifier": 1396800494, "longitude": -1.8476928, "latitude": 38.9837627}, {"identifier": 1526193067, "longitude": -1.8500602, "latitude": 38.9845064}, {"identifier": 1526193113, "longitude": -1.8528627, "latitude": 38.9843108}, {"identifier": 1526193121, "longitude": -1.8480198, "latitude": 38.9853561}, {"identifier": 1526705349, "longitude": -1.8478932, "latitude": 38.9880877}, {"identifier": 1526705351, "longitude": -1.8525465, "latitude": 38.9873606}, {"identifier": 1526728304, "longitude": -1.8567272, "latitude": 38.9843657}, {"identifier": 1526728308, "longitude": -1.8561998, "latitude": 38.9849544}, {"identifier": 1526728327, "longitude": -1.8525172, "latitude": 38.9873341}, {"identifier": 1526728339, "longitude": -1.8484561, "latitude": 38.987331}, {"identifier": 1526728359, "longitude": -1.8506244, "latitude": 38.9870711}, {"identifier": 1526728361, "longitude": -1.8559256, "latitude": 38.9837355}, {"identifier": 1526728367, "longitude": -1.8568717, "latitude": 38.9836194}, {"identifier": 1526728376, "longitude": -1.8569202, "latitude": 38.9853306}, {"identifier": 1526728377, "longitude": -1.8568231, "latitude": 38.984862}, {"identifier": 1526728391, "longitude": -1.8545007, "latitude": 38.9839405}, {"identifier": 1526728400, "longitude": -1.8560956, "latitude": 38.984459}, {"identifier": 1526728410, "longitude": -1.8570301, "latitude": 38.9843327}, {"identifier": 1529202076, "longitude": -1.8543736, "latitude": 38.9833155}, {"identifier": 1529475376, "longitude": -1.8554614, "latitude": 38.9814896}, {"identifier": 1529475378, "longitude": -1.855172, "latitude": 38.9803519}, {"identifier": 1529475399, "longitude": -1.854404, "latitude": 38.9800871}, {"identifier": 1529475445, "longitude": -1.8523678, "latitude": 38.9822618}, {"identifier": 1529475524, "longitude": -1.8498564, "latitude": 38.9835342}, {"identifier": 1529475526, "longitude": -1.8497037, "latitude": 38.9827999}, {"identifier": 1529475539, "longitude": -1.8494153, "latitude": 38.9811955}, {"identifier": 1529475545, "longitude": -1.8487456, "latitude": 38.981802}, {"identifier": 1529475551, "longitude": -1.8484175, "latitude": 38.9813392}, {"identifier": 1529475625, "longitude": -1.8478913, "latitude": 38.9835835}, {"identifier": 1529475649, "longitude": -1.8492987, "latitude": 38.9832129}, {"identifier": 1529475658, "longitude": -1.8486476, "latitude": 38.9833755}, {"identifier": 1529475662, "longitude": -1.8489576, "latitude": 38.983073}, {"identifier": 1529475674, "longitude": -1.8485261, "latitude": 38.9818645}, {"identifier": 1529475690, "longitude": -1.8485128, "latitude": 38.9818878}, {"identifier": 1529475691, "longitude": -1.8485888, "latitude": 38.9821885}, {"identifier": 1529623269, "longitude": -1.8556324, "latitude": 38.985009}, {"identifier": 1529669446, "longitude": -1.8498155, "latitude": 38.9833057}, {"identifier": 1529669447, "longitude": -1.8550767, "latitude": 38.9799901}, {"identifier": 1529669454, "longitude": -1.8543067, "latitude": 38.9797257}, {"identifier": 1529669475, "longitude": -1.8524835, "latitude": 38.9827313}, {"identifier": 1529776725, "longitude": -1.8539945, "latitude": 38.9858046}, {"identifier": 1530143868, "longitude": -1.8485051, "latitude": 38.9875766}, {"identifier": 1530913371, "longitude": -1.8519021, "latitude": 38.9844376}, {"identifier": 1530913387, "longitude": -1.8491927, "latitude": 38.9824984}, {"identifier": 1530913398, "longitude": -1.8474476, "latitude": 38.9826065}, {"identifier": 1530913405, "longitude": -1.8496259, "latitude": 38.9822703}, {"identifier": 1530913407, "longitude": -1.8556795, "latitude": 38.9822995}, {"identifier": 1531101604, "longitude": -1.850179, "latitude": 38.9850496}, {"identifier": 1531646277, "longitude": -1.8523921, "latitude": 38.9868316}, {"identifier": 1531646284, "longitude": -1.8508601, "latitude": 38.9881052}, {"identifier": 1533690166, "longitude": -1.8496706, "latitude": 38.9825753}, {"identifier": 1533690171, "longitude": -1.8494634, "latitude": 38.9845898}, {"identifier": 1533690176, "longitude": -1.8486209, "latitude": 38.9813055}, {"identifier": 1533690197, "longitude": -1.8499847, "latitude": 38.9838413}, {"identifier": 1533690223, "longitude": -1.8488402, "latitude": 38.982546}, {"identifier": 1533690229, "longitude": -1.8478898, "latitude": 38.9848146}, {"identifier": 1533690233, "longitude": -1.8482237, "latitude": 38.9826329}, {"identifier": 1533690262, "longitude": -1.8482931, "latitude": 38.9829395}, {"identifier": 1533690307, "longitude": -1.8493301, "latitude": 38.9840348}, {"identifier": 1533690334, "longitude": -1.8476052, "latitude": 38.9818403}, {"identifier": 1558314548, "longitude": -1.8530048, "latitude": 38.984826}, {"identifier": 1560166289, "longitude": -1.8520877, "latitude": 38.9854227}, {"identifier": 1566996084, "longitude": -1.8500824, "latitude": 38.9884954}, {"identifier": 1567062087, "longitude": -1.8539915, "latitude": 38.9861781}, {"identifier": 1567062089, "longitude": -1.8533479, "latitude": 38.9862659}, {"identifier": 1626551557, "longitude": -1.8541464, "latitude": 38.9859217}, {"identifier": 1736120061, "longitude": -1.8473795, "latitude": 38.9875851}, {"identifier": 1736120063, "longitude": -1.8467647, "latitude": 38.988057}, {"identifier": 1736125752, "longitude": -1.8485779, "latitude": 38.9878862}, {"identifier": 1736125755, "longitude": -1.8515864, "latitude": 38.9844755}, {"identifier": 1736125766, "longitude": -1.8501007, "latitude": 38.9846776}, {"identifier": 1788243286, "longitude": -1.8508376, "latitude": 38.9881635}, {"identifier": 1798132282, "longitude": -1.8498234, "latitude": 38.9824593}, {"identifier": 1835328213, "longitude": -1.8535155, "latitude": 38.9870442}, {"identifier": 1835328231, "longitude": -1.8528528, "latitude": 38.9881304}, {"identifier": 1835328235, "longitude": -1.8537324, "latitude": 38.9882362}, {"identifier": 1835353368, "longitude": -1.853541, "latitude": 38.9821183}, {"identifier": 1835700516, "longitude": -1.850465, "latitude": 38.9862915}, {"identifier": 1835700519, "longitude": -1.846603, "latitude": 38.9868253}, {"identifier": 1835700525, "longitude": -1.845917, "latitude": 38.9875183}, {"identifier": 1835700530, "longitude": -1.8532647, "latitude": 38.9859046}, {"identifier": 1835700539, "longitude": -1.8522386, "latitude": 38.9860492}, {"identifier": 1835700541, "longitude": -1.8483118, "latitude": 38.9866114}, {"identifier": 1835712027, "longitude": -1.8533768, "latitude": 38.9822149}, {"identifier": 1835712028, "longitude": -1.8497871, "latitude": 38.9823301}, {"identifier": 1835712029, "longitude": -1.8533527, "latitude": 38.9821072}, {"identifier": 1835712031, "longitude": -1.852285, "latitude": 38.9821682}, {"identifier": 1835712038, "longitude": -1.849438, "latitude": 38.9824622}, {"identifier": 1835712044, "longitude": -1.8534435, "latitude": 38.9826066}, {"identifier": 1845661251, "longitude": -1.8520169, "latitude": 38.9876078}, {"identifier": 1845661255, "longitude": -1.8501884, "latitude": 38.9882153}, {"identifier": 1845661273, "longitude": -1.8502342, "latitude": 38.9884287}, {"identifier": 1845661304, "longitude": -1.8519919, "latitude": 38.9874077}, {"identifier": 1897720516, "longitude": -1.8541275, "latitude": 38.9857867}, {"identifier": 2028804152, "longitude": -1.8533182, "latitude": 38.9808637}, {"identifier": 2028804164, "longitude": -1.8529737, "latitude": 38.9797706}, {"identifier": 2028804167, "longitude": -1.8531459, "latitude": 38.9797541}, {"identifier": 2028804172, "longitude": -1.8531526, "latitude": 38.9808827}, {"identifier": 2537613526, "longitude": -1.8536619, "latitude": 38.9828417}, {"identifier": 2537613528, "longitude": -1.8534836, "latitude": 38.9828607}, {"identifier": 2706919029, "longitude": -1.8503196, "latitude": 38.9856601}, {"identifier": 2706919032, "longitude": -1.8507411, "latitude": 38.987583}, {"identifier": 2837225208, "longitude": -1.8478839, "latitude": 38.9822536}, {"identifier": 2837225289, "longitude": -1.847841, "latitude": 38.982024}, {"identifier": 2855727902, "longitude": -1.8547579, "latitude": 38.9886047}, {"identifier": 4576814617, "longitude": -1.8557989, "latitude": 38.9831251}, {"identifier": 6122163730, "longitude": -1.8543811, "latitude": 38.9869379}, {"identifier": 6122163731, "longitude": -1.8544408, "latitude": 38.9872424}, {"identifier": 10819919391, "longitude": -1.8493454, "latitude": 38.9834194}], "segments": [{"origin": 344495530, "destination": 344495531, "distance": 130.377, "speed": 40}, {"origin": 344495530, "destination": 1526193067, "distance": 62.135000000000005, "speed": 30}, {"origin": 344495531, "destination": 344495532, "distance": 27.728, "speed": 40}, {"origin": 344495531, "destination": 1736125755, "distance": 81.54, "speed": 30}, {"origin": 344495532, "destination": 957166323, "distance": 81.977, "speed": 40}, {"origin": 344736237, "destination": 1526728367, "distance": 69.94000000000001, "speed": 30}, {"origin": 359991667, "destination": 359991668, "distance": 13.262, "speed": 30}, {"origin": 359991667, "destination": 359991672, "distance": 39.795, "speed": 30}, {"origin": 359991668, "destination": 442898018, "distance": 25.927, "speed": 30}, {"origin": 359991668, "destination": 1396800442, "distance": 20.345, "speed": 30}, {"origin": 359991672, "destination": 359991673, "distance": 10.764, "speed": 30}, {"origin": 359991672, "destination": 1533690307, "distance": 114.038, "speed": 40}, {"origin": 359991673, "destination": 359991674, "distance": 11.54, "speed": 30}, {"origin": 359991673, "destination": 359992331, "distance": 38.597, "speed": 30}, {"origin": 359991674, "destination": 1396800494, "distance": 35.893, "speed": 40}, {"origin": 359991674, "destination": 1396800422, "distance": 25.671000000000003, "speed": 30}, {"origin": 359992331, "destination": 359991667, "distance": 11.18, "speed": 30}, {"origin": 430164743, "destination": 1736120063, "distance": 68.706, "speed": 30}, {"origin": 442882008, "destination": 442882994, "distance": 28.676000000000002, "speed": 30}, {"origin": 442882013, "destination": 1266037411, "distance": 125.413, "speed": 30}, {"origin": 442882013, "destination": 442882015, "distance": 21.936999999999998, "speed": 30}, {"origin": 442882015, "destination": 442882996, "distance": 24.726, "speed": 30}, {"origin": 442882019, "destination": 2537613526, "distance": 45.066, "speed": 30}, {"origin": 442882019, "destination": 442882008, "distance": 38.104, "speed": 30}, {"origin": 442882994, "destination": 442882995, "distance": 12.065, "speed": 30}, {"origin": 442882994, "destination": 1533690197, "distance": 296.698, "speed": 40}, {"origin": 442882995, "destination": 442882996, "distance": 49.983, "speed": 30}, {"origin": 442882995, "destination": 442882013, "distance": 19.783, "speed": 30}, {"origin": 442882996, "destination": 442882997, "distance": 14.097, "speed": 30}, {"origin": 442882996, "destination": 1529202076, "distance": 36.485, "speed": 40}, {"origin": 442882997, "destination": 442882019, "distance": 9.986, "speed": 30}, {"origin": 442882997, "destination": 442882994, "distance": 51.328, "speed": 30}, {"origin": 442896947, "destination": 442909903, "distance": 17.858, "speed": 30}, {"origin": 442896949, "destination": 1566996084, "distance": 21.79, "speed": 30}, {"origin": 442897015, "destination": 442896947, "distance": 33.202, "speed": 30}, {"origin": 442897023, "destination": 1626551557, "distance": 80.233, "speed": 30}, {"origin": 442897023, "destination": 442897015, "distance": 15.081, "speed": 30}, {"origin": 442898018, "destination": 1396800442, "distance": 22.795, "speed": 30}, {"origin": 442898018, "destination": 1533690229, "distance": 28.243000000000002, "speed": 30}, {"origin": 442909903, "destination": 6122163731, "distance": 36.561, "speed": 30}, {"origin": 442909903, "destination": 6122163730, "distance": 17.956, "speed": 30}, {"origin": 499274643, "destination": 1266037414, "distance": 57.128, "speed": 30}, {"origin": 499274643, "destination": 442897023, "distance": 16.753999999999998, "speed": 30}, {"origin": 499274652, "destination": 1266037414, "distance": 86.37, "speed": 30}, {"origin": 499274652, "destination": 957151014, "distance": 57.205, "speed": 30}, {"origin": 539420443, "destination": 1530913407, "distance": 99.16300000000001, "speed": 30}, {"origin": 539420445, "destination": 1835353368, "distance": 83.80399999999999, "speed": 30}, {"origin": 539420445, "destination": 539420443, "distance": 18.059, "speed": 30}, {"origin": 539420447, "destination": 539420443, "distance": 16.096, "speed": 30}, {"origin": 539420447, "destination": 539420445, "distance": 17.273, "speed": 30}, {"origin": 539424015, "destination": 1529475376, "distance": 71.785, "speed": 30}, {"origin": 539424015, "destination": 539833070, "distance": 88.262, "speed": 30}, {"origin": 539833070, "destination": 539424015, "distance": 88.262, "speed": 30}, {"origin": 957150995, "destination": 1266037414, "distance": 86.637, "speed": 30}, {"origin": 957150995, "destination": 957151014, "distance": 79.241, "speed": 30}, {"origin": 957151014, "destination": 1529623269, "distance": 61.612, "speed": 30}, {"origin": 957151014, "destination": 1526728308, "distance": 103.94000000000001, "speed": 30}, {"origin": 957161512, "destination": 1558314548, "distance": 49.349000000000004, "speed": 30}, {"origin": 957166323, "destination": 442882995, "distance": 62.76199999999999, "speed": 40}, {"origin": 958251097, "destination": 2855727902, "distance": 50.144, "speed": 30}, {"origin": 958251097, "destination": 6122163731, "distance": 143.004, "speed": 30}, {"origin": 1264317316, "destination": 1835700519, "distance": 84.42699999999999, "speed": 30}, {"origin": 1264317318, "destination": 1526193121, "distance": 64.44, "speed": 30}, {"origin": 1264317318, "destination": 2706919029, "distance": 190.026, "speed": 30}, {"origin": 1264317318, "destination": 1835700541, "distance": 77.40700000000001, "speed": 30}, {"origin": 1264317318, "destination": 1264317316, "distance": 189.84199999999998, "speed": 30}, {"origin": 1266037405, "destination": 442882015, "distance": 124.576, "speed": 30}, {"origin": 1266037405, "destination": 1266037419, "distance": 61.295, "speed": 30}, {"origin": 1266037411, "destination": 1529776725, "distance": 123.34299999999999, "speed": 30}, {"origin": 1266037412, "destination": 4576814617, "distance": 53.228, "speed": 40}, {"origin": 1266037414, "destination": 499274652, "distance": 86.37, "speed": 30}, {"origin": 1266037414, "destination": 499274643, "distance": 57.128, "speed": 30}, {"origin": 1266037418, "destination": 1526728391, "distance": 73.264, "speed": 30}, {"origin": 1266037418, "destination": 1266037412, "distance": 69.685, "speed": 30}, {"origin": 1266037419, "destination": 957150995, "distance": 121.568, "speed": 30}, {"origin": 1266037421, "destination": 1266037418, "distance": 81.35300000000001, "speed": 30}, {"origin": 1291477887, "destination": 1531646284, "distance": 19.314999999999998, "speed": 30}, {"origin": 1291477887, "destination": 1845661251, "distance": 95.584, "speed": 30}, {"origin": 1291477901, "destination": 1736125752, "distance": 57.831, "speed": 30}, {"origin": 1396800403, "destination": 1396800422, "distance": 284.37899999999996, "speed": 40}, {"origin": 1396800422, "destination": 359992331, "distance": 12.921, "speed": 30}, {"origin": 1396800432, "destination": 1396800419, "distance": 189.364, "speed": 30}, {"origin": 1396800432, "destination": 1529475551, "distance": 106.35499999999999, "speed": 30}, {"origin": 1396800442, "destination": 359991672, "distance": 21.98, "speed": 30}, {"origin": 1396800494, "destination": 1530913398, "distance": 130.30100000000002, "speed": 30}, {"origin": 1526193067, "destination": 1736125766, "distance": 19.356, "speed": 30}, {"origin": 1526193067, "destination": 344495530, "distance": 62.135000000000005, "speed": 30}, {"origin": 1526193113, "destination": 957166323, "distance": 82.92999999999999, "speed": 30}, {"origin": 1526193113, "destination": 1530913371, "distance": 84.217, "speed": 30}, {"origin": 1526193121, "destination": 1264317318, "distance": 64.44, "speed": 30}, {"origin": 1526193121, "destination": 1533690229, "distance": 61.25299999999999, "speed": 30}, {"origin": 1526705349, "destination": 430164743, "distance": 59.869, "speed": 30}, {"origin": 1526705351, "destination": 1835328231, "distance": 89.598, "speed": 30}, {"origin": 1526705351, "destination": 1835328213, "distance": 90.857, "speed": 30}, {"origin": 1526728304, "destination": 1526728377, "distance": 55.805, "speed": 30}, {"origin": 1526728304, "destination": 1526728400, "distance": 55.568, "speed": 30}, {"origin": 1526728308, "destination": 1526728400, "distance": 55.818, "speed": 30}, {"origin": 1526728308, "destination": 1526728377, "distance": 54.845000000000006, "speed": 30}, {"origin": 1526728327, "destination": 1526705351, "distance": 3.885, "speed": 30}, {"origin": 1526728339, "destination": 1530143868, "distance": 27.636, "speed": 30}, {"origin": 1526728339, "destination": 1835700541, "distance": 80.983, "speed": 30}, {"origin": 1526728359, "destination": 1835700516, "distance": 87.777, "speed": 30}, {"origin": 1526728359, "destination": 2706919032, "distance": 57.807, "speed": 30}, {"origin": 1526728359, "destination": 1526728339, "distance": 190.11599999999999, "speed": 30}, {"origin": 1526728361, "destination": 1266037418, "distance": 51.988, "speed": 30}, {"origin": 1526728361, "destination": 4576814617, "distance": 68.75099999999999, "speed": 30}, {"origin": 1526728367, "destination": 1526728361, "distance": 82.78899999999999, "speed": 30}, {"origin": 1526728367, "destination": 1526728410, "distance": 80.489, "speed": 30}, {"origin": 1526728376, "destination": 1526728377, "distance": 52.778, "speed": 30}, {"origin": 1526728377, "destination": 1526728304, "distance": 55.805, "speed": 30}, {"origin": 1526728377, "destination": 1526728376, "distance": 52.778, "speed": 30}, {"origin": 1526728391, "destination": 1266037419, "distance": 73.84800000000001, "speed": 30}, {"origin": 1526728400, "destination": 1526728361, "distance": 81.78, "speed": 30}, {"origin": 1526728400, "destination": 1266037421, "distance": 50.626, "speed": 30}, {"origin": 1526728410, "destination": 1526728304, "distance": 26.437, "speed": 30}, {"origin": 1529202076, "destination": 1266037412, "distance": 71.775, "speed": 40}, {"origin": 1529202076, "destination": 1526728391, "distance": 70.36, "speed": 30}, {"origin": 1529475376, "destination": 1529475378, "distance": 128.95499999999998, "speed": 30}, {"origin": 1529475376, "destination": 539420447, "distance": 91.45700000000001, "speed": 30}, {"origin": 1529475378, "destination": 1529669447, "distance": 41.065, "speed": 30}, {"origin": 1529475378, "destination": 1529475376, "distance": 128.955, "speed": 30}, {"origin": 1529475399, "destination": 1529669447, "distance": 59.14, "speed": 30}, {"origin": 1529475399, "destination": 1529475378, "distance": 98.14099999999999, "speed": 30}, {"origin": 1529475445, "destination": 1835712031, "distance": 12.631, "speed": 30}, {"origin": 1529475445, "destination": 1529669475, "distance": 53.156, "speed": 30}, {"origin": 1529475445, "destination": 1835712027, "distance": 87.37, "speed": 30}, {"origin": 1529475524, "destination": 1529669446, "distance": 25.653, "speed": 30}, {"origin": 1529475524, "destination": 1533690197, "distance": 35.93, "speed": 30}, {"origin": 1529475524, "destination": 1529475625, "distance": 223.04399999999998, "speed": 20}, {"origin": 1529475526, "destination": 1533690166, "distance": 25.138, "speed": 30}, {"origin": 1529475526, "destination": 1529669446, "distance": 57.066, "speed": 30}, {"origin": 1529475526, "destination": 1529475649, "distance": 78.014, "speed": 20}, {"origin": 1529475539, "destination": 1530913405, "distance": 120.89000000000001, "speed": 30}, {"origin": 1529475539, "destination": 1533690176, "distance": 69.746, "speed": 30}, {"origin": 1529475545, "destination": 1533690176, "distance": 56.25, "speed": 30}, {"origin": 1529475545, "destination": 1530913387, "distance": 86.544, "speed": 30}, {"origin": 1529475545, "destination": 1529475674, "distance": 20.903, "speed": 20}, {"origin": 1529475551, "destination": 1533690176, "distance": 17.976, "speed": 30}, {"origin": 1529475551, "destination": 1529475674, "distance": 59.16, "speed": 20}, {"origin": 1529475551, "destination": 1396800432, "distance": 106.35499999999999, "speed": 30}, {"origin": 1529475625, "destination": 1529475524, "distance": 223.04399999999998, "speed": 20}, {"origin": 1529475649, "destination": 10819919391, "distance": 23.314, "speed": 30}, {"origin": 1529475649, "destination": 1529475658, "distance": 61.215999999999994, "speed": 20}, {"origin": 1529475649, "destination": 1529475526, "distance": 78.01400000000001, "speed": 20}, {"origin": 1529475658, "destination": 1529475649, "distance": 61.215999999999994, "speed": 20}, {"origin": 1529475662, "destination": 1533690223, "distance": 59.473, "speed": 20}, {"origin": 1529475674, "destination": 1529475551, "distance": 59.16, "speed": 20}, {"origin": 1529475674, "destination": 1529475690, "distance": 2.834, "speed": 20}, {"origin": 1529475674, "destination": 1529475545, "distance": 20.903000000000002, "speed": 20}, {"origin": 1529475690, "destination": 1529475691, "distance": 34.076, "speed": 20}, {"origin": 1529475690, "destination": 1529475674, "distance": 2.834, "speed": 20}, {"origin": 1529475690, "destination": 2837225289, "distance": 62.606, "speed": 20}, {"origin": 1529475691, "destination": 1529475690, "distance": 34.076, "speed": 20}, {"origin": 1529623269, "destination": 1266037421, "distance": 53.323, "speed": 30}, {"origin": 1529623269, "destination": 1526728308, "distance": 49.74099999999999, "speed": 30}, {"origin": 1529669446, "destination": 1529475526, "distance": 57.066, "speed": 30}, {"origin": 1529669446, "destination": 1529475524, "distance": 25.653, "speed": 30}, {"origin": 1529669446, "destination": 1529669475, "distance": 257.59499999999997, "speed": 30}, {"origin": 1529669447, "destination": 1529475378, "distance": 41.065, "speed": 30}, {"origin": 1529669454, "destination": 1529475399, "distance": 41.057, "speed": 30}, {"origin": 1529669475, "destination": 1529475445, "distance": 53.156, "speed": 30}, {"origin": 1529669475, "destination": 1835712044, "distance": 84.155, "speed": 30}, {"origin": 1529669475, "destination": 1529669446, "distance": 257.595, "speed": 30}, {"origin": 1529776725, "destination": 442897015, "distance": 92.01599999999999, "speed": 30}, {"origin": 1529776725, "destination": 1835700530, "distance": 64.054, "speed": 30}, {"origin": 1530143868, "destination": 1736125752, "distance": 34.996, "speed": 30}, {"origin": 1530143868, "destination": 1526728339, "distance": 27.636, "speed": 30}, {"origin": 1530143868, "destination": 1526705349, "distance": 77.7, "speed": 30}, {"origin": 1530913371, "destination": 1526193113, "distance": 84.217, "speed": 30}, {"origin": 1530913371, "destination": 1736125755, "distance": 27.611000000000004, "speed": 30}, {"origin": 1530913371, "destination": 344495532, "distance": 82.14099999999999, "speed": 30}, {"origin": 1530913387, "destination": 1529475545, "distance": 86.544, "speed": 30}, {"origin": 1530913387, "destination": 1835712038, "distance": 21.581000000000003, "speed": 30}, {"origin": 1530913398, "destination": 1396800432, "distance": 122.49, "speed": 30}, {"origin": 1530913398, "destination": 1533690233, "distance": 69.812, "speed": 30}, {"origin": 1530913405, "destination": 1835712038, "distance": 30.684000000000005, "speed": 30}, {"origin": 1530913405, "destination": 1529475539, "distance": 120.89000000000001, "speed": 30}, {"origin": 1530913407, "destination": 1529475376, "distance": 92.009, "speed": 30}, {"origin": 1531101604, "destination": 2706919029, "distance": 68.964, "speed": 30}, {"origin": 1531101604, "destination": 1526193121, "distance": 189.714, "speed": 30}, {"origin": 1531101604, "destination": 1736125766, "distance": 41.913999999999994, "speed": 30}, {"origin": 1531646277, "destination": 1526728327, "distance": 56.912, "speed": 30}, {"origin": 1531646277, "destination": 1526728359, "distance": 155.08800000000002, "speed": 30}, {"origin": 1531646284, "destination": 2706919032, "distance": 58.97, "speed": 30}, {"origin": 1531646284, "destination": 1845661255, "distance": 59.427, "speed": 30}, {"origin": 1533690166, "destination": 1529475526, "distance": 25.138, "speed": 30}, {"origin": 1533690166, "destination": 1798132282, "distance": 19.43, "speed": 30}, {"origin": 1533690171, "destination": 1526193067, "distance": 52.411, "speed": 30}, {"origin": 1533690171, "destination": 1533690307, "distance": 62.78, "speed": 30}, {"origin": 1533690176, "destination": 1529475551, "distance": 17.976, "speed": 30}, {"origin": 1533690176, "destination": 1529475545, "distance": 56.25, "speed": 30}, {"origin": 1533690176, "destination": 1529475539, "distance": 69.746, "speed": 30}, {"origin": 1533690197, "destination": 359991673, "distance": 174.35199999999998, "speed": 40}, {"origin": 1533690197, "destination": 1529475524, "distance": 35.93, "speed": 30}, {"origin": 1533690223, "destination": 1529475662, "distance": 59.473, "speed": 20}, {"origin": 1533690223, "destination": 1530913387, "distance": 30.925, "speed": 30}, {"origin": 1533690229, "destination": 1526193121, "distance": 61.253, "speed": 30}, {"origin": 1533690229, "destination": 442898018, "distance": 28.243, "speed": 30}, {"origin": 1533690229, "destination": 1533690171, "distance": 138.29, "speed": 30}, {"origin": 1533690233, "destination": 1533690223, "distance": 54.157, "speed": 30}, {"origin": 1533690233, "destination": 1533690262, "distance": 34.616, "speed": 20}, {"origin": 1533690262, "destination": 1533690233, "distance": 34.616, "speed": 20}, {"origin": 1533690307, "destination": 344495530, "distance": 54.193999999999996, "speed": 40}, {"origin": 1533690334, "destination": 2837225289, "distance": 40.213, "speed": 20}, {"origin": 1558314548, "destination": 1526193113, "distance": 58.59, "speed": 30}, {"origin": 1558314548, "destination": 1266037411, "distance": 69.783, "speed": 30}, {"origin": 1560166289, "destination": 1835700539, "distance": 70.874, "speed": 30}, {"origin": 1560166289, "destination": 957161512, "distance": 89.196, "speed": 30}, {"origin": 1566996084, "destination": 1845661273, "distance": 15.071, "speed": 30}, {"origin": 1567062087, "destination": 1567062089, "distance": 56.477, "speed": 20}, {"origin": 1567062089, "destination": 1567062087, "distance": 56.477, "speed": 20}, {"origin": 1567062089, "destination": 1835700530, "distance": 40.849, "speed": 30}, {"origin": 1626551557, "destination": 1897720516, "distance": 15.1, "speed": 30}, {"origin": 1626551557, "destination": 1529776725, "distance": 20.685000000000002, "speed": 30}, {"origin": 1736120061, "destination": 1526705349, "distance": 71.376, "speed": 30}, {"origin": 1736120063, "destination": 1736120061, "distance": 75.08, "speed": 30}, {"origin": 1736120063, "destination": 1835700525, "distance": 94.637, "speed": 30}, {"origin": 1736120063, "destination": 430164743, "distance": 68.706, "speed": 30}, {"origin": 1736125752, "destination": 1291477901, "distance": 57.831, "speed": 30}, {"origin": 1736125752, "destination": 1530143868, "distance": 34.996, "speed": 30}, {"origin": 1736125752, "destination": 2706919032, "distance": 189.98000000000002, "speed": 30}, {"origin": 1736125755, "destination": 1736125766, "distance": 130.366, "speed": 30}, {"origin": 1736125755, "destination": 1530913371, "distance": 27.611000000000004, "speed": 30}, {"origin": 1736125766, "destination": 1736125755, "distance": 130.366, "speed": 30}, {"origin": 1736125766, "destination": 1526193067, "distance": 19.356, "speed": 30}, {"origin": 1736125766, "destination": 1531101604, "distance": 41.914, "speed": 30}, {"origin": 1788243286, "destination": 1291477887, "distance": 23.624, "speed": 30}, {"origin": 1798132282, "destination": 1835712028, "distance": 15.142, "speed": 30}, {"origin": 1798132282, "destination": 1529475445, "distance": 221.26800000000003, "speed": 30}, {"origin": 1835328213, "destination": 442896947, "distance": 47.439, "speed": 30}, {"origin": 1835328213, "destination": 1567062089, "distance": 87.759, "speed": 30}, {"origin": 1835328235, "destination": 1835328231, "distance": 76.92800000000001, "speed": 30}, {"origin": 1835328235, "destination": 1835328213, "distance": 134.06, "speed": 30}, {"origin": 1835353368, "destination": 1835712029, "distance": 16.323, "speed": 30}, {"origin": 1835353368, "destination": 2028804152, "distance": 140.828, "speed": 30}, {"origin": 1835353368, "destination": 539420445, "distance": 83.804, "speed": 30}, {"origin": 1835353368, "destination": 1835712027, "distance": 18.307000000000002, "speed": 30}, {"origin": 1835700516, "destination": 2706919029, "distance": 71.325, "speed": 30}, {"origin": 1835700516, "destination": 1526728359, "distance": 87.777, "speed": 30}, {"origin": 1835700516, "destination": 1835700541, "distance": 189.47299999999998, "speed": 30}, {"origin": 1835700519, "destination": 1736120061, "distance": 107.898, "speed": 30}, {"origin": 1835700519, "destination": 1835700525, "distance": 97.23, "speed": 30}, {"origin": 1835700519, "destination": 1835700541, "distance": 149.603, "speed": 30}, {"origin": 1835700525, "destination": 1736120063, "distance": 94.637, "speed": 30}, {"origin": 1835700525, "destination": 1835700519, "distance": 97.23, "speed": 30}, {"origin": 1835700530, "destination": 957161512, "distance": 72.686, "speed": 30}, {"origin": 1835700530, "destination": 1835700539, "distance": 90.134, "speed": 30}, {"origin": 1835700539, "destination": 1531646277, "distance": 88.011, "speed": 30}, {"origin": 1835700539, "destination": 1835700516, "distance": 155.64499999999998, "speed": 30}, {"origin": 1835700541, "destination": 1835700519, "distance": 149.603, "speed": 30}, {"origin": 1835700541, "destination": 1526728339, "distance": 80.983, "speed": 30}, {"origin": 1835700541, "destination": 1264317318, "distance": 77.407, "speed": 30}, {"origin": 1835712027, "destination": 1835712044, "distance": 43.934999999999995, "speed": 30}, {"origin": 1835712027, "destination": 1835353368, "distance": 18.307000000000002, "speed": 30}, {"origin": 1835712028, "destination": 1530913405, "distance": 15.949, "speed": 30}, {"origin": 1835712029, "destination": 1835712027, "distance": 12.156, "speed": 30}, {"origin": 1835712029, "destination": 1835712031, "distance": 92.53800000000001, "speed": 30}, {"origin": 1835712031, "destination": 1529475445, "distance": 12.631, "speed": 30}, {"origin": 1835712031, "destination": 1835712028, "distance": 216.696, "speed": 30}, {"origin": 1835712038, "destination": 1533690166, "distance": 26.09, "speed": 30}, {"origin": 1835712044, "destination": 2537613528, "distance": 28.466, "speed": 30}, {"origin": 1835712044, "destination": 1529669475, "distance": 84.155, "speed": 30}, {"origin": 1845661251, "destination": 1526705351, "distance": 53.393, "speed": 30}, {"origin": 1845661255, "destination": 1291477901, "distance": 130.377, "speed": 30}, {"origin": 1845661273, "destination": 1788243286, "distance": 59.911, "speed": 30}, {"origin": 1845661273, "destination": 1845661255, "distance": 26.317999999999998, "speed": 30}, {"origin": 1845661304, "destination": 1526728327, "distance": 46.134, "speed": 30}, {"origin": 1845661304, "destination": 1845661251, "distance": 25.320999999999998, "speed": 20}, {"origin": 1897720516, "destination": 1266037405, "distance": 123.211, "speed": 30}, {"origin": 1897720516, "destination": 957150995, "distance": 63.936, "speed": 30}, {"origin": 2028804152, "destination": 2028804172, "distance": 14.469, "speed": 30}, {"origin": 2028804152, "destination": 2028804167, "distance": 124.27799999999999, "speed": 30}, {"origin": 2028804164, "destination": 2028804172, "distance": 124.623, "speed": 30}, {"origin": 2028804164, "destination": 2028804167, "distance": 15.004000000000001, "speed": 30}, {"origin": 2028804167, "destination": 2028804164, "distance": 15.004000000000001, "speed": 30}, {"origin": 2028804172, "destination": 2028804152, "distance": 14.469, "speed": 30}, {"origin": 2028804172, "destination": 1835712029, "distance": 137.25300000000001, "speed": 30}, {"origin": 2537613526, "destination": 2537613528, "distance": 15.556, "speed": 30}, {"origin": 2537613526, "destination": 1835353368, "distance": 81.115, "speed": 30}, {"origin": 2537613528, "destination": 2537613526, "distance": 15.556, "speed": 30}, {"origin": 2537613528, "destination": 442882008, "distance": 32.01, "speed": 30}, {"origin": 2706919029, "destination": 1531101604, "distance": 68.964, "speed": 30}, {"origin": 2706919029, "destination": 1835700516, "distance": 71.325, "speed": 30}, {"origin": 2706919029, "destination": 1560166289, "distance": 155.568, "speed": 30}, {"origin": 2706919032, "destination": 1531646284, "distance": 58.97, "speed": 30}, {"origin": 2706919032, "destination": 1526728359, "distance": 57.807, "speed": 30}, {"origin": 2706919032, "destination": 1845661304, "distance": 109.85, "speed": 30}, {"origin": 2837225208, "destination": 2837225289, "distance": 25.798, "speed": 20}, {"origin": 2837225289, "destination": 2837225208, "distance": 25.798, "speed": 20}, {"origin": 2837225289, "destination": 1533690334, "distance": 40.213, "speed": 20}, {"origin": 2837225289, "destination": 1529475690, "distance": 62.606, "speed": 20}, {"origin": 2855727902, "destination": 958251097, "distance": 50.144, "speed": 30}, {"origin": 4576814617, "destination": 344736237, "distance": 83.25800000000001, "speed": 40}, {"origin": 6122163730, "destination": 499274643, "distance": 26.769, "speed": 30}, {"origin": 6122163731, "destination": 958251097, "distance": 143.004, "speed": 30}, {"origin": 6122163731, "destination": 6122163730, "distance": 34.939, "speed": 30}, {"origin": 10819919391, "destination": 1529475649, "distance": 23.314, "speed": 30}]}