{"address": "Calle Agustina Aroca, Albacete", "distance": 250, "intersections": [{"identifier": 335607956, "longitude": -1.8710765, "latitude": 38.9941178}, {"identifier": 335607957, "longitude": -1.8714638, "latitude": 38.9944663}, {"identifier": 335607958, "longitude": -1.8713407, "latitude": 38.9945016}, {"identifier": 335720304, "longitude": -1.8732452, "latitude": 38.9936978}, {"identifier": 335720305, "longitude": -1.8745491, "latitude": 38.9929958}, {"identifier": 335720308, "longitude": -1.8761661, "latitude": 38.9921281}, {"identifier": 335720310, "longitude": -1.8716764, "latitude": 38.9945859}, {"identifier": 335720312, "longitude": -1.8716037, "latitude": 38.9944922}, {"identifier": 335720315, "longitude": -1.8752496, "latitude": 38.9925521}, {"identifier": 335893163, "longitude": -1.871281, "latitude": 38.9946807}, {"identifier": 335893167, "longitude": -1.8714065, "latitude": 38.9947685}, {"identifier": 335896858, "longitude": -1.8715107, "latitude": 38.9947675}, {"identifier": 335896877, "longitude": -1.8716134, "latitude": 38.9947225}, {"identifier": 550376433, "longitude": -1.8725483, "latitude": 38.9933566}, {"identifier": 550376452, "longitude": -1.8733801, "latitude": 38.9922351}, {"identifier": 550376456, "longitude": -1.8731835, "latitude": 38.9923977}, {"identifier": 550376458, "longitude": -1.8736719, "latitude": 38.9921641}, {"identifier": 550378434, "longitude": -1.8721874, "latitude": 38.9941811}, {"identifier": 618009048, "longitude": -1.8721873, "latitude": 38.99294}, {"identifier": 1110616069, "longitude": -1.8759527, "latitude": 38.9943669}, {"identifier": 1253952549, "longitude": -1.871077, "latitude": 38.9948589}, {"identifier": 1526105938, "longitude": -1.8726427, "latitude": 38.9916542}, {"identifier": 1526105983, "longitude": -1.8721191, "latitude": 38.993727}, {"identifier": 1526105984, "longitude": -1.8720438, "latitude": 38.9907949}, {"identifier": 1526105986, "longitude": -1.8718911, "latitude": 38.9925057}, {"identifier": 1526105988, "longitude": -1.8705889, "latitude": 38.9930616}, {"identifier": 1526106002, "longitude": -1.8729326, "latitude": 38.9920814}, {"identifier": 1527972839, "longitude": -1.8745667, "latitude": 38.9912576}, {"identifier": 1527972843, "longitude": -1.875319, "latitude": 38.9904828}, {"identifier": 1528181111, "longitude": -1.8741179, "latitude": 38.9936551}, {"identifier": 1528181113, "longitude": -1.8746641, "latitude": 38.9946738}, {"identifier": 1528181114, "longitude": -1.8760189, "latitude": 38.994812}, {"identifier": 1528181116, "longitude": -1.8736001, "latitude": 38.9942711}, {"identifier": 1528181121, "longitude": -1.8754069, "latitude": 38.9944929}, {"identifier": 1528181122, "longitude": -1.8760578, "latitude": 38.992763}, {"identifier": 1528181128, "longitude": -1.8743785, "latitude": 38.9940996}, {"identifier": 1528181129, "longitude": -1.8761925, "latitude": 38.9937171}, {"identifier": 1528181133, "longitude": -1.8747292, "latitude": 38.9940329}, {"identifier": 1528181134, "longitude": -1.8751935, "latitude": 38.9939312}, {"identifier": 1528181137, "longitude": -1.874805, "latitude": 38.9933512}, {"identifier": 1528181138, "longitude": -1.8734196, "latitude": 38.9939749}, {"identifier": 1528822981, "longitude": -1.874698, "latitude": 38.9921412}, {"identifier": 1528822986, "longitude": -1.8747516, "latitude": 38.9910759}, {"identifier": 1528822987, "longitude": -1.8753961, "latitude": 38.9915664}, {"identifier": 1530209339, "longitude": -1.8718474, "latitude": 38.9943656}, {"identifier": 1530209348, "longitude": -1.8727189, "latitude": 38.9944651}, {"identifier": 1530209368, "longitude": -1.8722974, "latitude": 38.9931229}, {"identifier": 1530209382, "longitude": -1.8712061, "latitude": 38.9941006}, {"identifier": 1530897496, "longitude": -1.8733778, "latitude": 38.9924839}, {"identifier": 1530897624, "longitude": -1.8732379, "latitude": 38.9922156}, {"identifier": 1530897682, "longitude": -1.8732188, "latitude": 38.9924999}, {"identifier": 1530897844, "longitude": -1.8741228, "latitude": 38.9917104}, {"identifier": 1530897950, "longitude": -1.8734186, "latitude": 38.9923672}, {"identifier": 1554807105, "longitude": -1.8725067, "latitude": 38.9941043}, {"identifier": 1554807109, "longitude": -1.8707103, "latitude": 38.990807}, {"identifier": 1554807113, "longitude": -1.8715945, "latitude": 38.9920842}, {"identifier": 1554807205, "longitude": -1.8710067, "latitude": 38.9912346}, {"identifier": 1554807214, "longitude": -1.8723407, "latitude": 38.9912223}, {"identifier": 1554813429, "longitude": -1.8745385, "latitude": 38.9929329}, {"identifier": 1554813465, "longitude": -1.8761005, "latitude": 38.9921051}, {"identifier": 1554813467, "longitude": -1.875781, "latitude": 38.9908218}, {"identifier": 1557262702, "longitude": -1.872022, "latitude": 38.9907491}, {"identifier": 1560897796, "longitude": -1.8719111, "latitude": 38.9944246}, {"identifier": 1560897811, "longitude": -1.8709807, "latitude": 38.994853}, {"identifier": 1560897869, "longitude": -1.8725982, "latitude": 38.9939664}, {"identifier": 1560900347, "longitude": -1.8757816, "latitude": 38.9938014}, {"identifier": 1560900349, "longitude": -1.8752178, "latitude": 38.9931612}, {"identifier": 1572435237, "longitude": -1.8722633, "latitude": 38.9911138}, {"identifier": 1572435245, "longitude": -1.8724202, "latitude": 38.9913346}, {"identifier": 1572435249, "longitude": -1.8712227, "latitude": 38.9915493}, {"identifier": 1572435255, "longitude": -1.8713807, "latitude": 38.9917765}, {"identifier": 1574598070, "longitude": -1.871305, "latitude": 38.991666}, {"identifier": 1574608077, "longitude": -1.8756174, "latitude": 38.9929772}, {"identifier": 1574608082, "longitude": -1.873787, "latitude": 38.993341}, {"identifier": 1574608089, "longitude": -1.8732797, "latitude": 38.9925944}, {"identifier": 1835353347, "longitude": -1.8708104, "latitude": 38.9935267}, {"identifier": 1845484948, "longitude": -1.870691, "latitude": 38.9935677}, {"identifier": 1970003852, "longitude": -1.8739282, "latitude": 38.9948556}, {"identifier": 1991970566, "longitude": -1.8723135, "latitude": 38.9938931}, {"identifier": 1991970573, "longitude": -1.8724616, "latitude": 38.9940371}], "segments": [{"origin": 335607956, "destination": 335607958, "distance": 48.401, "speed": 40}, {"origin": 335607957, "destination": 335607958, "distance": 11.538, "speed": 30}, {"origin": 335607957, "destination": 1530209382, "distance": 46.364000000000004, "speed": 40}, {"origin": 335607958, "destination": 335896858, "distance": 33.016, "speed": 30}, {"origin": 335607958, "destination": 335893163, "distance": 22.059, "speed": 30}, {"origin": 335720304, "destination": 335720305, "distance": 137.083, "speed": 30}, {"origin": 335720305, "destination": 1528181137, "distance": 45.286, "speed": 30}, {"origin": 335720305, "destination": 335720308, "distance": 169.821, "speed": 30}, {"origin": 335720308, "destination": 1554813465, "distance": 6.22, "speed": 30}, {"origin": 335720310, "destination": 1560897796, "distance": 27.128999999999998, "speed": 30}, {"origin": 335720310, "destination": 335720312, "distance": 12.349, "speed": 30}, {"origin": 335720312, "destination": 335607957, "distance": 12.794, "speed": 30}, {"origin": 335720315, "destination": 1528822981, "distance": 66.032, "speed": 30}, {"origin": 335720315, "destination": 1554813429, "distance": 74.631, "speed": 30}, {"origin": 335893163, "destination": 1560897811, "distance": 32.260000000000005, "speed": 30}, {"origin": 335893163, "destination": 335893167, "distance": 15.006, "speed": 30}, {"origin": 335893167, "destination": 335896858, "distance": 9.036000000000001, "speed": 30}, {"origin": 335896858, "destination": 335896877, "distance": 10.33, "speed": 90}, {"origin": 335896877, "destination": 335607957, "distance": 31.285, "speed": 30}, {"origin": 335896877, "destination": 335720310, "distance": 16.295, "speed": 30}, {"origin": 550376433, "destination": 1574608089, "distance": 105.739, "speed": 30}, {"origin": 550376452, "destination": 1530897624, "distance": 13.004, "speed": 30}, {"origin": 550376456, "destination": 1530897682, "distance": 11.767, "speed": 30}, {"origin": 550376456, "destination": 1530897950, "distance": 24.310000000000002, "speed": 30}, {"origin": 550376458, "destination": 550376452, "distance": 27.629, "speed": 30}, {"origin": 550376458, "destination": 1530897844, "distance": 63.749, "speed": 30}, {"origin": 550378434, "destination": 1991970566, "distance": 33.828, "speed": 30}, {"origin": 550378434, "destination": 1530209339, "distance": 35.836999999999996, "speed": 30}, {"origin": 618009048, "destination": 1835353347, "distance": 135.706, "speed": 30}, {"origin": 618009048, "destination": 1530209368, "distance": 22.453, "speed": 30}, {"origin": 1110616069, "destination": 1528181114, "distance": 49.823, "speed": 30}, {"origin": 1110616069, "destination": 1528181121, "distance": 49.205999999999996, "speed": 30}, {"origin": 1253952549, "destination": 335893167, "distance": 30.217, "speed": 30}, {"origin": 1526105938, "destination": 1572435245, "distance": 40.407, "speed": 30}, {"origin": 1526105938, "destination": 1554807113, "distance": 102.43499999999999, "speed": 30}, {"origin": 1526105983, "destination": 1530209339, "distance": 75.237, "speed": 30}, {"origin": 1526105984, "destination": 1557262702, "distance": 5.43, "speed": 30}, {"origin": 1526105986, "destination": 1526106002, "distance": 101.63300000000001, "speed": 30}, {"origin": 1526105986, "destination": 1526105988, "distance": 128.403, "speed": 20}, {"origin": 1526105986, "destination": 618009048, "distance": 54.657, "speed": 30}, {"origin": 1526105988, "destination": 1526105986, "distance": 128.403, "speed": 20}, {"origin": 1526106002, "destination": 1526105938, "distance": 53.705, "speed": 30}, {"origin": 1527972839, "destination": 1528822986, "distance": 25.765, "speed": 30}, {"origin": 1527972839, "destination": 1530897844, "distance": 63.316, "speed": 30}, {"origin": 1527972843, "destination": 1528822986, "distance": 82.183, "speed": 30}, {"origin": 1528181111, "destination": 1528181138, "distance": 70.04599999999999, "speed": 30}, {"origin": 1528181113, "destination": 1970003852, "distance": 66.733, "speed": 30}, {"origin": 1528181116, "destination": 1528181138, "distance": 36.443, "speed": 30}, {"origin": 1528181116, "destination": 1528181128, "distance": 69.922, "speed": 30}, {"origin": 1528181121, "destination": 1528181113, "distance": 67.27199999999999, "speed": 30}, {"origin": 1528181121, "destination": 1528181134, "distance": 65.124, "speed": 30}, {"origin": 1528181122, "destination": 1574608077, "distance": 44.899, "speed": 30}, {"origin": 1528181128, "destination": 1528181111, "distance": 54.315000000000005, "speed": 30}, {"origin": 1528181128, "destination": 1528181133, "distance": 31.202, "speed": 30}, {"origin": 1528181133, "destination": 1528181113, "distance": 71.487, "speed": 30}, {"origin": 1528181133, "destination": 1528181134, "distance": 41.689, "speed": 30}, {"origin": 1528181134, "destination": 1560900347, "distance": 52.835, "speed": 30}, {"origin": 1528181137, "destination": 1528181133, "distance": 76.084, "speed": 30}, {"origin": 1528181137, "destination": 1528181111, "distance": 68.32300000000001, "speed": 30}, {"origin": 1528181138, "destination": 335720304, "distance": 34.301, "speed": 30}, {"origin": 1528822981, "destination": 1530897844, "distance": 69.036, "speed": 30}, {"origin": 1528822981, "destination": 1528822987, "distance": 87.893, "speed": 20}, {"origin": 1528822986, "destination": 1528822987, "distance": 77.957, "speed": 30}, {"origin": 1528822986, "destination": 1527972843, "distance": 82.183, "speed": 30}, {"origin": 1528822986, "destination": 1527972839, "distance": 25.765, "speed": 30}, {"origin": 1528822987, "destination": 1554813465, "distance": 85.40599999999999, "speed": 30}, {"origin": 1530209339, "destination": 335720312, "distance": 25.332, "speed": 30}, {"origin": 1530209348, "destination": 1528181116, "distance": 79.151, "speed": 30}, {"origin": 1530209368, "destination": 1526105983, "distance": 69.439, "speed": 30}, {"origin": 1530209368, "destination": 550376433, "distance": 34.715, "speed": 30}, {"origin": 1530209382, "destination": 1526105983, "distance": 89.171, "speed": 30}, {"origin": 1530209382, "destination": 1835353347, "distance": 72.41, "speed": 40}, {"origin": 1530897496, "destination": 1530897950, "distance": 13.447, "speed": 30}, {"origin": 1530897496, "destination": 550376458, "distance": 43.854, "speed": 30}, {"origin": 1530897624, "destination": 1526106002, "distance": 32.654, "speed": 30}, {"origin": 1530897624, "destination": 550376456, "distance": 24.556, "speed": 30}, {"origin": 1530897682, "destination": 1574608089, "distance": 11.752, "speed": 30}, {"origin": 1530897682, "destination": 618009048, "distance": 101.837, "speed": 30}, {"origin": 1530897844, "destination": 1527972839, "distance": 63.316, "speed": 30}, {"origin": 1530897844, "destination": 550376458, "distance": 63.749, "speed": 30}, {"origin": 1530897950, "destination": 550376452, "distance": 15.998999999999999, "speed": 30}, {"origin": 1554807105, "destination": 1530209348, "distance": 44.117999999999995, "speed": 30}, {"origin": 1554807105, "destination": 1560897869, "distance": 18.177999999999997, "speed": 30}, {"origin": 1554807105, "destination": 335720304, "distance": 78.208, "speed": 30}, {"origin": 1554807109, "destination": 1554807205, "distance": 54.009, "speed": 30}, {"origin": 1554807113, "destination": 1526105986, "distance": 53.42, "speed": 30}, {"origin": 1554807205, "destination": 1572435249, "distance": 39.673, "speed": 30}, {"origin": 1554807205, "destination": 1526105984, "distance": 102.12299999999999, "speed": 30}, {"origin": 1554807214, "destination": 1572435237, "distance": 13.795, "speed": 30}, {"origin": 1554813429, "destination": 335720305, "distance": 7.054, "speed": 30}, {"origin": 1554813429, "destination": 1574608082, "distance": 79.231, "speed": 30}, {"origin": 1554813465, "destination": 335720315, "distance": 88.75999999999999, "speed": 30}, {"origin": 1554813467, "destination": 1527972843, "distance": 54.911, "speed": 30}, {"origin": 1560897796, "destination": 550378434, "distance": 36.735, "speed": 30}, {"origin": 1560897796, "destination": 1554807105, "distance": 62.629999999999995, "speed": 30}, {"origin": 1560897869, "destination": 1991970573, "distance": 14.183, "speed": 30}, {"origin": 1560900347, "destination": 1528181129, "distance": 36.727, "speed": 30}, {"origin": 1560900347, "destination": 1560900349, "distance": 86.26499999999999, "speed": 30}, {"origin": 1560900349, "destination": 1528181137, "distance": 41.461999999999996, "speed": 30}, {"origin": 1572435237, "destination": 1572435249, "distance": 102.143, "speed": 30}, {"origin": 1572435237, "destination": 1526105984, "distance": 40.216, "speed": 30}, {"origin": 1572435245, "destination": 1554807214, "distance": 14.253, "speed": 30}, {"origin": 1572435249, "destination": 1574598070, "distance": 14.798, "speed": 30}, {"origin": 1572435255, "destination": 1554807113, "distance": 38.885, "speed": 30}, {"origin": 1572435255, "destination": 1572435245, "distance": 102.39800000000001, "speed": 30}, {"origin": 1574598070, "destination": 1572435255, "distance": 13.92, "speed": 30}, {"origin": 1574598070, "destination": 1554807214, "distance": 102.21000000000001, "speed": 30}, {"origin": 1574608077, "destination": 1560900349, "distance": 40.14, "speed": 30}, {"origin": 1574608077, "destination": 1528181129, "distance": 96.11999999999999, "speed": 30}, {"origin": 1574608082, "destination": 1560897869, "distance": 124.069, "speed": 30}, {"origin": 1574608089, "destination": 1530897496, "distance": 14.928, "speed": 30}, {"origin": 1574608089, "destination": 1574608082, "distance": 93.89999999999999, "speed": 30}, {"origin": 1845484948, "destination": 335607956, "distance": 69.653, "speed": 40}, {"origin": 1970003852, "destination": 1528181116, "distance": 70.922, "speed": 30}, {"origin": 1991970566, "destination": 550376433, "distance": 63.013, "speed": 30}, {"origin": 1991970573, "destination": 550378434, "distance": 28.599, "speed": 30}, {"origin": 1991970573, "destination": 1991970566, "distance": 26.481, "speed": 30}], "candidates": [[1572435237, 8220], [1527972843, 18865], [1554813467, 13293], [550378434, 12693], [335607957, 1250], [335720310, 16346], [335720308, 11832], [1554807113, 3963], [1528181116, 16615], [1574608077, 16119], [335720312, 15550], [335896877, 4930], [1528181134, 17505], [335896858, 662], [1560897796, 11665], [1554807105, 18960], [335607956, 2138], [1557262702, 4898], [335720304, 368], [1528181113, 2989], [1554813465, 3817], [1530897624, 15694], [550376433, 4544], [1528181121, 6979], [1253952549, 5482], [1110616069, 922], [1528181111, 16533], [1530897496, 18992], [1845484948, 13774], [1560897869, 8875], [1991970573, 13699], [1528181133, 17825], [1528181128, 9525], [1554813429, 6296], [335607958, 19493], [335893163, 1268], [618009048, 389], [1560900347, 6785], [335893167, 14031], [1526105938, 3654], [1528181129, 15181], [1572435245, 13280], [1526105986, 14128], [1528822981, 10422], [1530209382, 15765], [1530897682, 16625], [1530897844, 8452], [1574598070, 10231], [1530209368, 1705], [1527972839, 19395], [1970003852, 19097], [1835353347, 4028], [550376458, 8978], [1528822987, 2081], [1560900349, 19200], [1554807214, 4977], [1560897811, 13360], [550376452, 1131], [335720305, 8674], [1526105983, 17888], [335720315, 1576], [1572435255, 12818], [1526106002, 17843], [1574608082, 14392], [1526105988, 13269], [1991970566, 10150], [1528822986, 11227], [1554807109, 6369], [1530209348, 7085], [1530209339, 4868], [1574608089, 13830], [1554807205, 17854], [1528181137, 9412], [1528181122, 19687], [550376456, 14707]], "number_stations": 7}