{"address": "Calle Condesa de Trifaldi, Albacete", "distance": 500, "intersections": [{"identifier": 332441491, "longitude": -1.8642896, "latitude": 38.9835057}, {"identifier": 332441495, "longitude": -1.8656735, "latitude": 38.9820673}, {"identifier": 344736237, "longitude": -1.8567481, "latitude": 38.9829978}, {"identifier": 539424015, "longitude": -1.8562782, "latitude": 38.9813729}, {"identifier": 539830996, "longitude": -1.8594144, "latitude": 38.9820417}, {"identifier": 539830999, "longitude": -1.8595759, "latitude": 38.9820326}, {"identifier": 539831002, "longitude": -1.860947, "latitude": 38.979069}, {"identifier": 539831003, "longitude": -1.8622886, "latitude": 38.9796153}, {"identifier": 539831082, "longitude": -1.8616566, "latitude": 38.9829118}, {"identifier": 539831084, "longitude": -1.8617587, "latitude": 38.9829999}, {"identifier": 539831085, "longitude": -1.8618476, "latitude": 38.9830003}, {"identifier": 539831088, "longitude": -1.8619646, "latitude": 38.9828825}, {"identifier": 539831093, "longitude": -1.8617135, "latitude": 38.9827919}, {"identifier": 539833067, "longitude": -1.8595396, "latitude": 38.9817714}, {"identifier": 539833069, "longitude": -1.8586283, "latitude": 38.9814592}, {"identifier": 539833070, "longitude": -1.8561283, "latitude": 38.9805878}, {"identifier": 719109974, "longitude": -1.8592969, "latitude": 38.9765942}, {"identifier": 1526728362, "longitude": -1.8588887, "latitude": 38.9835825}, {"identifier": 1526728367, "longitude": -1.8568717, "latitude": 38.9836194}, {"identifier": 1526752502, "longitude": -1.8657966, "latitude": 38.9830752}, {"identifier": 1526752640, "longitude": -1.8653872, "latitude": 38.9837252}, {"identifier": 1528040851, "longitude": -1.8625501, "latitude": 38.9755031}, {"identifier": 1529201953, "longitude": -1.8594571, "latitude": 38.9834229}, {"identifier": 1529202049, "longitude": -1.8580298, "latitude": 38.9831162}, {"identifier": 1529202087, "longitude": -1.8588772, "latitude": 38.9834385}, {"identifier": 1529202090, "longitude": -1.8593654, "latitude": 38.9836571}, {"identifier": 1529202109, "longitude": -1.859135, "latitude": 38.983309}, {"identifier": 1529202111, "longitude": -1.8594742, "latitude": 38.9834835}, {"identifier": 1529475081, "longitude": -1.8638497, "latitude": 38.9833174}, {"identifier": 1529475083, "longitude": -1.8630828, "latitude": 38.983071}, {"identifier": 1529475094, "longitude": -1.862846, "latitude": 38.9835139}, {"identifier": 1529475098, "longitude": -1.8623464, "latitude": 38.9818505}, {"identifier": 1529475099, "longitude": -1.8628519, "latitude": 38.9809153}, {"identifier": 1529475130, "longitude": -1.8636914, "latitude": 38.9810916}, {"identifier": 1529475160, "longitude": -1.8594405, "latitude": 38.982818}, {"identifier": 1529475169, "longitude": -1.8585551, "latitude": 38.9827701}, {"identifier": 1529475193, "longitude": -1.8598578, "latitude": 38.9834924}, {"identifier": 1529475206, "longitude": -1.8603794, "latitude": 38.9836548}, {"identifier": 1529475275, "longitude": -1.8599015, "latitude": 38.981055}, {"identifier": 1529475285, "longitude": -1.8602031, "latitude": 38.9804615}, {"identifier": 1529475300, "longitude": -1.8612331, "latitude": 38.9815993}, {"identifier": 1529475301, "longitude": -1.8616078, "latitude": 38.9809184}, {"identifier": 1529475302, "longitude": -1.8619232, "latitude": 38.9803323}, {"identifier": 1529475338, "longitude": -1.8617069, "latitude": 38.9798211}, {"identifier": 1529623352, "longitude": -1.8579657, "latitude": 38.9837062}, {"identifier": 1529776636, "longitude": -1.8594646, "latitude": 38.9821352}, {"identifier": 1529776701, "longitude": -1.8594338, "latitude": 38.9830019}, {"identifier": 1529776720, "longitude": -1.859555, "latitude": 38.9821245}, {"identifier": 1529776769, "longitude": -1.8595063, "latitude": 38.9819988}, {"identifier": 1530704601, "longitude": -1.8605154, "latitude": 38.9798814}, {"identifier": 1530704632, "longitude": -1.8618824, "latitude": 38.9827728}, {"identifier": 1530704651, "longitude": -1.8611099, "latitude": 38.9815829}, {"identifier": 1530704673, "longitude": -1.8627166, "latitude": 38.9806232}, {"identifier": 1530704741, "longitude": -1.8650198, "latitude": 38.9826563}, {"identifier": 1530704777, "longitude": -1.8614515, "latitude": 38.9808791}, {"identifier": 1530704815, "longitude": -1.8577256, "latitude": 38.9766806}, {"identifier": 1530704878, "longitude": -1.8607248, "latitude": 38.9794898}, {"identifier": 1530704881, "longitude": -1.8646101, "latitude": 38.983423}, {"identifier": 1530722043, "longitude": -1.861764, "latitude": 38.9802864}, {"identifier": 1530722049, "longitude": -1.8608835, "latitude": 38.9826388}, {"identifier": 1530722125, "longitude": -1.860235, "latitude": 38.9824095}, {"identifier": 1530722175, "longitude": -1.8612932, "latitude": 38.9815043}, {"identifier": 1530897746, "longitude": -1.8644341, "latitude": 38.9837216}, {"identifier": 1577308277, "longitude": -1.862661, "latitude": 38.9812709}, {"identifier": 1577713909, "longitude": -1.8617854, "latitude": 38.9827683}, {"identifier": 1635557962, "longitude": -1.8639707, "latitude": 38.9833709}, {"identifier": 1643327715, "longitude": -1.8667493, "latitude": 38.9827167}, {"identifier": 1643327716, "longitude": -1.8663605, "latitude": 38.982486}, {"identifier": 1736129366, "longitude": -1.8611499, "latitude": 38.9814625}, {"identifier": 1835353337, "longitude": -1.8644063, "latitude": 38.9833466}, {"identifier": 1835353352, "longitude": -1.8582004, "latitude": 38.9816379}, {"identifier": 1835353360, "longitude": -1.8579178, "latitude": 38.9816791}, {"identifier": 1835353367, "longitude": -1.8635809, "latitude": 38.9836895}, {"identifier": 1835353370, "longitude": -1.8629173, "latitude": 38.9833821}, {"identifier": 1835353387, "longitude": -1.8579126, "latitude": 38.9815134}, {"identifier": 1835355694, "longitude": -1.8580071, "latitude": 38.9766521}, {"identifier": 1835355695, "longitude": -1.8578787, "latitude": 38.9767799}, {"identifier": 1836678889, "longitude": -1.8633843, "latitude": 38.9837839}, {"identifier": 1836678891, "longitude": -1.8642081, "latitude": 38.9836355}, {"identifier": 1836678893, "longitude": -1.8638215, "latitude": 38.9835775}, {"identifier": 1845567634, "longitude": -1.8619721, "latitude": 38.9766411}, {"identifier": 2808118758, "longitude": -1.8623234, "latitude": 38.9756224}, {"identifier": 3720329433, "longitude": -1.8591715, "latitude": 38.9833012}, {"identifier": 3720329437, "longitude": -1.8589668, "latitude": 38.9834854}, {"identifier": 3720329440, "longitude": -1.8589674, "latitude": 38.9835115}, {"identifier": 3721441045, "longitude": -1.8593399, "latitude": 38.9836692}, {"identifier": 4221332624, "longitude": -1.8627455, "latitude": 38.9757837}, {"identifier": 4221332628, "longitude": -1.8627318, "latitude": 38.9755767}, {"identifier": 4221332639, "longitude": -1.8623842, "latitude": 38.9758221}, {"identifier": 4575714131, "longitude": -1.8596108, "latitude": 38.9820446}, {"identifier": 9517864886, "longitude": -1.8624393, "latitude": 38.9758547}], "segments": [{"origin": 332441491, "destination": 1836678891, "distance": 16.06, "speed": 30}, {"origin": 332441491, "destination": 1835353337, "distance": 20.365, "speed": 30}, {"origin": 332441491, "destination": 1635557962, "distance": 31.386, "speed": 30}, {"origin": 332441495, "destination": 1643327716, "distance": 75.458, "speed": 30}, {"origin": 332441495, "destination": 1530704741, "distance": 86.51100000000001, "speed": 30}, {"origin": 344736237, "destination": 1529202049, "distance": 113.107, "speed": 40}, {"origin": 344736237, "destination": 1526728367, "distance": 69.94000000000001, "speed": 30}, {"origin": 539424015, "destination": 539833070, "distance": 88.262, "speed": 30}, {"origin": 539830996, "destination": 1529776636, "distance": 12.473, "speed": 30}, {"origin": 539830996, "destination": 1835353352, "distance": 114.138, "speed": 30}, {"origin": 539830999, "destination": 1529776769, "distance": 7.324, "speed": 30}, {"origin": 539831002, "destination": 1530704878, "distance": 50.58, "speed": 30}, {"origin": 539831002, "destination": 1845567634, "distance": 286.023, "speed": 20}, {"origin": 539831002, "destination": 539831003, "distance": 130.915, "speed": 30}, {"origin": 539831003, "destination": 539831002, "distance": 130.915, "speed": 30}, {"origin": 539831082, "destination": 539831084, "distance": 13.452, "speed": 30}, {"origin": 539831084, "destination": 539831085, "distance": 7.684, "speed": 30}, {"origin": 539831085, "destination": 539831088, "distance": 17.713, "speed": 30}, {"origin": 539831085, "destination": 1529475094, "distance": 103.549, "speed": 30}, {"origin": 539831088, "destination": 1530704632, "distance": 14.536999999999999, "speed": 30}, {"origin": 539831093, "destination": 539831082, "distance": 14.663, "speed": 30}, {"origin": 539831093, "destination": 4575714131, "distance": 199.844, "speed": 30}, {"origin": 539833067, "destination": 1529475275, "distance": 85.583, "speed": 30}, {"origin": 539833067, "destination": 1529776769, "distance": 25.518, "speed": 30}, {"origin": 539833067, "destination": 539833069, "distance": 86.081, "speed": 30}, {"origin": 539833069, "destination": 1835355695, "distance": 524.4200000000001, "speed": 30}, {"origin": 539833069, "destination": 539833070, "distance": 236.82399999999998, "speed": 30}, {"origin": 539833069, "destination": 539833067, "distance": 86.081, "speed": 30}, {"origin": 539833070, "destination": 539424015, "distance": 88.262, "speed": 30}, {"origin": 539833070, "destination": 539833069, "distance": 236.82399999999998, "speed": 30}, {"origin": 719109974, "destination": 1835355694, "distance": 111.879, "speed": 30}, {"origin": 1526752502, "destination": 1526752640, "distance": 80.475, "speed": 30}, {"origin": 1526752502, "destination": 1643327716, "distance": 81.69500000000001, "speed": 30}, {"origin": 1526752640, "destination": 1530704881, "distance": 75.105, "speed": 30}, {"origin": 1526752640, "destination": 1526752502, "distance": 80.475, "speed": 30}, {"origin": 1528040851, "destination": 2808118758, "distance": 25.114, "speed": 30}, {"origin": 1529201953, "destination": 1529776701, "distance": 46.855999999999995, "speed": 30}, {"origin": 1529201953, "destination": 3720329433, "distance": 30.407, "speed": 30}, {"origin": 1529202049, "destination": 1529202087, "distance": 81.77199999999999, "speed": 40}, {"origin": 1529202049, "destination": 1529623352, "distance": 65.839, "speed": 30}, {"origin": 1529202087, "destination": 3720329437, "distance": 9.337, "speed": 40}, {"origin": 1529202087, "destination": 1526728362, "distance": 16.185, "speed": 30}, {"origin": 1529202090, "destination": 1529202111, "distance": 22.328, "speed": 30}, {"origin": 1529202109, "destination": 3720329437, "distance": 25.724999999999998, "speed": 30}, {"origin": 1529202111, "destination": 1529201953, "distance": 6.899, "speed": 30}, {"origin": 1529475081, "destination": 1529475083, "distance": 71.728, "speed": 30}, {"origin": 1529475083, "destination": 1529475081, "distance": 71.728, "speed": 30}, {"origin": 1529475083, "destination": 1529475099, "distance": 244.32999999999998, "speed": 30}, {"origin": 1529475083, "destination": 1835353370, "distance": 37.434, "speed": 30}, {"origin": 1529475094, "destination": 1836678889, "distance": 55.373, "speed": 30}, {"origin": 1529475098, "destination": 1530722175, "distance": 98.84, "speed": 30}, {"origin": 1529475098, "destination": 1530704632, "distance": 110.14099999999999, "speed": 30}, {"origin": 1529475099, "destination": 1577308277, "distance": 42.846, "speed": 30}, {"origin": 1529475099, "destination": 1530704673, "distance": 34.915, "speed": 30}, {"origin": 1529475160, "destination": 1529475169, "distance": 76.715, "speed": 20}, {"origin": 1529475160, "destination": 1529776701, "distance": 20.457, "speed": 30}, {"origin": 1529475160, "destination": 1529776636, "distance": 75.952, "speed": 30}, {"origin": 1529475169, "destination": 1529475160, "distance": 76.715, "speed": 20}, {"origin": 1529475193, "destination": 1530722125, "distance": 124.749, "speed": 30}, {"origin": 1529475206, "destination": 1530722049, "distance": 121.088, "speed": 30}, {"origin": 1529475275, "destination": 1529475285, "distance": 70.957, "speed": 30}, {"origin": 1529475275, "destination": 1736129366, "distance": 117.036, "speed": 30}, {"origin": 1529475275, "destination": 539833067, "distance": 85.583, "speed": 30}, {"origin": 1529475285, "destination": 1530704601, "distance": 69.925, "speed": 30}, {"origin": 1529475285, "destination": 1529475275, "distance": 70.957, "speed": 30}, {"origin": 1529475285, "destination": 1530704777, "distance": 117.476, "speed": 30}, {"origin": 1529475300, "destination": 1530722175, "distance": 11.772, "speed": 30}, {"origin": 1529475301, "destination": 1577308277, "distance": 99.116, "speed": 30}, {"origin": 1529475301, "destination": 1529475302, "distance": 70.644, "speed": 30}, {"origin": 1529475302, "destination": 1530722043, "distance": 37.757, "speed": 30}, {"origin": 1529475302, "destination": 1530704673, "distance": 76.209, "speed": 30}, {"origin": 1529475338, "destination": 1530704878, "distance": 92.54100000000001, "speed": 30}, {"origin": 1529623352, "destination": 1526728367, "distance": 95.53399999999999, "speed": 30}, {"origin": 1529623352, "destination": 1529202049, "distance": 65.839, "speed": 30}, {"origin": 1529776636, "destination": 1529776720, "distance": 8.138, "speed": 30}, {"origin": 1529776636, "destination": 1529475160, "distance": 75.952, "speed": 30}, {"origin": 1529776701, "destination": 1529475160, "distance": 20.457, "speed": 30}, {"origin": 1529776701, "destination": 3720329433, "distance": 41.06, "speed": 30}, {"origin": 1529776720, "destination": 539830999, "distance": 11.18, "speed": 30}, {"origin": 1529776720, "destination": 1530722125, "distance": 68.042, "speed": 30}, {"origin": 1529776769, "destination": 539833067, "distance": 25.518, "speed": 30}, {"origin": 1529776769, "destination": 539830996, "distance": 9.880999999999998, "speed": 30}, {"origin": 1530704601, "destination": 1530704878, "distance": 47.156, "speed": 30}, {"origin": 1530704601, "destination": 1529475285, "distance": 69.925, "speed": 30}, {"origin": 1530704601, "destination": 1530722043, "distance": 116.94600000000001, "speed": 30}, {"origin": 1530704632, "destination": 1577713909, "distance": 8.482, "speed": 30}, {"origin": 1530704651, "destination": 4575714131, "distance": 139.378, "speed": 30}, {"origin": 1530704651, "destination": 1529475300, "distance": 11.969999999999999, "speed": 30}, {"origin": 1530704673, "destination": 1529475130, "distance": 99.397, "speed": 30}, {"origin": 1530704673, "destination": 1529475302, "distance": 76.20899999999999, "speed": 30}, {"origin": 1530704673, "destination": 1845567634, "distance": 460.85599999999994, "speed": 20}, {"origin": 1530704741, "destination": 1526752502, "distance": 81.718, "speed": 30}, {"origin": 1530704741, "destination": 332441495, "distance": 86.51100000000001, "speed": 30}, {"origin": 1530704741, "destination": 1835353337, "distance": 93.61, "speed": 30}, {"origin": 1530704777, "destination": 1736129366, "distance": 69.914, "speed": 30}, {"origin": 1530704815, "destination": 1835355695, "distance": 19.028, "speed": 30}, {"origin": 1530704878, "destination": 539831002, "distance": 50.58, "speed": 30}, {"origin": 1530704878, "destination": 1530704601, "distance": 47.156, "speed": 30}, {"origin": 1530704878, "destination": 1529475338, "distance": 92.54100000000001, "speed": 30}, {"origin": 1530704881, "destination": 1526752640, "distance": 75.105, "speed": 30}, {"origin": 1530704881, "destination": 1835353337, "distance": 19.558999999999997, "speed": 30}, {"origin": 1530704881, "destination": 1530897746, "distance": 36.522, "speed": 30}, {"origin": 1530722043, "destination": 1530704777, "distance": 71.226, "speed": 30}, {"origin": 1530722049, "destination": 539831082, "distance": 73.453, "speed": 30}, {"origin": 1530722049, "destination": 1529475206, "distance": 121.088, "speed": 30}, {"origin": 1530722125, "destination": 1530722049, "distance": 61.58, "speed": 30}, {"origin": 1530722125, "destination": 1529475193, "distance": 124.749, "speed": 30}, {"origin": 1530722175, "destination": 1529475301, "distance": 70.597, "speed": 30}, {"origin": 1530897746, "destination": 1530704881, "distance": 36.522, "speed": 30}, {"origin": 1577308277, "destination": 1529475098, "distance": 69.951, "speed": 30}, {"origin": 1577713909, "destination": 1529475300, "distance": 139.355, "speed": 30}, {"origin": 1577713909, "destination": 539831093, "distance": 6.838000000000001, "speed": 30}, {"origin": 1635557962, "destination": 1529475081, "distance": 12.032, "speed": 30}, {"origin": 1635557962, "destination": 1836678893, "distance": 29.122, "speed": 30}, {"origin": 1643327715, "destination": 1643327716, "distance": 42.278, "speed": 30}, {"origin": 1643327716, "destination": 1643327715, "distance": 42.278, "speed": 30}, {"origin": 1643327716, "destination": 332441495, "distance": 75.458, "speed": 30}, {"origin": 1643327716, "destination": 1526752502, "distance": 81.69500000000001, "speed": 30}, {"origin": 1736129366, "destination": 1530704651, "distance": 14.124, "speed": 30}, {"origin": 1835353337, "destination": 332441491, "distance": 20.365, "speed": 30}, {"origin": 1835353337, "destination": 1530704881, "distance": 19.558999999999997, "speed": 30}, {"origin": 1835353337, "destination": 1530704741, "distance": 93.61, "speed": 30}, {"origin": 1835353352, "destination": 539830996, "distance": 114.13799999999999, "speed": 30}, {"origin": 1835353352, "destination": 1835353387, "distance": 28.587, "speed": 30}, {"origin": 1835353360, "destination": 1835353387, "distance": 18.553, "speed": 30}, {"origin": 1835353360, "destination": 1835353352, "distance": 25.558, "speed": 30}, {"origin": 1835353367, "destination": 1836678893, "distance": 24.374, "speed": 30}, {"origin": 1835353367, "destination": 1835353370, "distance": 68.018, "speed": 30}, {"origin": 1835353370, "destination": 539831088, "distance": 99.333, "speed": 30}, {"origin": 1835353370, "destination": 1529475083, "distance": 37.434, "speed": 30}, {"origin": 1835353387, "destination": 539424015, "distance": 158.287, "speed": 30}, {"origin": 1835355694, "destination": 1530704815, "distance": 37.637, "speed": 30}, {"origin": 1835355694, "destination": 719109974, "distance": 111.879, "speed": 30}, {"origin": 1835355695, "destination": 1835355694, "distance": 20.186000000000003, "speed": 30}, {"origin": 1835355695, "destination": 539833069, "distance": 524.42, "speed": 30}, {"origin": 1836678889, "destination": 1835353367, "distance": 20.531, "speed": 30}, {"origin": 1836678891, "destination": 332441491, "distance": 16.06, "speed": 30}, {"origin": 1836678893, "destination": 1635557962, "distance": 29.122, "speed": 30}, {"origin": 1836678893, "destination": 1835353367, "distance": 24.374000000000002, "speed": 30}, {"origin": 1836678893, "destination": 1836678891, "distance": 34.671, "speed": 30}, {"origin": 1845567634, "destination": 9517864886, "distance": 96.614, "speed": 20}, {"origin": 1845567634, "destination": 1530704673, "distance": 460.856, "speed": 20}, {"origin": 2808118758, "destination": 4221332639, "distance": 24.197000000000003, "speed": 30}, {"origin": 3720329433, "destination": 1529202109, "distance": 3.272, "speed": 30}, {"origin": 3720329437, "destination": 3720329440, "distance": 2.903, "speed": 30}, {"origin": 3720329440, "destination": 1526728362, "distance": 10.421, "speed": 30}, {"origin": 3720329440, "destination": 3721441045, "distance": 43.187000000000005, "speed": 30}, {"origin": 3721441045, "destination": 1529202090, "distance": 2.582, "speed": 30}, {"origin": 4221332624, "destination": 4221332628, "distance": 24.536, "speed": 30}, {"origin": 4221332628, "destination": 1528040851, "distance": 18.254, "speed": 30}, {"origin": 4221332639, "destination": 9517864886, "distance": 5.986, "speed": 30}, {"origin": 4575714131, "destination": 539830999, "distance": 3.299, "speed": 30}, {"origin": 9517864886, "destination": 4221332624, "distance": 30.162000000000003, "speed": 30}], "candidates": [[1530722125, 18381], [1836678891, 7892], [1526728367, 18315], [1845567634, 16504], [332441491, 9273], [539424015, 16390], [1529201953, 6366], [1577713909, 12832], [1529202049, 10962], [1529475301, 3943], [539831088, 18154], [1529475130, 17597], [1529202109, 7492], [1529202087, 2455], [539831085, 6657], [4575714131, 18453], [1530704878, 19607], [9517864886, 17753]], "number_stations": 3}