{"address": "Calle Herreros, Albacete", "distance": 250, "intersections": [{"identifier": 40116489, "longitude": -1.8482838, "latitude": 38.9905376}, {"identifier": 40120091, "longitude": -1.8482747, "latitude": 38.9938224}, {"identifier": 265487258, "longitude": -1.848022, "latitude": 38.9938357}, {"identifier": 265487272, "longitude": -1.8479951, "latitude": 38.9940626}, {"identifier": 320314951, "longitude": -1.8455281, "latitude": 38.9923672}, {"identifier": 430169696, "longitude": -1.8458674, "latitude": 38.9914041}, {"identifier": 430171573, "longitude": -1.8475369, "latitude": 38.9918096}, {"identifier": 430305114, "longitude": -1.8449059, "latitude": 38.9916277}, {"identifier": 430305116, "longitude": -1.8449273, "latitude": 38.9918444}, {"identifier": 430308836, "longitude": -1.8452095, "latitude": 38.9924231}, {"identifier": 772970906, "longitude": -1.8467344, "latitude": 38.9931838}, {"identifier": 772970908, "longitude": -1.845811, "latitude": 38.9929469}, {"identifier": 772970909, "longitude": -1.8448854, "latitude": 38.9939235}, {"identifier": 772970911, "longitude": -1.8462323, "latitude": 38.9928465}, {"identifier": 772970912, "longitude": -1.8461012, "latitude": 38.9936936}, {"identifier": 772970918, "longitude": -1.8456874, "latitude": 38.9937792}, {"identifier": 772970923, "longitude": -1.8454215, "latitude": 38.9930292}, {"identifier": 946558782, "longitude": -1.8478856, "latitude": 38.9912215}, {"identifier": 946565137, "longitude": -1.8496054, "latitude": 38.9924553}, {"identifier": 1123928162, "longitude": -1.8493643, "latitude": 38.9928712}, {"identifier": 1123928168, "longitude": -1.8481927, "latitude": 38.9926779}, {"identifier": 1264303755, "longitude": -1.8450635, "latitude": 38.9911838}, {"identifier": 1264303774, "longitude": -1.8462173, "latitude": 38.9901328}, {"identifier": 1312091205, "longitude": -1.8449449, "latitude": 38.9918604}, {"identifier": 1312091207, "longitude": -1.8455573, "latitude": 38.991465}, {"identifier": 1312091282, "longitude": -1.8454864, "latitude": 38.9911164}, {"identifier": 1529477173, "longitude": -1.8488877, "latitude": 38.9932956}, {"identifier": 1529477228, "longitude": -1.8501009, "latitude": 38.9925582}, {"identifier": 1529724413, "longitude": -1.847949, "latitude": 38.9939694}, {"identifier": 1530143793, "longitude": -1.8476344, "latitude": 38.9896847}, {"identifier": 1531612082, "longitude": -1.8453506, "latitude": 38.9917408}, {"identifier": 1531612218, "longitude": -1.8477627, "latitude": 38.9933367}, {"identifier": 1531612366, "longitude": -1.8461254, "latitude": 38.9937061}, {"identifier": 1536600968, "longitude": -1.8481134, "latitude": 38.99412}, {"identifier": 1835328230, "longitude": -1.8483296, "latitude": 38.9921584}, {"identifier": 1835328240, "longitude": -1.8505366, "latitude": 38.9926423}, {"identifier": 1835328243, "longitude": -1.849104, "latitude": 38.9927636}, {"identifier": 1835328244, "longitude": -1.847508, "latitude": 38.9926005}, {"identifier": 1835328249, "longitude": -1.8482337, "latitude": 38.993754}, {"identifier": 1863947927, "longitude": -1.8498567, "latitude": 38.9930443}, {"identifier": 1994438273, "longitude": -1.8476539, "latitude": 38.9937909}, {"identifier": 1997280418, "longitude": -1.8455789, "latitude": 38.991231}, {"identifier": 2101156997, "longitude": -1.8480208, "latitude": 38.9935622}, {"identifier": 2792046675, "longitude": -1.8473682, "latitude": 38.9936089}, {"identifier": 4404600176, "longitude": -1.8451919, "latitude": 38.9911777}, {"identifier": 4404600177, "longitude": -1.8451074, "latitude": 38.9912538}, {"identifier": 4404600179, "longitude": -1.8483017, "latitude": 38.9938386}, {"identifier": 4404600180, "longitude": -1.8483434, "latitude": 38.9938792}, {"identifier": 4522342872, "longitude": -1.8449239, "latitude": 38.9918345}, {"identifier": 4575714124, "longitude": -1.8450171, "latitude": 38.9919453}, {"identifier": 4575714125, "longitude": -1.8450968, "latitude": 38.9918912}, {"identifier": 11355673014, "longitude": -1.8480314, "latitude": 38.9934435}, {"identifier": 11355758681, "longitude": -1.847913, "latitude": 38.993465}], "segments": [{"origin": 40116489, "destination": 1530143793, "distance": 123.336, "speed": 30}, {"origin": 40120091, "destination": 1835328249, "distance": 8.391, "speed": 30}, {"origin": 40120091, "destination": 265487258, "distance": 23.41, "speed": 30}, {"origin": 265487258, "destination": 1529724413, "distance": 16.692999999999998, "speed": 30}, {"origin": 265487272, "destination": 1536600968, "distance": 12.257000000000001, "speed": 30}, {"origin": 320314951, "destination": 772970911, "distance": 80.897, "speed": 30}, {"origin": 320314951, "destination": 430308836, "distance": 28.226999999999997, "speed": 30}, {"origin": 430169696, "destination": 1997280418, "distance": 32.151, "speed": 30}, {"origin": 430169696, "destination": 430171573, "distance": 151.17299999999997, "speed": 30}, {"origin": 430171573, "destination": 430169696, "distance": 151.173, "speed": 30}, {"origin": 430171573, "destination": 946558782, "distance": 72.012, "speed": 30}, {"origin": 430171573, "destination": 1835328230, "distance": 78.72600000000001, "speed": 30}, {"origin": 430305114, "destination": 4522342872, "distance": 23.151, "speed": 30}, {"origin": 430305116, "destination": 1312091205, "distance": 2.341, "speed": 30}, {"origin": 430308836, "destination": 320314951, "distance": 28.226999999999997, "speed": 30}, {"origin": 430308836, "destination": 772970923, "distance": 69.841, "speed": 30}, {"origin": 772970906, "destination": 2792046675, "distance": 72.351, "speed": 30}, {"origin": 772970908, "destination": 772970923, "distance": 34.884, "speed": 30}, {"origin": 772970909, "destination": 772970918, "distance": 71.14500000000001, "speed": 30}, {"origin": 772970911, "destination": 772970906, "distance": 57.356, "speed": 30}, {"origin": 772970911, "destination": 772970908, "distance": 38.084, "speed": 30}, {"origin": 772970912, "destination": 1531612366, "distance": 2.511, "speed": 30}, {"origin": 772970912, "destination": 772970908, "distance": 86.734, "speed": 30}, {"origin": 772970918, "destination": 772970912, "distance": 37.007, "speed": 30}, {"origin": 772970923, "destination": 772970918, "distance": 86.50399999999999, "speed": 30}, {"origin": 946558782, "destination": 40116489, "distance": 83.471, "speed": 30}, {"origin": 946565137, "destination": 1835328230, "distance": 115.09599999999999, "speed": 30}, {"origin": 1123928162, "destination": 946565137, "distance": 50.723, "speed": 30}, {"origin": 1123928162, "destination": 1863947927, "distance": 46.705, "speed": 30}, {"origin": 1123928168, "destination": 11355673014, "distance": 86.26599999999999, "speed": 30}, {"origin": 1123928168, "destination": 1835328243, "distance": 79.333, "speed": 30}, {"origin": 1264303755, "destination": 4404600177, "distance": 8.659, "speed": 30}, {"origin": 1264303774, "destination": 1312091282, "distance": 126.35900000000001, "speed": 30}, {"origin": 1312091205, "destination": 4575714124, "distance": 11.316, "speed": 30}, {"origin": 1312091205, "destination": 4575714125, "distance": 13.864, "speed": 30}, {"origin": 1312091207, "destination": 1997280418, "distance": 26.534, "speed": 30}, {"origin": 1312091207, "destination": 430169696, "distance": 29.055999999999997, "speed": 30}, {"origin": 1312091282, "destination": 4404600176, "distance": 27.977, "speed": 30}, {"origin": 1529477173, "destination": 1123928162, "distance": 62.638, "speed": 30}, {"origin": 1529477228, "destination": 1863947927, "distance": 58.025999999999996, "speed": 30}, {"origin": 1529477228, "destination": 946565137, "distance": 44.326, "speed": 30}, {"origin": 1529724413, "destination": 265487272, "distance": 11.237, "speed": 30}, {"origin": 1531612082, "destination": 1312091207, "distance": 35.617, "speed": 30}, {"origin": 1531612218, "destination": 1531612082, "distance": 274.21000000000004, "speed": 30}, {"origin": 1531612218, "destination": 1835328244, "distance": 85.34, "speed": 30}, {"origin": 1531612366, "destination": 772970906, "distance": 78.37700000000001, "speed": 30}, {"origin": 1536600968, "destination": 4404600180, "distance": 41.926, "speed": 30}, {"origin": 1835328230, "destination": 1835328243, "distance": 106.7, "speed": 30}, {"origin": 1835328230, "destination": 430171573, "distance": 78.72600000000001, "speed": 30}, {"origin": 1835328240, "destination": 1529477228, "distance": 38.799, "speed": 30}, {"origin": 1835328243, "destination": 1123928162, "distance": 25.48, "speed": 30}, {"origin": 1835328244, "destination": 1123928168, "distance": 59.8, "speed": 30}, {"origin": 1835328244, "destination": 430171573, "distance": 90.995, "speed": 30}, {"origin": 1835328249, "destination": 40120091, "distance": 8.391, "speed": 30}, {"origin": 1835328249, "destination": 2101156997, "distance": 28.215999999999998, "speed": 30}, {"origin": 1994438273, "destination": 1529724413, "distance": 32.327999999999996, "speed": 30}, {"origin": 1997280418, "destination": 1312091282, "distance": 15.392, "speed": 30}, {"origin": 2101156997, "destination": 11355758681, "distance": 14.269, "speed": 30}, {"origin": 2101156997, "destination": 265487258, "distance": 30.662, "speed": 30}, {"origin": 2792046675, "destination": 1994438273, "distance": 31.932, "speed": 30}, {"origin": 4404600176, "destination": 1264303755, "distance": 11.118, "speed": 30}, {"origin": 4404600176, "destination": 4404600177, "distance": 11.196, "speed": 30}, {"origin": 4404600177, "destination": 430305114, "distance": 45.593999999999994, "speed": 30}, {"origin": 4404600179, "destination": 40120091, "distance": 2.948, "speed": 30}, {"origin": 4404600179, "destination": 1529477173, "distance": 78.808, "speed": 30}, {"origin": 4404600180, "destination": 4404600179, "distance": 5.777, "speed": 30}, {"origin": 4522342872, "destination": 430305116, "distance": 1.139, "speed": 30}, {"origin": 4575714124, "destination": 4575714125, "distance": 9.145, "speed": 30}, {"origin": 4575714124, "destination": 320314951, "distance": 64.876, "speed": 30}, {"origin": 4575714125, "destination": 1531612082, "distance": 27.625999999999998, "speed": 30}, {"origin": 11355673014, "destination": 2101156997, "distance": 13.238, "speed": 30}, {"origin": 11355758681, "destination": 1531612218, "distance": 19.294, "speed": 30}, {"origin": 11355758681, "destination": 11355673014, "distance": 11.123, "speed": 30}], "candidates": [[946558782, 13396], [1835328230, 2619], [772970909, 16803], [1312091205, 17084], [772970912, 19245], [4404600176, 1133], [2101156997, 18985], [4404600177, 5502], [772970908, 18454], [4575714125, 7079], [1264303774, 10072], [265487272, 17971], [430169696, 17203], [1994438273, 14848], [1531612082, 8132], [430305114, 17958], [1529724413, 12669], [4404600179, 13545], [1835328244, 15243], [430171573, 12216], [772970906, 4110], [1531612218, 7754], [946565137, 16727], [1123928168, 8729], [1264303755, 15717]], "number_stations": 5}