{"address": "Calle Franciscanos, Albacete", "distance": 250, "initial": 1256026671, "final": 1983117782, "intersections": [{"identifier": 672060821, "longitude": -1.8635154, "latitude": 38.9897668}, {"identifier": 672063299, "longitude": -1.8643376, "latitude": 38.9888384}, {"identifier": 672063300, "longitude": -1.8634083, "latitude": 38.9883502}, {"identifier": 672063711, "longitude": -1.8619991, "latitude": 38.9890059}, {"identifier": 1255547622, "longitude": -1.8611594, "latitude": 38.9913371}, {"identifier": 1255547623, "longitude": -1.8641357, "latitude": 38.9914708}, {"identifier": 1255547628, "longitude": -1.8636184, "latitude": 38.9907124}, {"identifier": 1255547629, "longitude": -1.8603937, "latitude": 38.9909338}, {"identifier": 1255547631, "longitude": -1.8633103, "latitude": 38.9910449}, {"identifier": 1255547633, "longitude": -1.8614817, "latitude": 38.9896273}, {"identifier": 1255547637, "longitude": -1.8650502, "latitude": 38.9892083}, {"identifier": 1255547640, "longitude": -1.8624173, "latitude": 38.9919809}, {"identifier": 1255547641, "longitude": -1.8619174, "latitude": 38.9903211}, {"identifier": 1255547642, "longitude": -1.8621742, "latitude": 38.989979}, {"identifier": 1255547644, "longitude": -1.8612004, "latitude": 38.9899649}, {"identifier": 1255547645, "longitude": -1.8618339, "latitude": 38.9916764}, {"identifier": 1255547648, "longitude": -1.8641868, "latitude": 38.9901078}, {"identifier": 1255547649, "longitude": -1.8626854, "latitude": 38.9907203}, {"identifier": 1255547652, "longitude": -1.862969, "latitude": 38.9903827}, {"identifier": 1256004122, "longitude": -1.8650292, "latitude": 38.990534}, {"identifier": 1256004131, "longitude": -1.8644571, "latitude": 38.9911383}, {"identifier": 1256004135, "longitude": -1.863854, "latitude": 38.9917804}, {"identifier": 1256026634, "longitude": -1.861648, "latitude": 38.9906956}, {"identifier": 1256026641, "longitude": -1.8623737, "latitude": 38.9910669}, {"identifier": 1256026671, "longitude": -1.8609055, "latitude": 38.9903191}, {"identifier": 1322977380, "longitude": -1.8608038, "latitude": 38.9897528}, {"identifier": 1322977381, "longitude": -1.8610748, "latitude": 38.9894207}, {"identifier": 1322980461, "longitude": -1.8630544, "latitude": 38.988817}, {"identifier": 1322980462, "longitude": -1.8620344, "latitude": 38.9882924}, {"identifier": 1322980464, "longitude": -1.8624226, "latitude": 38.9884973}, {"identifier": 1528823288, "longitude": -1.8647438, "latitude": 38.9883992}, {"identifier": 1528823328, "longitude": -1.8610969, "latitude": 38.9885385}, {"identifier": 1528823330, "longitude": -1.8605795, "latitude": 38.9891692}, {"identifier": 1528823342, "longitude": -1.8635995, "latitude": 38.9902083}, {"identifier": 1528823351, "longitude": -1.8639251, "latitude": 38.9903785}, {"identifier": 1528823372, "longitude": -1.8638935, "latitude": 38.9908521}, {"identifier": 1529197051, "longitude": -1.8632786, "latitude": 38.9900407}, {"identifier": 1557279034, "longitude": -1.8629925, "latitude": 38.9913783}, {"identifier": 1579342548, "longitude": -1.8644589, "latitude": 38.9902486}, {"identifier": 1580652280, "longitude": -1.8651675, "latitude": 38.9920279}, {"identifier": 1736087420, "longitude": -1.8657136, "latitude": 38.9917778}, {"identifier": 1736133420, "longitude": -1.863315, "latitude": 38.9905584}, {"identifier": 1736133421, "longitude": -1.8639535, "latitude": 38.9892768}, {"identifier": 1788243280, "longitude": -1.8603086, "latitude": 38.989502}, {"identifier": 1788243287, "longitude": -1.8647413, "latitude": 38.9908392}, {"identifier": 1845484937, "longitude": -1.8626687, "latitude": 38.9893416}, {"identifier": 1845484942, "longitude": -1.8606548, "latitude": 38.9920228}, {"identifier": 1983117780, "longitude": -1.8604087, "latitude": 38.9881984}, {"identifier": 1983117782, "longitude": -1.8612379, "latitude": 38.9923613}, {"identifier": 1984210179, "longitude": -1.8616013, "latitude": 38.9887913}, {"identifier": 1984658042, "longitude": -1.8655431, "latitude": 38.989461}], "segments": [{"origin": 672060821, "destination": 1529197051, "distance": 36.694, "speed": 30}, {"origin": 672060821, "destination": 1255547648, "distance": 69.31700000000001, "speed": 30}, {"origin": 672063299, "destination": 672063300, "distance": 96.943, "speed": 30}, {"origin": 672063299, "destination": 1736133421, "distance": 58.977999999999994, "speed": 30}, {"origin": 672063711, "destination": 1255547633, "distance": 82.304, "speed": 30}, {"origin": 672063711, "destination": 1845484937, "distance": 68.86800000000001, "speed": 30}, {"origin": 1255547622, "destination": 1256026634, "distance": 82.894, "speed": 30}, {"origin": 1255547622, "destination": 1255547629, "distance": 79.94, "speed": 30}, {"origin": 1255547623, "destination": 1256004131, "distance": 46.244, "speed": 30}, {"origin": 1255547623, "destination": 1580652280, "distance": 108.737, "speed": 30}, {"origin": 1255547628, "destination": 1736133420, "distance": 31.318, "speed": 30}, {"origin": 1255547628, "destination": 1528823351, "distance": 45.621, "speed": 30}, {"origin": 1255547631, "destination": 1255547628, "distance": 45.562999999999995, "speed": 30}, {"origin": 1255547631, "destination": 1255547623, "distance": 85.624, "speed": 30}, {"origin": 1255547633, "destination": 1255547644, "distance": 44.725, "speed": 30}, {"origin": 1255547633, "destination": 1322977381, "distance": 42.006, "speed": 30}, {"origin": 1255547637, "destination": 672063299, "distance": 74.06099999999999, "speed": 30}, {"origin": 1255547640, "destination": 1557279034, "distance": 83.44, "speed": 30}, {"origin": 1255547640, "destination": 1255547645, "distance": 60.734, "speed": 30}, {"origin": 1255547641, "destination": 1255547642, "distance": 44.041, "speed": 30}, {"origin": 1255547641, "destination": 1255547649, "distance": 79.85, "speed": 30}, {"origin": 1255547642, "destination": 1845484937, "distance": 82.764, "speed": 30}, {"origin": 1255547642, "destination": 1255547633, "distance": 71.495, "speed": 30}, {"origin": 1255547644, "destination": 1256026671, "distance": 46.913, "speed": 30}, {"origin": 1255547644, "destination": 1255547641, "distance": 73.54599999999999, "speed": 30}, {"origin": 1255547645, "destination": 1255547622, "distance": 69.438, "speed": 30}, {"origin": 1255547645, "destination": 1983117782, "distance": 91.94099999999999, "speed": 30}, {"origin": 1255547648, "destination": 1255547637, "distance": 124.79, "speed": 30}, {"origin": 1255547648, "destination": 1579342548, "distance": 28.253, "speed": 30}, {"origin": 1255547649, "destination": 1255547631, "distance": 64.958, "speed": 30}, {"origin": 1255547649, "destination": 1256026641, "distance": 47.022, "speed": 30}, {"origin": 1255547652, "destination": 1255547642, "distance": 82.059, "speed": 30}, {"origin": 1255547652, "destination": 1255547649, "distance": 44.833, "speed": 30}, {"origin": 1256004131, "destination": 1528823372, "distance": 58.184, "speed": 30}, {"origin": 1256004131, "destination": 1788243287, "distance": 41.345, "speed": 30}, {"origin": 1256004135, "destination": 1255547623, "distance": 42.165, "speed": 30}, {"origin": 1256026634, "destination": 1255547641, "distance": 47.71, "speed": 30}, {"origin": 1256026634, "destination": 1256026671, "distance": 76.62, "speed": 30}, {"origin": 1256026641, "destination": 1256026634, "distance": 75.089, "speed": 30}, {"origin": 1256026641, "destination": 1255547645, "distance": 82.279, "speed": 30}, {"origin": 1256026671, "destination": 1255547629, "distance": 81.41600000000001, "speed": 30}, {"origin": 1322977380, "destination": 1255547644, "distance": 41.607, "speed": 30}, {"origin": 1322977380, "destination": 1322977381, "distance": 43.730000000000004, "speed": 30}, {"origin": 1322977381, "destination": 1984210179, "distance": 83.479, "speed": 30}, {"origin": 1322977381, "destination": 1528823330, "distance": 51.143, "speed": 30}, {"origin": 1322980461, "destination": 672063300, "distance": 60.248, "speed": 30}, {"origin": 1322980461, "destination": 1322980464, "distance": 65.158, "speed": 30}, {"origin": 1322980464, "destination": 672063711, "distance": 67.365, "speed": 30}, {"origin": 1322980464, "destination": 1322980462, "distance": 40.556, "speed": 30}, {"origin": 1528823288, "destination": 672063299, "distance": 60.147, "speed": 30}, {"origin": 1528823328, "destination": 1528823330, "distance": 83.178, "speed": 30}, {"origin": 1528823328, "destination": 1984210179, "distance": 51.873, "speed": 30}, {"origin": 1528823330, "destination": 1788243280, "distance": 43.791, "speed": 30}, {"origin": 1528823342, "destination": 1736133420, "distance": 46.044, "speed": 20}, {"origin": 1528823342, "destination": 1529197051, "distance": 33.414, "speed": 20}, {"origin": 1528823342, "destination": 1528823351, "distance": 33.913, "speed": 20}, {"origin": 1528823351, "destination": 1528823342, "distance": 33.913, "speed": 20}, {"origin": 1528823351, "destination": 1255547648, "distance": 37.650999999999996, "speed": 30}, {"origin": 1528823372, "destination": 1255547628, "distance": 28.401, "speed": 30}, {"origin": 1528823372, "destination": 1579342548, "distance": 83.013, "speed": 20}, {"origin": 1529197051, "destination": 1528823342, "distance": 33.414, "speed": 20}, {"origin": 1529197051, "destination": 1255547652, "distance": 46.498999999999995, "speed": 30}, {"origin": 1557279034, "destination": 1256026641, "distance": 63.711, "speed": 30}, {"origin": 1557279034, "destination": 1255547631, "distance": 46.138, "speed": 30}, {"origin": 1579342548, "destination": 1528823372, "distance": 83.013, "speed": 20}, {"origin": 1579342548, "destination": 1256004122, "distance": 58.622, "speed": 30}, {"origin": 1736087420, "destination": 1580652280, "distance": 54.78, "speed": 30}, {"origin": 1736087420, "destination": 1256004131, "distance": 129.804, "speed": 30}, {"origin": 1736133420, "destination": 1528823342, "distance": 46.044, "speed": 20}, {"origin": 1736133420, "destination": 1255547652, "distance": 35.72, "speed": 30}, {"origin": 1736133421, "destination": 1322980461, "distance": 93.019, "speed": 30}, {"origin": 1736133421, "destination": 672060821, "distance": 66.351, "speed": 30}, {"origin": 1788243280, "destination": 1322977380, "distance": 51.083, "speed": 30}, {"origin": 1788243287, "destination": 1256004122, "distance": 42.081, "speed": 30}, {"origin": 1845484937, "destination": 1322980461, "distance": 67.18599999999999, "speed": 30}, {"origin": 1845484937, "destination": 672060821, "distance": 87.12399999999998, "speed": 30}, {"origin": 1845484942, "destination": 1255547622, "distance": 87.837, "speed": 30}, {"origin": 1845484942, "destination": 1983117782, "distance": 62.9, "speed": 30}, {"origin": 1983117780, "destination": 1528823328, "distance": 70.484, "speed": 30}, {"origin": 1984210179, "destination": 672063711, "distance": 41.851, "speed": 30}, {"origin": 1984210179, "destination": 1322980462, "distance": 66.923, "speed": 30}, {"origin": 1984658042, "destination": 1255547637, "distance": 51.033, "speed": 30}]}