{"address": "Calle del Virrey Morcillo, Albacete", "distance": 250, "initial": 772970904, "final": 2000100687, "intersections": [{"identifier": 430968565, "longitude": -1.8602834, "latitude": 38.9991511}, {"identifier": 430968569, "longitude": -1.858918, "latitude": 38.9982214}, {"identifier": 430968573, "longitude": -1.8588948, "latitude": 38.9980972}, {"identifier": 430968590, "longitude": -1.8587723, "latitude": 38.9983034}, {"identifier": 430968592, "longitude": -1.8589007, "latitude": 38.9984077}, {"identifier": 430968594, "longitude": -1.8602064, "latitude": 38.999258}, {"identifier": 430968596, "longitude": -1.8607262, "latitude": 38.9996996}, {"identifier": 431043029, "longitude": -1.858698, "latitude": 38.9980651}, {"identifier": 434369348, "longitude": -1.8612288, "latitude": 38.9995786}, {"identifier": 434369351, "longitude": -1.8602513, "latitude": 38.9958733}, {"identifier": 435465434, "longitude": -1.858455, "latitude": 38.995743}, {"identifier": 435465437, "longitude": -1.85787, "latitude": 38.99576}, {"identifier": 571127449, "longitude": -1.858084, "latitude": 38.9978748}, {"identifier": 571129942, "longitude": -1.8571225, "latitude": 38.9978826}, {"identifier": 571129950, "longitude": -1.8588383, "latitude": 38.9991189}, {"identifier": 772970904, "longitude": -1.8581771, "latitude": 38.9990718}, {"identifier": 955316231, "longitude": -1.8570394, "latitude": 38.9958374}, {"identifier": 1255528482, "longitude": -1.8599493, "latitude": 38.9981717}, {"identifier": 1255528488, "longitude": -1.8609381, "latitude": 38.9982798}, {"identifier": 1255547643, "longitude": -1.8604788, "latitude": 38.9968958}, {"identifier": 1257471995, "longitude": -1.8598054, "latitude": 38.9988229}, {"identifier": 1257471997, "longitude": -1.860305, "latitude": 38.9962944}, {"identifier": 1265098200, "longitude": -1.859014, "latitude": 38.9975216}, {"identifier": 1265098203, "longitude": -1.8600509, "latitude": 38.9976478}, {"identifier": 1529477002, "longitude": -1.8602933, "latitude": 38.9961909}, {"identifier": 1529477781, "longitude": -1.8617975, "latitude": 38.9976748}, {"identifier": 1529477782, "longitude": -1.8616692, "latitude": 38.9982722}, {"identifier": 1529477783, "longitude": -1.8615017, "latitude": 38.9989424}, {"identifier": 1529477806, "longitude": -1.8610766, "latitude": 38.9989093}, {"identifier": 1529477842, "longitude": -1.8609989, "latitude": 38.9986043}, {"identifier": 1529570478, "longitude": -1.8586713, "latitude": 38.9982755}, {"identifier": 1529724436, "longitude": -1.8584013, "latitude": 38.9980868}, {"identifier": 1529803131, "longitude": -1.8610342, "latitude": 38.9996905}, {"identifier": 1534218794, "longitude": -1.8607258, "latitude": 38.9976303}, {"identifier": 1650605349, "longitude": -1.8617768, "latitude": 38.9956316}, {"identifier": 1736146191, "longitude": -1.8609885, "latitude": 38.9959992}, {"identifier": 1838967432, "longitude": -1.8569404, "latitude": 38.9989457}, {"identifier": 2000100687, "longitude": -1.857206, "latitude": 38.9972969}, {"identifier": 2783160954, "longitude": -1.858118, "latitude": 38.9978978}, {"identifier": 2822641953, "longitude": -1.8618948, "latitude": 38.9962818}, {"identifier": 2824630544, "longitude": -1.8570019, "latitude": 38.9957766}, {"identifier": 4575714132, "longitude": -1.8589357, "latitude": 38.9980863}, {"identifier": 11303171544, "longitude": -1.8611066, "latitude": 38.9996494}], "segments": [{"origin": 430968565, "destination": 1257471995, "distance": 55.16, "speed": 30}, {"origin": 430968565, "destination": 1529477842, "distance": 86.71700000000001, "speed": 30}, {"origin": 430968569, "destination": 430968573, "distance": 14.450000000000001, "speed": 30}, {"origin": 430968573, "destination": 4575714132, "distance": 3.736, "speed": 30}, {"origin": 430968573, "destination": 431043029, "distance": 18.564, "speed": 30}, {"origin": 430968590, "destination": 430968592, "distance": 16.051, "speed": 30}, {"origin": 430968590, "destination": 430968569, "distance": 16.264, "speed": 30}, {"origin": 430968592, "destination": 430968594, "distance": 147.26000000000002, "speed": 30}, {"origin": 430968592, "destination": 571129950, "distance": 79.265, "speed": 30}, {"origin": 430968594, "destination": 430968596, "distance": 66.55, "speed": 30}, {"origin": 431043029, "destination": 2783160954, "distance": 53.979, "speed": 30}, {"origin": 431043029, "destination": 1529570478, "distance": 27.933, "speed": 30}, {"origin": 434369348, "destination": 11303171544, "distance": 13.172, "speed": 30}, {"origin": 434369348, "destination": 1529477806, "distance": 75.576, "speed": 30}, {"origin": 434369351, "destination": 1736146191, "distance": 65.237, "speed": 30}, {"origin": 434369351, "destination": 1529477002, "distance": 35.501999999999995, "speed": 30}, {"origin": 435465434, "destination": 434369351, "distance": 156.036, "speed": 30}, {"origin": 435465437, "destination": 435465434, "distance": 50.591, "speed": 30}, {"origin": 435465437, "destination": 955316231, "distance": 72.3, "speed": 30}, {"origin": 571127449, "destination": 2783160954, "distance": 3.895, "speed": 30}, {"origin": 571127449, "destination": 2000100687, "distance": 99.431, "speed": 30}, {"origin": 571129942, "destination": 571127449, "distance": 83.24199999999999, "speed": 30}, {"origin": 571129942, "destination": 1838967432, "distance": 119.274, "speed": 30}, {"origin": 571129950, "destination": 430968594, "distance": 119.33599999999998, "speed": 30}, {"origin": 772970904, "destination": 571129950, "distance": 57.378, "speed": 30}, {"origin": 772970904, "destination": 1529724436, "distance": 115.461, "speed": 30}, {"origin": 955316231, "destination": 2824630544, "distance": 7.497, "speed": 30}, {"origin": 955316231, "destination": 435465437, "distance": 72.3, "speed": 30}, {"origin": 955316231, "destination": 2000100687, "distance": 163.195, "speed": 30}, {"origin": 1255528482, "destination": 1255528488, "distance": 86.29, "speed": 30}, {"origin": 1255528482, "destination": 4575714132, "distance": 88.46600000000001, "speed": 30}, {"origin": 1255528482, "destination": 1257471995, "distance": 73.47, "speed": 30}, {"origin": 1255528488, "destination": 1534218794, "distance": 74.515, "speed": 30}, {"origin": 1255528488, "destination": 1255528482, "distance": 86.28999999999999, "speed": 30}, {"origin": 1255528488, "destination": 1529477782, "distance": 63.185, "speed": 30}, {"origin": 1255547643, "destination": 1257471997, "distance": 68.584, "speed": 30}, {"origin": 1257471995, "destination": 430968569, "distance": 105.24799999999999, "speed": 30}, {"origin": 1257471997, "destination": 1529477002, "distance": 11.553, "speed": 30}, {"origin": 1257471997, "destination": 1265098203, "distance": 152.08499999999998, "speed": 30}, {"origin": 1265098200, "destination": 4575714132, "distance": 63.157000000000004, "speed": 30}, {"origin": 1265098203, "destination": 1255528482, "distance": 58.913, "speed": 30}, {"origin": 1265098203, "destination": 1265098200, "distance": 90.699, "speed": 30}, {"origin": 1529477002, "destination": 1257471997, "distance": 11.553, "speed": 30}, {"origin": 1529477002, "destination": 1265098200, "distance": 240.711, "speed": 30}, {"origin": 1529477002, "destination": 434369351, "distance": 35.501999999999995, "speed": 30}, {"origin": 1529477781, "destination": 1529477782, "distance": 67.34700000000001, "speed": 30}, {"origin": 1529477782, "destination": 1529477783, "distance": 75.916, "speed": 30}, {"origin": 1529477782, "destination": 1255528488, "distance": 63.185, "speed": 30}, {"origin": 1529477806, "destination": 1529477842, "distance": 34.573, "speed": 30}, {"origin": 1529477806, "destination": 1529477783, "distance": 36.919, "speed": 30}, {"origin": 1529477842, "destination": 1255528488, "distance": 36.464, "speed": 30}, {"origin": 1529570478, "destination": 430968590, "distance": 9.36, "speed": 30}, {"origin": 1529724436, "destination": 1529570478, "distance": 31.380000000000003, "speed": 30}, {"origin": 1534218794, "destination": 1255547643, "distance": 84.416, "speed": 30}, {"origin": 1534218794, "destination": 1529477781, "distance": 92.746, "speed": 30}, {"origin": 1736146191, "destination": 2822641953, "distance": 84.434, "speed": 30}, {"origin": 1736146191, "destination": 1650605349, "distance": 89.91300000000001, "speed": 30}, {"origin": 1838967432, "destination": 772970904, "distance": 107.786, "speed": 30}, {"origin": 2000100687, "destination": 571129942, "distance": 65.53399999999999, "speed": 30}, {"origin": 2783160954, "destination": 571127449, "distance": 3.895, "speed": 30}, {"origin": 2783160954, "destination": 1529724436, "distance": 32.268, "speed": 30}, {"origin": 2824630544, "destination": 955316231, "distance": 7.497, "speed": 30}, {"origin": 4575714132, "destination": 430968573, "distance": 3.736, "speed": 30}, {"origin": 4575714132, "destination": 1255528482, "distance": 88.46600000000001, "speed": 30}, {"origin": 11303171544, "destination": 1529803131, "distance": 7.748, "speed": 30}, {"origin": 11303171544, "destination": 430968565, "distance": 95.219, "speed": 30}]}