{"address": "Plaza Isabel II, Albacete", "distance": 250, "initial": 1972430537, "final": 1255528488, "intersections": [{"identifier": 430967281, "longitude": -1.8613265, "latitude": 38.9999751}, {"identifier": 430968565, "longitude": -1.8602834, "latitude": 38.9991511}, {"identifier": 430968569, "longitude": -1.858918, "latitude": 38.9982214}, {"identifier": 430968573, "longitude": -1.8588948, "latitude": 38.9980972}, {"identifier": 430968590, "longitude": -1.8587723, "latitude": 38.9983034}, {"identifier": 430968592, "longitude": -1.8589007, "latitude": 38.9984077}, {"identifier": 430968594, "longitude": -1.8602064, "latitude": 38.999258}, {"identifier": 430968596, "longitude": -1.8607262, "latitude": 38.9996996}, {"identifier": 431043029, "longitude": -1.858698, "latitude": 38.9980651}, {"identifier": 434369348, "longitude": -1.8612288, "latitude": 38.9995786}, {"identifier": 567242066, "longitude": -1.8599878, "latitude": 38.9999999}, {"identifier": 569093986, "longitude": -1.8582646, "latitude": 39.0017434}, {"identifier": 569095150, "longitude": -1.8615517, "latitude": 39.001539}, {"identifier": 569095151, "longitude": -1.8603944, "latitude": 39.0018101}, {"identifier": 570694341, "longitude": -1.8587178, "latitude": 39.0016884}, {"identifier": 570694342, "longitude": -1.859202, "latitude": 39.0017215}, {"identifier": 570694819, "longitude": -1.858761, "latitude": 38.9999355}, {"identifier": 570694820, "longitude": -1.8587053, "latitude": 39.0006342}, {"identifier": 570694821, "longitude": -1.8598012, "latitude": 39.0017643}, {"identifier": 570694822, "longitude": -1.8586117, "latitude": 39.0016821}, {"identifier": 571129950, "longitude": -1.8588383, "latitude": 38.9991189}, {"identifier": 672687841, "longitude": -1.8620325, "latitude": 39.0006341}, {"identifier": 672690743, "longitude": -1.8631691, "latitude": 39.0007364}, {"identifier": 1255528482, "longitude": -1.8599493, "latitude": 38.9981717}, {"identifier": 1255528488, "longitude": -1.8609381, "latitude": 38.9982798}, {"identifier": 1255528489, "longitude": -1.8627097, "latitude": 38.9982466}, {"identifier": 1255547627, "longitude": -1.862534, "latitude": 38.9990623}, {"identifier": 1257471995, "longitude": -1.8598054, "latitude": 38.9988229}, {"identifier": 1265098200, "longitude": -1.859014, "latitude": 38.9975216}, {"identifier": 1265098203, "longitude": -1.8600509, "latitude": 38.9976478}, {"identifier": 1529477781, "longitude": -1.8617975, "latitude": 38.9976748}, {"identifier": 1529477782, "longitude": -1.8616692, "latitude": 38.9982722}, {"identifier": 1529477783, "longitude": -1.8615017, "latitude": 38.9989424}, {"identifier": 1529477806, "longitude": -1.8610766, "latitude": 38.9989093}, {"identifier": 1529477842, "longitude": -1.8609989, "latitude": 38.9986043}, {"identifier": 1529477897, "longitude": -1.8633349, "latitude": 38.9998387}, {"identifier": 1529570478, "longitude": -1.8586713, "latitude": 38.9982755}, {"identifier": 1529570537, "longitude": -1.8635113, "latitude": 38.9992519}, {"identifier": 1529724436, "longitude": -1.8584013, "latitude": 38.9980868}, {"identifier": 1529803131, "longitude": -1.8610342, "latitude": 38.9996905}, {"identifier": 1529803155, "longitude": -1.8608409, "latitude": 38.9997865}, {"identifier": 1529803160, "longitude": -1.8607488, "latitude": 38.9998191}, {"identifier": 1534218793, "longitude": -1.8628251, "latitude": 38.9977276}, {"identifier": 1534218794, "longitude": -1.8607258, "latitude": 38.9976303}, {"identifier": 1580940744, "longitude": -1.8633436, "latitude": 38.9993312}, {"identifier": 1836701449, "longitude": -1.8619372, "latitude": 39.0006932}, {"identifier": 1836701457, "longitude": -1.8620921, "latitude": 39.0006478}, {"identifier": 1836701519, "longitude": -1.8612492, "latitude": 39.0008311}, {"identifier": 1838958614, "longitude": -1.860468, "latitude": 39.0007668}, {"identifier": 1838958617, "longitude": -1.862625, "latitude": 39.0012619}, {"identifier": 1838958630, "longitude": -1.8605276, "latitude": 39.0000395}, {"identifier": 1838958632, "longitude": -1.8633029, "latitude": 39.0018217}, {"identifier": 1838967404, "longitude": -1.8584013, "latitude": 39.0016654}, {"identifier": 1838967415, "longitude": -1.8598855, "latitude": 39.000724}, {"identifier": 1972430537, "longitude": -1.8625351, "latitude": 38.9997331}, {"identifier": 1972430544, "longitude": -1.8623553, "latitude": 38.9997562}, {"identifier": 1994436108, "longitude": -1.8630533, "latitude": 39.001444}, {"identifier": 2706919065, "longitude": -1.8620469, "latitude": 39.0006105}, {"identifier": 2879354499, "longitude": -1.8622587, "latitude": 38.9998809}, {"identifier": 4575714132, "longitude": -1.8589357, "latitude": 38.9980863}, {"identifier": 11303171544, "longitude": -1.8611066, "latitude": 38.9996494}], "segments": [{"origin": 430967281, "destination": 1529803131, "distance": 48.958, "speed": 30}, {"origin": 430967281, "destination": 434369348, "distance": 44.894000000000005, "speed": 30}, {"origin": 430968565, "destination": 1257471995, "distance": 55.16, "speed": 30}, {"origin": 430968565, "destination": 1529477842, "distance": 86.71700000000001, "speed": 30}, {"origin": 430968569, "destination": 430968573, "distance": 14.450000000000001, "speed": 30}, {"origin": 430968573, "destination": 4575714132, "distance": 3.736, "speed": 30}, {"origin": 430968573, "destination": 431043029, "distance": 18.564, "speed": 30}, {"origin": 430968590, "destination": 430968592, "distance": 16.051, "speed": 30}, {"origin": 430968590, "destination": 430968569, "distance": 16.264, "speed": 30}, {"origin": 430968592, "destination": 430968594, "distance": 147.26000000000002, "speed": 30}, {"origin": 430968592, "destination": 571129950, "distance": 79.265, "speed": 30}, {"origin": 430968594, "destination": 430968596, "distance": 66.55, "speed": 30}, {"origin": 430968596, "destination": 1529803160, "distance": 13.733, "speed": 30}, {"origin": 430968596, "destination": 1529803155, "distance": 13.846, "speed": 30}, {"origin": 431043029, "destination": 1529570478, "distance": 27.933, "speed": 30}, {"origin": 434369348, "destination": 11303171544, "distance": 13.172, "speed": 30}, {"origin": 434369348, "destination": 1529477806, "distance": 75.576, "speed": 30}, {"origin": 567242066, "destination": 570694819, "distance": 106.304, "speed": 30}, {"origin": 569095150, "destination": 1836701519, "distance": 82.94200000000001, "speed": 30}, {"origin": 569095150, "destination": 569095151, "distance": 104.479, "speed": 30}, {"origin": 569095151, "destination": 570694821, "distance": 51.513000000000005, "speed": 30}, {"origin": 570694341, "destination": 570694822, "distance": 9.195, "speed": 30}, {"origin": 570694342, "destination": 570694341, "distance": 42.003, "speed": 30}, {"origin": 570694819, "destination": 570694820, "distance": 77.841, "speed": 30}, {"origin": 570694820, "destination": 1838967415, "distance": 102.473, "speed": 30}, {"origin": 570694820, "destination": 570694822, "distance": 116.801, "speed": 30}, {"origin": 570694821, "destination": 570694342, "distance": 51.997, "speed": 30}, {"origin": 570694821, "destination": 1838967415, "distance": 115.905, "speed": 30}, {"origin": 570694822, "destination": 1838967404, "distance": 18.276, "speed": 30}, {"origin": 571129950, "destination": 430968594, "distance": 119.33599999999998, "speed": 30}, {"origin": 571129950, "destination": 570694819, "distance": 91.047, "speed": 30}, {"origin": 672687841, "destination": 2706919065, "distance": 2.904, "speed": 30}, {"origin": 672687841, "destination": 1836701449, "distance": 10.552, "speed": 30}, {"origin": 672690743, "destination": 1994436108, "distance": 79.323, "speed": 30}, {"origin": 1255528482, "destination": 1255528488, "distance": 86.29, "speed": 30}, {"origin": 1255528482, "destination": 4575714132, "distance": 88.46600000000001, "speed": 30}, {"origin": 1255528482, "destination": 1257471995, "distance": 73.47, "speed": 30}, {"origin": 1255528488, "destination": 1534218794, "distance": 74.515, "speed": 30}, {"origin": 1255528488, "destination": 1255528482, "distance": 86.28999999999999, "speed": 30}, {"origin": 1255528488, "destination": 1529477782, "distance": 63.185, "speed": 30}, {"origin": 1255528489, "destination": 1534218793, "distance": 58.565999999999995, "speed": 30}, {"origin": 1255528489, "destination": 1529477782, "distance": 89.96199999999999, "speed": 30}, {"origin": 1255547627, "destination": 1255528489, "distance": 91.964, "speed": 30}, {"origin": 1255547627, "destination": 1529570537, "distance": 90.62, "speed": 30}, {"origin": 1257471995, "destination": 430968569, "distance": 105.24799999999999, "speed": 30}, {"origin": 1265098200, "destination": 4575714132, "distance": 63.157000000000004, "speed": 30}, {"origin": 1265098203, "destination": 1255528482, "distance": 58.913, "speed": 30}, {"origin": 1265098203, "destination": 1265098200, "distance": 90.699, "speed": 30}, {"origin": 1529477781, "destination": 1534218793, "distance": 88.997, "speed": 30}, {"origin": 1529477781, "destination": 1529477782, "distance": 67.34700000000001, "speed": 30}, {"origin": 1529477782, "destination": 1529477783, "distance": 75.916, "speed": 30}, {"origin": 1529477782, "destination": 1255528488, "distance": 63.185, "speed": 30}, {"origin": 1529477782, "destination": 1255528489, "distance": 89.96199999999999, "speed": 30}, {"origin": 1529477783, "destination": 1255547627, "distance": 90.198, "speed": 30}, {"origin": 1529477806, "destination": 1529477842, "distance": 34.573, "speed": 30}, {"origin": 1529477806, "destination": 1529477783, "distance": 36.919, "speed": 30}, {"origin": 1529477842, "destination": 1255528488, "distance": 36.464, "speed": 30}, {"origin": 1529477897, "destination": 672690743, "distance": 100.86599999999999, "speed": 30}, {"origin": 1529570478, "destination": 430968590, "distance": 9.36, "speed": 30}, {"origin": 1529570537, "destination": 1580940744, "distance": 16.964, "speed": 30}, {"origin": 1529724436, "destination": 1529570478, "distance": 31.380000000000003, "speed": 30}, {"origin": 1529803131, "destination": 1529803155, "distance": 19.832, "speed": 30}, {"origin": 1529803155, "destination": 1529803160, "distance": 8.745, "speed": 30}, {"origin": 1529803155, "destination": 1836701449, "distance": 138.34699999999998, "speed": 30}, {"origin": 1529803160, "destination": 1838958630, "distance": 33.995, "speed": 30}, {"origin": 1529803160, "destination": 567242066, "distance": 68.786, "speed": 30}, {"origin": 1534218794, "destination": 1529477781, "distance": 92.746, "speed": 30}, {"origin": 1580940744, "destination": 1529570537, "distance": 16.964, "speed": 30}, {"origin": 1580940744, "destination": 1529477897, "distance": 57.976, "speed": 30}, {"origin": 1580940744, "destination": 1972430537, "distance": 82.961, "speed": 30}, {"origin": 1836701449, "destination": 1838958617, "distance": 86.784, "speed": 30}, {"origin": 1836701449, "destination": 672687841, "distance": 10.552, "speed": 30}, {"origin": 1836701457, "destination": 2706919065, "distance": 5.697, "speed": 30}, {"origin": 1836701457, "destination": 672690743, "distance": 93.603, "speed": 30}, {"origin": 1836701519, "destination": 1836701449, "distance": 61.400000000000006, "speed": 30}, {"origin": 1836701519, "destination": 1838958630, "distance": 109.301, "speed": 30}, {"origin": 1838958614, "destination": 569095151, "distance": 116.198, "speed": 30}, {"origin": 1838958614, "destination": 1836701519, "distance": 67.889, "speed": 30}, {"origin": 1838958617, "destination": 1838958632, "distance": 85.476, "speed": 30}, {"origin": 1838958617, "destination": 569095150, "distance": 97.741, "speed": 30}, {"origin": 1838958630, "destination": 1838958614, "distance": 81.06, "speed": 30}, {"origin": 1838958630, "destination": 567242066, "distance": 46.868, "speed": 30}, {"origin": 1838967404, "destination": 569093986, "distance": 14.655, "speed": 30}, {"origin": 1838967415, "destination": 1838958614, "distance": 50.562, "speed": 30}, {"origin": 1972430537, "destination": 1972430544, "distance": 15.863, "speed": 30}, {"origin": 1972430537, "destination": 1580940744, "distance": 82.961, "speed": 30}, {"origin": 1972430544, "destination": 1255547627, "distance": 78.791, "speed": 30}, {"origin": 1972430544, "destination": 434369348, "distance": 99.449, "speed": 30}, {"origin": 1994436108, "destination": 1836701457, "distance": 121.39699999999999, "speed": 30}, {"origin": 2706919065, "destination": 430967281, "distance": 94.59400000000001, "speed": 30}, {"origin": 2706919065, "destination": 2879354499, "distance": 84.151, "speed": 30}, {"origin": 2879354499, "destination": 1972430537, "distance": 28.993, "speed": 30}, {"origin": 2879354499, "destination": 1972430544, "distance": 16.211, "speed": 30}, {"origin": 4575714132, "destination": 430968573, "distance": 3.736, "speed": 30}, {"origin": 4575714132, "destination": 1255528482, "distance": 88.46600000000001, "speed": 30}, {"origin": 11303171544, "destination": 1529803131, "distance": 7.748, "speed": 30}, {"origin": 11303171544, "destination": 430968565, "distance": 95.219, "speed": 30}]}