{"address": "Calle \u00cdnsula Barataria, Albacete", "distance": 500, "intersections": [{"identifier": 332441491, "longitude": -1.8642896, "latitude": 38.9835057}, {"identifier": 332441495, "longitude": -1.8656735, "latitude": 38.9820673}, {"identifier": 333719887, "longitude": -1.8663984, "latitude": 38.9869795}, {"identifier": 333720921, "longitude": -1.8637137, "latitude": 38.9851337}, {"identifier": 333720922, "longitude": -1.864522, "latitude": 38.9853867}, {"identifier": 335606017, "longitude": -1.8634788, "latitude": 38.984781}, {"identifier": 335606019, "longitude": -1.8633584, "latitude": 38.984847}, {"identifier": 335606021, "longitude": -1.8638056, "latitude": 38.9850216}, {"identifier": 335606022, "longitude": -1.8635578, "latitude": 38.9851762}, {"identifier": 335606024, "longitude": -1.8633086, "latitude": 38.9850342}, {"identifier": 335606025, "longitude": -1.8636368, "latitude": 38.9845719}, {"identifier": 335606026, "longitude": -1.8637006, "latitude": 38.9848112}, {"identifier": 335607938, "longitude": -1.866186, "latitude": 38.98705}, {"identifier": 335607940, "longitude": -1.8666125, "latitude": 38.9871551}, {"identifier": 344736237, "longitude": -1.8567481, "latitude": 38.9829978}, {"identifier": 344736241, "longitude": -1.8622679, "latitude": 38.9845941}, {"identifier": 434014584, "longitude": -1.8620555, "latitude": 38.9863228}, {"identifier": 499274675, "longitude": -1.8587288, "latitude": 38.9856477}, {"identifier": 539424015, "longitude": -1.8562782, "latitude": 38.9813729}, {"identifier": 539830996, "longitude": -1.8594144, "latitude": 38.9820417}, {"identifier": 539830999, "longitude": -1.8595759, "latitude": 38.9820326}, {"identifier": 539831002, "longitude": -1.860947, "latitude": 38.979069}, {"identifier": 539831003, "longitude": -1.8622886, "latitude": 38.9796153}, {"identifier": 539831082, "longitude": -1.8616566, "latitude": 38.9829118}, {"identifier": 539831084, "longitude": -1.8617587, "latitude": 38.9829999}, {"identifier": 539831085, "longitude": -1.8618476, "latitude": 38.9830003}, {"identifier": 539831088, "longitude": -1.8619646, "latitude": 38.9828825}, {"identifier": 539831093, "longitude": -1.8617135, "latitude": 38.9827919}, {"identifier": 539833067, "longitude": -1.8595396, "latitude": 38.9817714}, {"identifier": 539833069, "longitude": -1.8586283, "latitude": 38.9814592}, {"identifier": 539833070, "longitude": -1.8561283, "latitude": 38.9805878}, {"identifier": 539833849, "longitude": -1.8634425, "latitude": 38.9838978}, {"identifier": 539837920, "longitude": -1.8637191, "latitude": 38.9844121}, {"identifier": 551594208, "longitude": -1.8664235, "latitude": 38.9849452}, {"identifier": 551594220, "longitude": -1.8660607, "latitude": 38.9852057}, {"identifier": 621979238, "longitude": -1.8609242, "latitude": 38.9870965}, {"identifier": 719109950, "longitude": -1.8592841, "latitude": 38.9845833}, {"identifier": 1256026630, "longitude": -1.8611088, "latitude": 38.9841891}, {"identifier": 1256026700, "longitude": -1.8597916, "latitude": 38.9867277}, {"identifier": 1266037410, "longitude": -1.8614381, "latitude": 38.9861393}, {"identifier": 1322977377, "longitude": -1.8632084, "latitude": 38.9869236}, {"identifier": 1322977383, "longitude": -1.8638762, "latitude": 38.986126}, {"identifier": 1526705372, "longitude": -1.8607034, "latitude": 38.984987}, {"identifier": 1526705382, "longitude": -1.8627854, "latitude": 38.9855792}, {"identifier": 1526705389, "longitude": -1.8647416, "latitude": 38.9865824}, {"identifier": 1526705395, "longitude": -1.8618775, "latitude": 38.9853212}, {"identifier": 1526728304, "longitude": -1.8567272, "latitude": 38.9843657}, {"identifier": 1526728308, "longitude": -1.8561998, "latitude": 38.9849544}, {"identifier": 1526728335, "longitude": -1.8593195, "latitude": 38.9842069}, {"identifier": 1526728361, "longitude": -1.8559256, "latitude": 38.9837355}, {"identifier": 1526728362, "longitude": -1.8588887, "latitude": 38.9835825}, {"identifier": 1526728364, "longitude": -1.858781, "latitude": 38.9841826}, {"identifier": 1526728365, "longitude": -1.8594259, "latitude": 38.9855412}, {"identifier": 1526728367, "longitude": -1.8568717, "latitude": 38.9836194}, {"identifier": 1526728370, "longitude": -1.8579043, "latitude": 38.9842857}, {"identifier": 1526728376, "longitude": -1.8569202, "latitude": 38.9853306}, {"identifier": 1526728377, "longitude": -1.8568231, "latitude": 38.984862}, {"identifier": 1526728384, "longitude": -1.8591941, "latitude": 38.9855583}, {"identifier": 1526728400, "longitude": -1.8560956, "latitude": 38.984459}, {"identifier": 1526728406, "longitude": -1.8598272, "latitude": 38.9847378}, {"identifier": 1526728410, "longitude": -1.8570301, "latitude": 38.9843327}, {"identifier": 1526752502, "longitude": -1.8657966, "latitude": 38.9830752}, {"identifier": 1526752509, "longitude": -1.8658659, "latitude": 38.983905}, {"identifier": 1526752558, "longitude": -1.8647152, "latitude": 38.9847947}, {"identifier": 1526752601, "longitude": -1.8650073, "latitude": 38.9843236}, {"identifier": 1526752631, "longitude": -1.8651958, "latitude": 38.9840263}, {"identifier": 1526752638, "longitude": -1.8648934, "latitude": 38.9844989}, {"identifier": 1526752640, "longitude": -1.8653872, "latitude": 38.9837252}, {"identifier": 1528823253, "longitude": -1.8671617, "latitude": 38.9862034}, {"identifier": 1528823271, "longitude": -1.864403, "latitude": 38.9870299}, {"identifier": 1528823322, "longitude": -1.8617362, "latitude": 38.9855843}, {"identifier": 1528823325, "longitude": -1.8626463, "latitude": 38.9866307}, {"identifier": 1528823380, "longitude": -1.8602868, "latitude": 38.9857971}, {"identifier": 1528823390, "longitude": -1.8600657, "latitude": 38.9862239}, {"identifier": 1528832258, "longitude": -1.8638681, "latitude": 38.9867613}, {"identifier": 1528832261, "longitude": -1.8634908, "latitude": 38.9865749}, {"identifier": 1528832266, "longitude": -1.8629182, "latitude": 38.9862896}, {"identifier": 1529201953, "longitude": -1.8594571, "latitude": 38.9834229}, {"identifier": 1529201976, "longitude": -1.8633036, "latitude": 38.9858209}, {"identifier": 1529201982, "longitude": -1.8587382, "latitude": 38.9846029}, {"identifier": 1529202023, "longitude": -1.8623479, "latitude": 38.9860197}, {"identifier": 1529202047, "longitude": -1.8654228, "latitude": 38.9857522}, {"identifier": 1529202049, "longitude": -1.8580298, "latitude": 38.9831162}, {"identifier": 1529202053, "longitude": -1.8602629, "latitude": 38.9839006}, {"identifier": 1529202087, "longitude": -1.8588772, "latitude": 38.9834385}, {"identifier": 1529202090, "longitude": -1.8593654, "latitude": 38.9836571}, {"identifier": 1529202109, "longitude": -1.859135, "latitude": 38.983309}, {"identifier": 1529202111, "longitude": -1.8594742, "latitude": 38.9834835}, {"identifier": 1529475081, "longitude": -1.8638497, "latitude": 38.9833174}, {"identifier": 1529475083, "longitude": -1.8630828, "latitude": 38.983071}, {"identifier": 1529475090, "longitude": -1.86345, "latitude": 38.9841475}, {"identifier": 1529475093, "longitude": -1.8624129, "latitude": 38.9843297}, {"identifier": 1529475094, "longitude": -1.862846, "latitude": 38.9835139}, {"identifier": 1529475098, "longitude": -1.8623464, "latitude": 38.9818505}, {"identifier": 1529475099, "longitude": -1.8628519, "latitude": 38.9809153}, {"identifier": 1529475130, "longitude": -1.8636914, "latitude": 38.9810916}, {"identifier": 1529475160, "longitude": -1.8594405, "latitude": 38.982818}, {"identifier": 1529475169, "longitude": -1.8585551, "latitude": 38.9827701}, {"identifier": 1529475193, "longitude": -1.8598578, "latitude": 38.9834924}, {"identifier": 1529475206, "longitude": -1.8603794, "latitude": 38.9836548}, {"identifier": 1529475275, "longitude": -1.8599015, "latitude": 38.981055}, {"identifier": 1529475285, "longitude": -1.8602031, "latitude": 38.9804615}, {"identifier": 1529475300, "longitude": -1.8612331, "latitude": 38.9815993}, {"identifier": 1529475301, "longitude": -1.8616078, "latitude": 38.9809184}, {"identifier": 1529475302, "longitude": -1.8619232, "latitude": 38.9803323}, {"identifier": 1529475338, "longitude": -1.8617069, "latitude": 38.9798211}, {"identifier": 1529623293, "longitude": -1.8600519, "latitude": 38.9843046}, {"identifier": 1529623303, "longitude": -1.8576379, "latitude": 38.9847527}, {"identifier": 1529623313, "longitude": -1.858717, "latitude": 38.9848253}, {"identifier": 1529623346, "longitude": -1.8609051, "latitude": 38.9845849}, {"identifier": 1529623348, "longitude": -1.8642387, "latitude": 38.9863163}, {"identifier": 1529623352, "longitude": -1.8579657, "latitude": 38.9837062}, {"identifier": 1529776636, "longitude": -1.8594646, "latitude": 38.9821352}, {"identifier": 1529776701, "longitude": -1.8594338, "latitude": 38.9830019}, {"identifier": 1529776720, "longitude": -1.859555, "latitude": 38.9821245}, {"identifier": 1529776769, "longitude": -1.8595063, "latitude": 38.9819988}, {"identifier": 1530704601, "longitude": -1.8605154, "latitude": 38.9798814}, {"identifier": 1530704632, "longitude": -1.8618824, "latitude": 38.9827728}, {"identifier": 1530704637, "longitude": -1.8639557, "latitude": 38.9844893}, {"identifier": 1530704651, "longitude": -1.8611099, "latitude": 38.9815829}, {"identifier": 1530704673, "longitude": -1.8627166, "latitude": 38.9806232}, {"identifier": 1530704741, "longitude": -1.8650198, "latitude": 38.9826563}, {"identifier": 1530704777, "longitude": -1.8614515, "latitude": 38.9808791}, {"identifier": 1530704878, "longitude": -1.8607248, "latitude": 38.9794898}, {"identifier": 1530704881, "longitude": -1.8646101, "latitude": 38.983423}, {"identifier": 1530722043, "longitude": -1.861764, "latitude": 38.9802864}, {"identifier": 1530722049, "longitude": -1.8608835, "latitude": 38.9826388}, {"identifier": 1530722125, "longitude": -1.860235, "latitude": 38.9824095}, {"identifier": 1530722175, "longitude": -1.8612932, "latitude": 38.9815043}, {"identifier": 1530897531, "longitude": -1.8642399, "latitude": 38.9840198}, {"identifier": 1530897562, "longitude": -1.8641335, "latitude": 38.9841908}, {"identifier": 1530897585, "longitude": -1.8654594, "latitude": 38.9847226}, {"identifier": 1530897650, "longitude": -1.8668628, "latitude": 38.985777}, {"identifier": 1530897686, "longitude": -1.8655772, "latitude": 38.9845421}, {"identifier": 1530897746, "longitude": -1.8644341, "latitude": 38.9837216}, {"identifier": 1531659768, "longitude": -1.862891, "latitude": 38.9854731}, {"identifier": 1540555108, "longitude": -1.8644479, "latitude": 38.9852391}, {"identifier": 1540598147, "longitude": -1.8591759, "latitude": 38.9859523}, {"identifier": 1560166290, "longitude": -1.8575804, "latitude": 38.9842935}, {"identifier": 1562200768, "longitude": -1.8657364, "latitude": 38.9863027}, {"identifier": 1562200802, "longitude": -1.8669276, "latitude": 38.9858694}, {"identifier": 1568067925, "longitude": -1.8587439, "latitude": 38.9845527}, {"identifier": 1573048063, "longitude": -1.8590937, "latitude": 38.9861988}, {"identifier": 1573048065, "longitude": -1.8588704, "latitude": 38.9858153}, {"identifier": 1573048095, "longitude": -1.8591671, "latitude": 38.98602}, {"identifier": 1577308277, "longitude": -1.862661, "latitude": 38.9812709}, {"identifier": 1577713909, "longitude": -1.8617854, "latitude": 38.9827683}, {"identifier": 1628459221, "longitude": -1.8673907, "latitude": 38.986504}, {"identifier": 1628459224, "longitude": -1.8635742, "latitude": 38.9871142}, {"identifier": 1635557952, "longitude": -1.866575, "latitude": 38.985164}, {"identifier": 1635557962, "longitude": -1.8639707, "latitude": 38.9833709}, {"identifier": 1635557966, "longitude": -1.8667217, "latitude": 38.9850823}, {"identifier": 1643327715, "longitude": -1.8667493, "latitude": 38.9827167}, {"identifier": 1643327716, "longitude": -1.8663605, "latitude": 38.982486}, {"identifier": 1736073022, "longitude": -1.8652907, "latitude": 38.9868665}, {"identifier": 1736073025, "longitude": -1.8671135, "latitude": 38.9854176}, {"identifier": 1736073029, "longitude": -1.8662313, "latitude": 38.9844195}, {"identifier": 1736129366, "longitude": -1.8611499, "latitude": 38.9814625}, {"identifier": 1835353337, "longitude": -1.8644063, "latitude": 38.9833466}, {"identifier": 1835353348, "longitude": -1.8661286, "latitude": 38.9853559}, {"identifier": 1835353351, "longitude": -1.8662931, "latitude": 38.9851033}, {"identifier": 1835353352, "longitude": -1.8582004, "latitude": 38.9816379}, {"identifier": 1835353359, "longitude": -1.8657588, "latitude": 38.9852032}, {"identifier": 1835353360, "longitude": -1.8579178, "latitude": 38.9816791}, {"identifier": 1835353367, "longitude": -1.8635809, "latitude": 38.9836895}, {"identifier": 1835353370, "longitude": -1.8629173, "latitude": 38.9833821}, {"identifier": 1835353386, "longitude": -1.866425, "latitude": 38.9850985}, {"identifier": 1835353387, "longitude": -1.8579126, "latitude": 38.9815134}, {"identifier": 1836678889, "longitude": -1.8633843, "latitude": 38.9837839}, {"identifier": 1836678891, "longitude": -1.8642081, "latitude": 38.9836355}, {"identifier": 1836678893, "longitude": -1.8638215, "latitude": 38.9835775}, {"identifier": 1836678895, "longitude": -1.8637261, "latitude": 38.9843993}, {"identifier": 1958896976, "longitude": -1.8625746, "latitude": 38.9840252}, {"identifier": 1989898224, "longitude": -1.8611642, "latitude": 38.9841048}, {"identifier": 1991039584, "longitude": -1.865329, "latitude": 38.9858357}, {"identifier": 2074561308, "longitude": -1.8590875, "latitude": 38.9860645}, {"identifier": 2221740256, "longitude": -1.8663885, "latitude": 38.9849961}, {"identifier": 3073519854, "longitude": -1.857596, "latitude": 38.9853895}, {"identifier": 3720329433, "longitude": -1.8591715, "latitude": 38.9833012}, {"identifier": 3720329437, "longitude": -1.8589668, "latitude": 38.9834854}, {"identifier": 3720329440, "longitude": -1.8589674, "latitude": 38.9835115}, {"identifier": 3721441045, "longitude": -1.8593399, "latitude": 38.9836692}, {"identifier": 4575714131, "longitude": -1.8596108, "latitude": 38.9820446}, {"identifier": 4582722295, "longitude": -1.8633166, "latitude": 38.9850467}, {"identifier": 6296438171, "longitude": -1.8589676, "latitude": 38.9865973}, {"identifier": 6296438172, "longitude": -1.8590788, "latitude": 38.9864989}], "segments": [{"origin": 332441491, "destination": 1836678891, "distance": 16.06, "speed": 30}, {"origin": 332441491, "destination": 1835353337, "distance": 20.365, "speed": 30}, {"origin": 332441491, "destination": 1635557962, "distance": 31.386, "speed": 30}, {"origin": 332441495, "destination": 1643327716, "distance": 75.458, "speed": 30}, {"origin": 332441495, "destination": 1530704741, "distance": 86.51100000000001, "speed": 30}, {"origin": 333719887, "destination": 1529202047, "distance": 160.618, "speed": 40}, {"origin": 333719887, "destination": 335607938, "distance": 20.729, "speed": 30}, {"origin": 333720921, "destination": 333720922, "distance": 75.50800000000001, "speed": 40}, {"origin": 333720921, "destination": 335606021, "distance": 14.995, "speed": 30}, {"origin": 333720922, "destination": 1991039584, "distance": 86.426, "speed": 40}, {"origin": 335606017, "destination": 335606019, "distance": 12.806000000000001, "speed": 30}, {"origin": 335606019, "destination": 335606024, "distance": 22.020000000000003, "speed": 30}, {"origin": 335606019, "destination": 1989898224, "distance": 207.197, "speed": 40}, {"origin": 335606021, "destination": 335606026, "distance": 26.553, "speed": 30}, {"origin": 335606022, "destination": 333720921, "distance": 14.472000000000001, "speed": 30}, {"origin": 335606024, "destination": 4582722295, "distance": 1.552, "speed": 30}, {"origin": 335606025, "destination": 539837920, "distance": 19.14, "speed": 30}, {"origin": 335606025, "destination": 335606017, "distance": 26.965000000000003, "speed": 30}, {"origin": 335606026, "destination": 335606025, "distance": 27.174999999999997, "speed": 30}, {"origin": 335606026, "destination": 335606017, "distance": 19.904, "speed": 30}, {"origin": 335607940, "destination": 333719887, "distance": 29.277999999999995, "speed": 30}, {"origin": 344736237, "destination": 1529202049, "distance": 113.107, "speed": 40}, {"origin": 344736237, "destination": 1526728367, "distance": 69.94000000000001, "speed": 30}, {"origin": 344736241, "destination": 1526705395, "distance": 87.609, "speed": 30}, {"origin": 344736241, "destination": 335606024, "distance": 103.57400000000001, "speed": 40}, {"origin": 434014584, "destination": 1529202023, "distance": 42.126, "speed": 30}, {"origin": 434014584, "destination": 1528823325, "distance": 61.479, "speed": 30}, {"origin": 499274675, "destination": 1573048065, "distance": 22.296, "speed": 30}, {"origin": 539424015, "destination": 539833070, "distance": 88.262, "speed": 30}, {"origin": 539830996, "destination": 1529776636, "distance": 12.473, "speed": 30}, {"origin": 539830996, "destination": 1835353352, "distance": 114.138, "speed": 30}, {"origin": 539830999, "destination": 1529776769, "distance": 7.324, "speed": 30}, {"origin": 539831002, "destination": 1530704878, "distance": 50.58, "speed": 30}, {"origin": 539831002, "destination": 539831003, "distance": 130.915, "speed": 30}, {"origin": 539831003, "destination": 539831002, "distance": 130.915, "speed": 30}, {"origin": 539831082, "destination": 539831084, "distance": 13.452, "speed": 30}, {"origin": 539831084, "destination": 539831085, "distance": 7.684, "speed": 30}, {"origin": 539831084, "destination": 1989898224, "distance": 133.192, "speed": 30}, {"origin": 539831085, "destination": 539831088, "distance": 17.713, "speed": 30}, {"origin": 539831085, "destination": 1529475094, "distance": 103.549, "speed": 30}, {"origin": 539831088, "destination": 1530704632, "distance": 14.536999999999999, "speed": 30}, {"origin": 539831093, "destination": 539831082, "distance": 14.663, "speed": 30}, {"origin": 539831093, "destination": 4575714131, "distance": 199.844, "speed": 30}, {"origin": 539833067, "destination": 1529475275, "distance": 85.583, "speed": 30}, {"origin": 539833067, "destination": 1529776769, "distance": 25.518, "speed": 30}, {"origin": 539833067, "destination": 539833069, "distance": 86.081, "speed": 30}, {"origin": 539833069, "destination": 539833070, "distance": 236.82399999999998, "speed": 30}, {"origin": 539833069, "destination": 539833067, "distance": 86.081, "speed": 30}, {"origin": 539833070, "destination": 539424015, "distance": 88.262, "speed": 30}, {"origin": 539833070, "destination": 539833069, "distance": 236.82399999999998, "speed": 30}, {"origin": 539833849, "destination": 1529475090, "distance": 28.158, "speed": 30}, {"origin": 539837920, "destination": 335606025, "distance": 19.14, "speed": 30}, {"origin": 539837920, "destination": 1530704637, "distance": 22.179, "speed": 30}, {"origin": 539837920, "destination": 1836678895, "distance": 1.547, "speed": 30}, {"origin": 551594208, "destination": 2221740256, "distance": 6.418, "speed": 30}, {"origin": 551594220, "destination": 1835353348, "distance": 17.855, "speed": 30}, {"origin": 551594220, "destination": 1835353351, "distance": 23.158, "speed": 30}, {"origin": 551594220, "destination": 1835353359, "distance": 26.384, "speed": 30}, {"origin": 621979238, "destination": 1266037410, "distance": 115.339, "speed": 30}, {"origin": 621979238, "destination": 1256026700, "distance": 106.13399999999999, "speed": 30}, {"origin": 719109950, "destination": 1526728335, "distance": 41.966, "speed": 30}, {"origin": 719109950, "destination": 1568067925, "distance": 46.819, "speed": 30}, {"origin": 719109950, "destination": 1526728406, "distance": 49.987, "speed": 30}, {"origin": 1256026630, "destination": 344736241, "distance": 109.842, "speed": 40}, {"origin": 1256026700, "destination": 6296438172, "distance": 66.726, "speed": 30}, {"origin": 1256026700, "destination": 1528823390, "distance": 60.824, "speed": 30}, {"origin": 1266037410, "destination": 1528823322, "distance": 66.876, "speed": 30}, {"origin": 1266037410, "destination": 621979238, "distance": 115.339, "speed": 30}, {"origin": 1266037410, "destination": 434014584, "distance": 57.131, "speed": 30}, {"origin": 1322977377, "destination": 1528832261, "distance": 45.817, "speed": 30}, {"origin": 1322977377, "destination": 1628459224, "distance": 38.063, "speed": 30}, {"origin": 1322977383, "destination": 1529623348, "distance": 37.814, "speed": 30}, {"origin": 1322977383, "destination": 1529201976, "distance": 60.001999999999995, "speed": 30}, {"origin": 1322977383, "destination": 333720922, "distance": 99.37100000000001, "speed": 30}, {"origin": 1526705372, "destination": 1529623346, "distance": 47.99, "speed": 30}, {"origin": 1526705372, "destination": 1526728406, "distance": 80.643, "speed": 30}, {"origin": 1526705372, "destination": 1526705395, "distance": 108.071, "speed": 30}, {"origin": 1526705382, "destination": 1531659768, "distance": 14.916, "speed": 30}, {"origin": 1526705382, "destination": 1529202023, "distance": 61.879999999999995, "speed": 30}, {"origin": 1526705382, "destination": 1529201976, "distance": 52.518, "speed": 30}, {"origin": 1526705382, "destination": 1526705395, "distance": 83.552, "speed": 30}, {"origin": 1526705389, "destination": 1736073022, "distance": 57.012, "speed": 30}, {"origin": 1526705389, "destination": 1529623348, "distance": 52.582, "speed": 30}, {"origin": 1526705389, "destination": 1991039584, "distance": 97.334, "speed": 30}, {"origin": 1526705395, "destination": 1528823322, "distance": 31.702, "speed": 30}, {"origin": 1526705395, "destination": 344736241, "distance": 87.609, "speed": 30}, {"origin": 1526705395, "destination": 1526705382, "distance": 83.552, "speed": 30}, {"origin": 1526705395, "destination": 1526705372, "distance": 108.071, "speed": 30}, {"origin": 1526728304, "destination": 1526728377, "distance": 55.805, "speed": 30}, {"origin": 1526728304, "destination": 1526728400, "distance": 55.568, "speed": 30}, {"origin": 1526728308, "destination": 1526728400, "distance": 55.818, "speed": 30}, {"origin": 1526728308, "destination": 1526728377, "distance": 54.845000000000006, "speed": 30}, {"origin": 1526728335, "destination": 1526728364, "distance": 46.623, "speed": 20}, {"origin": 1526728335, "destination": 3721441045, "distance": 59.84400000000001, "speed": 30}, {"origin": 1526728362, "destination": 1526728364, "distance": 67.548, "speed": 30}, {"origin": 1526728364, "destination": 1568067925, "distance": 41.278, "speed": 30}, {"origin": 1526728365, "destination": 1526728384, "distance": 20.125, "speed": 30}, {"origin": 1526728365, "destination": 1526728406, "distance": 95.831, "speed": 30}, {"origin": 1526728365, "destination": 1528823380, "distance": 79.66400000000002, "speed": 30}, {"origin": 1526728367, "destination": 1526728361, "distance": 82.78899999999999, "speed": 30}, {"origin": 1526728367, "destination": 1526728410, "distance": 80.489, "speed": 30}, {"origin": 1526728370, "destination": 1529623352, "distance": 64.656, "speed": 30}, {"origin": 1526728370, "destination": 1560166290, "distance": 28.072000000000003, "speed": 30}, {"origin": 1526728376, "destination": 1526728377, "distance": 52.778, "speed": 30}, {"origin": 1526728377, "destination": 1526728304, "distance": 55.805, "speed": 30}, {"origin": 1526728377, "destination": 1526728376, "distance": 52.778, "speed": 30}, {"origin": 1526728377, "destination": 1529623303, "distance": 71.467, "speed": 30}, {"origin": 1526728384, "destination": 1526728365, "distance": 20.125, "speed": 30}, {"origin": 1526728384, "destination": 719109950, "distance": 108.695, "speed": 30}, {"origin": 1526728400, "destination": 1526728361, "distance": 81.78, "speed": 30}, {"origin": 1526728406, "destination": 1526728365, "distance": 95.831, "speed": 30}, {"origin": 1526728406, "destination": 1529623293, "distance": 51.938, "speed": 30}, {"origin": 1526728406, "destination": 1526705372, "distance": 80.643, "speed": 30}, {"origin": 1526728406, "destination": 719109950, "distance": 49.987, "speed": 30}, {"origin": 1526728410, "destination": 1526728304, "distance": 26.437, "speed": 30}, {"origin": 1526752502, "destination": 1526752640, "distance": 80.475, "speed": 30}, {"origin": 1526752502, "destination": 1643327716, "distance": 81.69500000000001, "speed": 30}, {"origin": 1526752509, "destination": 1643327715, "distance": 152.655, "speed": 30}, {"origin": 1526752509, "destination": 1736073029, "distance": 88.243, "speed": 30}, {"origin": 1526752558, "destination": 1835353359, "distance": 100.99299999999998, "speed": 30}, {"origin": 1526752558, "destination": 1526752638, "distance": 36.319, "speed": 30}, {"origin": 1526752601, "destination": 1530897531, "distance": 74.43599999999999, "speed": 30}, {"origin": 1526752601, "destination": 1526752631, "distance": 36.855, "speed": 30}, {"origin": 1526752631, "destination": 1736073029, "distance": 99.611, "speed": 30}, {"origin": 1526752631, "destination": 1526752640, "distance": 37.345, "speed": 30}, {"origin": 1526752638, "destination": 1530897585, "distance": 54.882000000000005, "speed": 30}, {"origin": 1526752638, "destination": 1526752601, "distance": 21.838, "speed": 30}, {"origin": 1526752640, "destination": 1530704881, "distance": 75.105, "speed": 30}, {"origin": 1526752640, "destination": 1526752502, "distance": 80.475, "speed": 30}, {"origin": 1526752640, "destination": 1526752509, "distance": 45.954, "speed": 30}, {"origin": 1528823253, "destination": 1562200802, "distance": 42.293, "speed": 30}, {"origin": 1528823253, "destination": 1628459221, "distance": 38.846000000000004, "speed": 30}, {"origin": 1528823271, "destination": 1528832258, "distance": 55.04, "speed": 30}, {"origin": 1528823271, "destination": 1526705389, "distance": 57.728, "speed": 30}, {"origin": 1528823322, "destination": 1526705395, "distance": 31.702, "speed": 30}, {"origin": 1528823322, "destination": 1266037410, "distance": 66.876, "speed": 30}, {"origin": 1528823322, "destination": 1529202023, "distance": 71.689, "speed": 20}, {"origin": 1528823325, "destination": 1322977377, "distance": 58.489999999999995, "speed": 30}, {"origin": 1528823380, "destination": 1266037410, "distance": 106.535, "speed": 30}, {"origin": 1528823380, "destination": 1526705372, "distance": 97.009, "speed": 30}, {"origin": 1528823390, "destination": 1540598147, "distance": 82.627, "speed": 30}, {"origin": 1528823390, "destination": 1528823380, "distance": 51.162, "speed": 30}, {"origin": 1528832258, "destination": 1628459224, "distance": 46.745, "speed": 30}, {"origin": 1528832258, "destination": 1528832261, "distance": 38.64, "speed": 30}, {"origin": 1528832261, "destination": 1528832266, "distance": 58.785999999999994, "speed": 30}, {"origin": 1528832261, "destination": 1322977383, "distance": 60.01, "speed": 30}, {"origin": 1528832266, "destination": 1528823325, "distance": 44.619, "speed": 30}, {"origin": 1529201953, "destination": 1529776701, "distance": 46.855999999999995, "speed": 30}, {"origin": 1529201953, "destination": 3720329433, "distance": 30.407, "speed": 30}, {"origin": 1529201976, "destination": 1528832266, "distance": 61.853, "speed": 30}, {"origin": 1529201976, "destination": 1322977383, "distance": 60.001999999999995, "speed": 30}, {"origin": 1529201976, "destination": 1526705382, "distance": 52.518, "speed": 30}, {"origin": 1529201982, "destination": 1526728370, "distance": 94.534, "speed": 30}, {"origin": 1529201982, "destination": 1529623313, "distance": 24.796999999999997, "speed": 30}, {"origin": 1529202023, "destination": 1528823322, "distance": 71.689, "speed": 20}, {"origin": 1529202023, "destination": 434014584, "distance": 42.126, "speed": 30}, {"origin": 1529202023, "destination": 1526705382, "distance": 61.879999999999995, "speed": 30}, {"origin": 1529202047, "destination": 1540555108, "distance": 102.333, "speed": 40}, {"origin": 1529202049, "destination": 1529202087, "distance": 81.77199999999999, "speed": 40}, {"origin": 1529202049, "destination": 1529623352, "distance": 65.839, "speed": 30}, {"origin": 1529202053, "destination": 1256026630, "distance": 79.843, "speed": 40}, {"origin": 1529202053, "destination": 1529623293, "distance": 48.484, "speed": 30}, {"origin": 1529202087, "destination": 3720329437, "distance": 9.337, "speed": 40}, {"origin": 1529202087, "destination": 1526728362, "distance": 16.185, "speed": 30}, {"origin": 1529202090, "destination": 1529202053, "distance": 83.161, "speed": 40}, {"origin": 1529202090, "destination": 1529202111, "distance": 22.328, "speed": 30}, {"origin": 1529202109, "destination": 3720329437, "distance": 25.724999999999998, "speed": 30}, {"origin": 1529202111, "destination": 1529201953, "distance": 6.899, "speed": 30}, {"origin": 1529475081, "destination": 1529475083, "distance": 71.728, "speed": 30}, {"origin": 1529475083, "destination": 1529475081, "distance": 71.728, "speed": 30}, {"origin": 1529475083, "destination": 1529475099, "distance": 244.32999999999998, "speed": 30}, {"origin": 1529475083, "destination": 1835353370, "distance": 37.434, "speed": 30}, {"origin": 1529475090, "destination": 1958896976, "distance": 81.755, "speed": 30}, {"origin": 1529475090, "destination": 1836678895, "distance": 37.519000000000005, "speed": 30}, {"origin": 1529475093, "destination": 1958896976, "distance": 36.63, "speed": 30}, {"origin": 1529475094, "destination": 1958896976, "distance": 61.503, "speed": 30}, {"origin": 1529475094, "destination": 1836678889, "distance": 55.373, "speed": 30}, {"origin": 1529475098, "destination": 1530722175, "distance": 98.84, "speed": 30}, {"origin": 1529475098, "destination": 1530704632, "distance": 110.14099999999999, "speed": 30}, {"origin": 1529475099, "destination": 1577308277, "distance": 42.846, "speed": 30}, {"origin": 1529475099, "destination": 1530704673, "distance": 34.915, "speed": 30}, {"origin": 1529475160, "destination": 1529475169, "distance": 76.715, "speed": 20}, {"origin": 1529475160, "destination": 1529776701, "distance": 20.457, "speed": 30}, {"origin": 1529475160, "destination": 1529776636, "distance": 75.952, "speed": 30}, {"origin": 1529475169, "destination": 1529475160, "distance": 76.715, "speed": 20}, {"origin": 1529475193, "destination": 1530722125, "distance": 124.749, "speed": 30}, {"origin": 1529475206, "destination": 1530722049, "distance": 121.088, "speed": 30}, {"origin": 1529475275, "destination": 1529475285, "distance": 70.957, "speed": 30}, {"origin": 1529475275, "destination": 1736129366, "distance": 117.036, "speed": 30}, {"origin": 1529475275, "destination": 539833067, "distance": 85.583, "speed": 30}, {"origin": 1529475285, "destination": 1530704601, "distance": 69.925, "speed": 30}, {"origin": 1529475285, "destination": 1529475275, "distance": 70.957, "speed": 30}, {"origin": 1529475285, "destination": 1530704777, "distance": 117.476, "speed": 30}, {"origin": 1529475300, "destination": 1530722175, "distance": 11.772, "speed": 30}, {"origin": 1529475301, "destination": 1577308277, "distance": 99.116, "speed": 30}, {"origin": 1529475301, "destination": 1529475302, "distance": 70.644, "speed": 30}, {"origin": 1529475302, "destination": 1530722043, "distance": 37.757, "speed": 30}, {"origin": 1529475302, "destination": 1530704673, "distance": 76.209, "speed": 30}, {"origin": 1529475338, "destination": 1530704878, "distance": 92.54100000000001, "speed": 30}, {"origin": 1529623293, "destination": 1529623346, "distance": 80.061, "speed": 20}, {"origin": 1529623293, "destination": 1526728406, "distance": 51.938, "speed": 30}, {"origin": 1529623293, "destination": 1529202053, "distance": 48.484, "speed": 30}, {"origin": 1529623303, "destination": 3073519854, "distance": 70.90100000000001, "speed": 30}, {"origin": 1529623303, "destination": 1529623313, "distance": 93.61999999999999, "speed": 30}, {"origin": 1529623303, "destination": 1560166290, "distance": 51.45399999999999, "speed": 30}, {"origin": 1529623313, "destination": 499274675, "distance": 93.977, "speed": 30}, {"origin": 1529623346, "destination": 1529623293, "distance": 80.061, "speed": 20}, {"origin": 1529623346, "destination": 1256026630, "distance": 47.401999999999994, "speed": 30}, {"origin": 1529623348, "destination": 1528832258, "distance": 58.945, "speed": 30}, {"origin": 1529623348, "destination": 1526705389, "distance": 52.582, "speed": 30}, {"origin": 1529623348, "destination": 1322977383, "distance": 37.814, "speed": 30}, {"origin": 1529623352, "destination": 1526728367, "distance": 95.53399999999999, "speed": 30}, {"origin": 1529623352, "destination": 1526728370, "distance": 64.656, "speed": 30}, {"origin": 1529623352, "destination": 1529202049, "distance": 65.839, "speed": 30}, {"origin": 1529776636, "destination": 1529776720, "distance": 8.138, "speed": 30}, {"origin": 1529776636, "destination": 1529475160, "distance": 75.952, "speed": 30}, {"origin": 1529776701, "destination": 1529475160, "distance": 20.457, "speed": 30}, {"origin": 1529776701, "destination": 3720329433, "distance": 41.06, "speed": 30}, {"origin": 1529776720, "destination": 539830999, "distance": 11.18, "speed": 30}, {"origin": 1529776720, "destination": 1530722125, "distance": 68.042, "speed": 30}, {"origin": 1529776769, "destination": 539833067, "distance": 25.518, "speed": 30}, {"origin": 1529776769, "destination": 539830996, "distance": 9.880999999999998, "speed": 30}, {"origin": 1530704601, "destination": 1530704878, "distance": 47.156, "speed": 30}, {"origin": 1530704601, "destination": 1529475285, "distance": 69.925, "speed": 30}, {"origin": 1530704601, "destination": 1530722043, "distance": 116.94600000000001, "speed": 30}, {"origin": 1530704632, "destination": 1577713909, "distance": 8.482, "speed": 30}, {"origin": 1530704637, "destination": 1530897562, "distance": 36.577, "speed": 30}, {"origin": 1530704637, "destination": 1526752558, "distance": 73.91, "speed": 30}, {"origin": 1530704651, "destination": 4575714131, "distance": 139.378, "speed": 30}, {"origin": 1530704651, "destination": 1529475300, "distance": 11.969999999999999, "speed": 30}, {"origin": 1530704673, "destination": 1529475130, "distance": 99.397, "speed": 30}, {"origin": 1530704673, "destination": 1529475302, "distance": 76.20899999999999, "speed": 30}, {"origin": 1530704741, "destination": 1526752502, "distance": 81.718, "speed": 30}, {"origin": 1530704741, "destination": 332441495, "distance": 86.51100000000001, "speed": 30}, {"origin": 1530704741, "destination": 1835353337, "distance": 93.61, "speed": 30}, {"origin": 1530704777, "destination": 1736129366, "distance": 69.914, "speed": 30}, {"origin": 1530704878, "destination": 539831002, "distance": 50.58, "speed": 30}, {"origin": 1530704878, "destination": 1530704601, "distance": 47.156, "speed": 30}, {"origin": 1530704878, "destination": 1529475338, "distance": 92.54100000000001, "speed": 30}, {"origin": 1530704881, "destination": 1526752640, "distance": 75.105, "speed": 30}, {"origin": 1530704881, "destination": 1835353337, "distance": 19.558999999999997, "speed": 30}, {"origin": 1530704881, "destination": 1530897746, "distance": 36.522, "speed": 30}, {"origin": 1530722043, "destination": 1530704777, "distance": 71.226, "speed": 30}, {"origin": 1530722049, "destination": 539831082, "distance": 73.453, "speed": 30}, {"origin": 1530722049, "destination": 1529475206, "distance": 121.088, "speed": 30}, {"origin": 1530722125, "destination": 1530722049, "distance": 61.58, "speed": 30}, {"origin": 1530722125, "destination": 1529475193, "distance": 124.749, "speed": 30}, {"origin": 1530722175, "destination": 1529475301, "distance": 70.597, "speed": 30}, {"origin": 1530897531, "destination": 1530897746, "distance": 37.165, "speed": 30}, {"origin": 1530897531, "destination": 1530897562, "distance": 21.122, "speed": 30}, {"origin": 1530897562, "destination": 1530897531, "distance": 21.122, "speed": 30}, {"origin": 1530897562, "destination": 1530704637, "distance": 36.577, "speed": 30}, {"origin": 1530897562, "destination": 1526752638, "distance": 74.07900000000001, "speed": 30}, {"origin": 1530897585, "destination": 1530897686, "distance": 22.506, "speed": 20}, {"origin": 1530897585, "destination": 1530897686, "distance": 74.73400000000001, "speed": 30}, {"origin": 1530897650, "destination": 1562200802, "distance": 11.702, "speed": 30}, {"origin": 1530897650, "destination": 1736073025, "distance": 45.459, "speed": 30}, {"origin": 1530897650, "destination": 1835353348, "distance": 79.30799999999999, "speed": 30}, {"origin": 1530897686, "destination": 1526752601, "distance": 54.924, "speed": 30}, {"origin": 1530897746, "destination": 1530897531, "distance": 37.165, "speed": 30}, {"origin": 1530897746, "destination": 1526752631, "distance": 74.04400000000001, "speed": 30}, {"origin": 1530897746, "destination": 1530704881, "distance": 36.522, "speed": 30}, {"origin": 1531659768, "destination": 1526705382, "distance": 14.916, "speed": 30}, {"origin": 1531659768, "destination": 335606022, "distance": 67.024, "speed": 30}, {"origin": 1540555108, "destination": 335606021, "distance": 60.596000000000004, "speed": 40}, {"origin": 1540555108, "destination": 1526752558, "distance": 54.565999999999995, "speed": 30}, {"origin": 1540598147, "destination": 1528823390, "distance": 82.62700000000001, "speed": 30}, {"origin": 1540598147, "destination": 1526728384, "distance": 43.841, "speed": 30}, {"origin": 1560166290, "destination": 1526728410, "distance": 47.786, "speed": 30}, {"origin": 1562200768, "destination": 335607938, "distance": 91.931, "speed": 40}, {"origin": 1562200768, "destination": 1736073022, "distance": 73.59, "speed": 30}, {"origin": 1562200802, "destination": 1528823253, "distance": 42.293, "speed": 30}, {"origin": 1562200802, "destination": 1530897650, "distance": 11.702, "speed": 30}, {"origin": 1562200802, "destination": 1628459221, "distance": 172.128, "speed": 30}, {"origin": 1568067925, "destination": 1529201982, "distance": 5.604, "speed": 30}, {"origin": 1568067925, "destination": 719109950, "distance": 46.819, "speed": 30}, {"origin": 1573048063, "destination": 1573048095, "distance": 20.869, "speed": 30}, {"origin": 1573048063, "destination": 2074561308, "distance": 15.082, "speed": 30}, {"origin": 1573048065, "destination": 6296438171, "distance": 88.62700000000001, "speed": 30}, {"origin": 1573048065, "destination": 2074561308, "distance": 34.92400000000001, "speed": 30}, {"origin": 1573048095, "destination": 1540598147, "distance": 7.566, "speed": 30}, {"origin": 1577308277, "destination": 1529475098, "distance": 69.951, "speed": 30}, {"origin": 1577713909, "destination": 1529475300, "distance": 139.355, "speed": 30}, {"origin": 1577713909, "destination": 539831093, "distance": 6.838000000000001, "speed": 30}, {"origin": 1628459221, "destination": 1562200802, "distance": 172.128, "speed": 30}, {"origin": 1628459221, "destination": 1528823253, "distance": 38.846000000000004, "speed": 30}, {"origin": 1635557952, "destination": 1736073025, "distance": 54.42, "speed": 30}, {"origin": 1635557962, "destination": 1529475081, "distance": 12.032, "speed": 30}, {"origin": 1635557962, "destination": 1836678893, "distance": 29.122, "speed": 30}, {"origin": 1635557966, "destination": 551594208, "distance": 29.945, "speed": 30}, {"origin": 1635557966, "destination": 1635557952, "distance": 20.031, "speed": 30}, {"origin": 1643327715, "destination": 1643327716, "distance": 42.278, "speed": 30}, {"origin": 1643327716, "destination": 1643327715, "distance": 42.278, "speed": 30}, {"origin": 1643327716, "destination": 332441495, "distance": 75.458, "speed": 30}, {"origin": 1643327716, "destination": 1526752502, "distance": 81.69500000000001, "speed": 30}, {"origin": 1736073022, "destination": 1526705389, "distance": 57.012, "speed": 30}, {"origin": 1736073022, "destination": 1562200768, "distance": 73.59, "speed": 30}, {"origin": 1736073025, "destination": 1530897650, "distance": 45.459, "speed": 30}, {"origin": 1736073029, "destination": 551594208, "distance": 64.598, "speed": 30}, {"origin": 1736129366, "destination": 1530704651, "distance": 14.124, "speed": 30}, {"origin": 1835353337, "destination": 332441491, "distance": 20.365, "speed": 30}, {"origin": 1835353337, "destination": 1530704881, "distance": 19.558999999999997, "speed": 30}, {"origin": 1835353337, "destination": 1530704741, "distance": 93.61, "speed": 30}, {"origin": 1835353348, "destination": 1530897650, "distance": 87.776, "speed": 30}, {"origin": 1835353348, "destination": 1530897650, "distance": 79.30799999999999, "speed": 30}, {"origin": 1835353348, "destination": 551594220, "distance": 17.855, "speed": 30}, {"origin": 1835353351, "destination": 1835353386, "distance": 11.511, "speed": 30}, {"origin": 1835353351, "destination": 551594220, "distance": 23.158, "speed": 30}, {"origin": 1835353352, "destination": 539830996, "distance": 114.13799999999999, "speed": 30}, {"origin": 1835353352, "destination": 1835353387, "distance": 28.587, "speed": 30}, {"origin": 1835353359, "destination": 1529202047, "distance": 67.602, "speed": 30}, {"origin": 1835353359, "destination": 551594220, "distance": 26.384, "speed": 30}, {"origin": 1835353360, "destination": 1835353387, "distance": 18.553, "speed": 30}, {"origin": 1835353360, "destination": 1835353352, "distance": 25.558, "speed": 30}, {"origin": 1835353367, "destination": 1836678893, "distance": 24.374, "speed": 30}, {"origin": 1835353367, "destination": 1835353370, "distance": 68.018, "speed": 30}, {"origin": 1835353367, "destination": 539833849, "distance": 26.271, "speed": 30}, {"origin": 1835353370, "destination": 539831088, "distance": 99.333, "speed": 30}, {"origin": 1835353370, "destination": 1529475083, "distance": 37.434, "speed": 30}, {"origin": 1835353386, "destination": 1635557952, "distance": 14.883, "speed": 30}, {"origin": 1835353387, "destination": 539424015, "distance": 158.287, "speed": 30}, {"origin": 1836678889, "destination": 1835353367, "distance": 20.531, "speed": 30}, {"origin": 1836678889, "destination": 539833849, "distance": 13.729000000000001, "speed": 30}, {"origin": 1836678891, "destination": 332441491, "distance": 16.06, "speed": 30}, {"origin": 1836678891, "destination": 1836678895, "distance": 94.599, "speed": 30}, {"origin": 1836678893, "destination": 1635557962, "distance": 29.122, "speed": 30}, {"origin": 1836678893, "destination": 1835353367, "distance": 24.374000000000002, "speed": 30}, {"origin": 1836678893, "destination": 1836678891, "distance": 34.671, "speed": 30}, {"origin": 1836678895, "destination": 1836678891, "distance": 94.599, "speed": 30}, {"origin": 1836678895, "destination": 539837920, "distance": 1.547, "speed": 30}, {"origin": 1958896976, "destination": 1529475094, "distance": 61.503, "speed": 30}, {"origin": 1958896976, "destination": 1529475093, "distance": 36.63, "speed": 30}, {"origin": 1958896976, "destination": 1529475090, "distance": 81.75500000000001, "speed": 30}, {"origin": 1989898224, "destination": 1529202111, "distance": 161.92000000000002, "speed": 40}, {"origin": 1991039584, "destination": 1562200768, "distance": 62.92, "speed": 40}, {"origin": 2074561308, "destination": 1573048095, "distance": 9.103, "speed": 30}, {"origin": 2074561308, "destination": 499274675, "distance": 56.125, "speed": 40}, {"origin": 2221740256, "destination": 1835353351, "distance": 14.566, "speed": 30}, {"origin": 2221740256, "destination": 1835353386, "distance": 11.902999999999999, "speed": 30}, {"origin": 3073519854, "destination": 1529623303, "distance": 70.901, "speed": 30}, {"origin": 3720329433, "destination": 1529202109, "distance": 3.272, "speed": 30}, {"origin": 3720329437, "destination": 3720329440, "distance": 2.903, "speed": 30}, {"origin": 3720329440, "destination": 1526728362, "distance": 10.421, "speed": 30}, {"origin": 3720329440, "destination": 3721441045, "distance": 43.187000000000005, "speed": 30}, {"origin": 3721441045, "destination": 1529202090, "distance": 2.582, "speed": 30}, {"origin": 4575714131, "destination": 539830999, "distance": 3.299, "speed": 30}, {"origin": 4582722295, "destination": 1531659768, "distance": 60.081, "speed": 30}, {"origin": 4582722295, "destination": 335606022, "distance": 26.859, "speed": 30}, {"origin": 6296438172, "destination": 1573048063, "distance": 33.7, "speed": 30}, {"origin": 6296438172, "destination": 6296438171, "distance": 15.753999999999998, "speed": 30}], "candidates": [[539833069, 12170], [1530897686, 8539], [333720921, 5292], [1528832258, 8928], [1529776701, 7402], [1529475338, 8405], [6296438172, 11240], [1526705389, 317], [1573048063, 15942], [1991039584, 6207], [3721441045, 1161], [3720329440, 1089], [1529623352, 12759], [1526728370, 13069], [551594208, 4145], [1529201982, 3604], [1529202109, 10226], [1526728376, 19554], [1530704651, 8190], [1562200768, 9015], [1529475275, 3526], [539837920, 946], [1530897585, 19255], [335606021, 4605], [1529201976, 13884], [539833067, 14825], [1528823322, 4325], [1526752502, 17372], [1256026700, 16335], [539831003, 11147], [1736073022, 17204], [1526728384, 14248], [1529475300, 12563], [1529475285, 916], [1526728364, 6950], [335606024, 6855], [1529623346, 3715], [539831084, 18108], [1266037410, 17266], [1635557962, 11833], [1530897531, 18827], [1530897650, 5121], [1526705372, 9992], [1529776769, 4619], [499274675, 17555], [434014584, 2449], [332441491, 13716], [1528823253, 12975], [1528832261, 4874], [1530897746, 7711], [1530704601, 628], [1529475302, 15075], [1529475301, 8444], [1529475094, 1426], [539833070, 7668], [344736237, 17432], [1835353337, 3282], [1529201953, 9665], [1529776636, 14362], [1529623348, 10492], [539830996, 997], [1528823380, 14156], [1529202047, 9605], [1528832266, 1041], [2221740256, 9249], [1529475093, 2905], [1835353351, 733], [1530722125, 16532], [1530704741, 4085], [1529202111, 12722], [1836678893, 2114], [1577308277, 12467], [1526728410, 18310], [1322977383, 19129], [1526728377, 529], [1530704881, 1213], [1836678891, 13304], [1529475130, 10027], [539831002, 1490], [335606017, 17511], [1526728400, 12636], [1530897562, 9480], [333719887, 8273], [1529475099, 15182], [1529623303, 19019], [1529623313, 14406], [1526728335, 376], [1643327716, 1886], [539831093, 3150], [1528823271, 7287], [1562200802, 5928], [1529202090, 4378], [1568067925, 12208], [1529475090, 19964], [344736241, 5298], [551594220, 13963], [1529475169, 13310], [1526728308, 1420], [1635557952, 18167], [539831085, 16569], [1635557966, 13947], [3720329437, 7049], [1573048065, 5542], [539833849, 5188], [333720922, 11511], [1526728361, 7836], [1529475206, 769], [1835353367, 1804], [1836678889, 16132], [1530704673, 17057], [1530722043, 15542], [1322977377, 15716], [1530704777, 4054], [1529475098, 10142], [539831082, 12639], [1531659768, 7563], [621979238, 2378], [1526752631, 8350], [1958896976, 14986], [1835353386, 3825], [719109950, 1571], [332441495, 955], [1530704637, 13556], [1577713909, 7976], [335606022, 18036], [1526705382, 6147], [539830999, 5272], [1529475083, 6624], [1529202053, 19850], [335607940, 13997], [1529475193, 12164], [1526705395, 3458], [1526728406, 1227], [1529202087, 2500], [1529202049, 1926], [335606026, 137], [335606025, 1886], [1835353360, 9904], [1835353352, 5673], [539831088, 8677]], "number_stations": 34}