{"address": "Calle Agustina Aroca, Albacete", "distance": 500, "intersections": [{"identifier": 335607951, "longitude": -1.8680309, "latitude": 38.9896769}, {"identifier": 335607954, "longitude": -1.8698131, "latitude": 38.9922808}, {"identifier": 335607956, "longitude": -1.8710765, "latitude": 38.9941178}, {"identifier": 335607957, "longitude": -1.8714638, "latitude": 38.9944663}, {"identifier": 335607958, "longitude": -1.8713407, "latitude": 38.9945016}, {"identifier": 335720304, "longitude": -1.8732452, "latitude": 38.9936978}, {"identifier": 335720305, "longitude": -1.8745491, "latitude": 38.9929958}, {"identifier": 335720308, "longitude": -1.8761661, "latitude": 38.9921281}, {"identifier": 335720310, "longitude": -1.8716764, "latitude": 38.9945859}, {"identifier": 335720312, "longitude": -1.8716037, "latitude": 38.9944922}, {"identifier": 335720315, "longitude": -1.8752496, "latitude": 38.9925521}, {"identifier": 335720318, "longitude": -1.8777293, "latitude": 38.9912363}, {"identifier": 335720320, "longitude": -1.8789298, "latitude": 38.9906046}, {"identifier": 335893163, "longitude": -1.871281, "latitude": 38.9946807}, {"identifier": 335893167, "longitude": -1.8714065, "latitude": 38.9947685}, {"identifier": 335896858, "longitude": -1.8715107, "latitude": 38.9947675}, {"identifier": 335896871, "longitude": -1.8720572, "latitude": 38.9956344}, {"identifier": 335896877, "longitude": -1.8716134, "latitude": 38.9947225}, {"identifier": 344859492, "longitude": -1.8790811, "latitude": 38.9905693}, {"identifier": 434369338, "longitude": -1.8675916, "latitude": 38.9963524}, {"identifier": 550376433, "longitude": -1.8725483, "latitude": 38.9933566}, {"identifier": 550376452, "longitude": -1.8733801, "latitude": 38.9922351}, {"identifier": 550376456, "longitude": -1.8731835, "latitude": 38.9923977}, {"identifier": 550376458, "longitude": -1.8736719, "latitude": 38.9921641}, {"identifier": 550378434, "longitude": -1.8721874, "latitude": 38.9941811}, {"identifier": 552477909, "longitude": -1.8721472, "latitude": 38.9886572}, {"identifier": 552477910, "longitude": -1.8720442, "latitude": 38.988747}, {"identifier": 552477911, "longitude": -1.8686395, "latitude": 38.9904099}, {"identifier": 618009048, "longitude": -1.8721873, "latitude": 38.99294}, {"identifier": 719109982, "longitude": -1.8677781, "latitude": 38.9907625}, {"identifier": 1110616064, "longitude": -1.8789491, "latitude": 38.9906635}, {"identifier": 1110616067, "longitude": -1.87797, "latitude": 38.9919101}, {"identifier": 1110616068, "longitude": -1.878508, "latitude": 38.9930484}, {"identifier": 1110616069, "longitude": -1.8759527, "latitude": 38.9943669}, {"identifier": 1110616070, "longitude": -1.8774703, "latitude": 38.9941644}, {"identifier": 1110616074, "longitude": -1.8771932, "latitude": 38.9934335}, {"identifier": 1253952549, "longitude": -1.871077, "latitude": 38.9948589}, {"identifier": 1255487696, "longitude": -1.8703899, "latitude": 38.9931379}, {"identifier": 1255499536, "longitude": -1.8689313, "latitude": 38.9910317}, {"identifier": 1255504854, "longitude": -1.8701856, "latitude": 38.9954058}, {"identifier": 1255528468, "longitude": -1.8688532, "latitude": 38.9953132}, {"identifier": 1255528474, "longitude": -1.8686425, "latitude": 38.9939095}, {"identifier": 1255528478, "longitude": -1.8690557, "latitude": 38.9960368}, {"identifier": 1255528486, "longitude": -1.8680389, "latitude": 38.9911688}, {"identifier": 1255528495, "longitude": -1.8687882, "latitude": 38.9945192}, {"identifier": 1256602813, "longitude": -1.8693842, "latitude": 38.992356}, {"identifier": 1256602816, "longitude": -1.8683362, "latitude": 38.9924603}, {"identifier": 1293940877, "longitude": -1.8763363, "latitude": 38.9968136}, {"identifier": 1293940882, "longitude": -1.8751455, "latitude": 38.9967034}, {"identifier": 1293940884, "longitude": -1.8730736, "latitude": 38.9950803}, {"identifier": 1293940898, "longitude": -1.8736252, "latitude": 38.9965812}, {"identifier": 1293940901, "longitude": -1.8728303, "latitude": 38.9965308}, {"identifier": 1293940903, "longitude": -1.8729828, "latitude": 38.995647}, {"identifier": 1293940908, "longitude": -1.8719771, "latitude": 38.9964695}, {"identifier": 1293954200, "longitude": -1.8718959, "latitude": 38.9968985}, {"identifier": 1304936180, "longitude": -1.8762115, "latitude": 38.9959963}, {"identifier": 1304936191, "longitude": -1.8737736, "latitude": 38.9957351}, {"identifier": 1526105938, "longitude": -1.8726427, "latitude": 38.9916542}, {"identifier": 1526105942, "longitude": -1.8739775, "latitude": 38.9899992}, {"identifier": 1526105943, "longitude": -1.8747833, "latitude": 38.9901718}, {"identifier": 1526105951, "longitude": -1.8750196, "latitude": 38.9885017}, {"identifier": 1526105954, "longitude": -1.8693974, "latitude": 38.9913684}, {"identifier": 1526105959, "longitude": -1.8717592, "latitude": 38.990354}, {"identifier": 1526105966, "longitude": -1.8702826, "latitude": 38.9926409}, {"identifier": 1526105983, "longitude": -1.8721191, "latitude": 38.993727}, {"identifier": 1526105984, "longitude": -1.8720438, "latitude": 38.9907949}, {"identifier": 1526105986, "longitude": -1.8718911, "latitude": 38.9925057}, {"identifier": 1526105988, "longitude": -1.8705889, "latitude": 38.9930616}, {"identifier": 1526105992, "longitude": -1.8734629, "latitude": 38.9883229}, {"identifier": 1526105997, "longitude": -1.8730023, "latitude": 38.9899008}, {"identifier": 1526106002, "longitude": -1.8729326, "latitude": 38.9920814}, {"identifier": 1526106005, "longitude": -1.8749703, "latitude": 38.9889264}, {"identifier": 1527972839, "longitude": -1.8745667, "latitude": 38.9912576}, {"identifier": 1527972843, "longitude": -1.875319, "latitude": 38.9904828}, {"identifier": 1528160276, "longitude": -1.8716228, "latitude": 38.9949471}, {"identifier": 1528181110, "longitude": -1.8765082, "latitude": 38.9925532}, {"identifier": 1528181111, "longitude": -1.8741179, "latitude": 38.9936551}, {"identifier": 1528181112, "longitude": -1.8765919, "latitude": 38.9951987}, {"identifier": 1528181113, "longitude": -1.8746641, "latitude": 38.9946738}, {"identifier": 1528181114, "longitude": -1.8760189, "latitude": 38.994812}, {"identifier": 1528181116, "longitude": -1.8736001, "latitude": 38.9942711}, {"identifier": 1528181117, "longitude": -1.8761576, "latitude": 38.995611}, {"identifier": 1528181121, "longitude": -1.8754069, "latitude": 38.9944929}, {"identifier": 1528181122, "longitude": -1.8760578, "latitude": 38.992763}, {"identifier": 1528181128, "longitude": -1.8743785, "latitude": 38.9940996}, {"identifier": 1528181129, "longitude": -1.8761925, "latitude": 38.9937171}, {"identifier": 1528181133, "longitude": -1.8747292, "latitude": 38.9940329}, {"identifier": 1528181134, "longitude": -1.8751935, "latitude": 38.9939312}, {"identifier": 1528181135, "longitude": -1.8760977, "latitude": 38.9952412}, {"identifier": 1528181136, "longitude": -1.8772403, "latitude": 38.9934968}, {"identifier": 1528181137, "longitude": -1.874805, "latitude": 38.9933512}, {"identifier": 1528181138, "longitude": -1.8734196, "latitude": 38.9939749}, {"identifier": 1528181139, "longitude": -1.8766742, "latitude": 38.9955702}, {"identifier": 1528672003, "longitude": -1.8725648, "latitude": 38.9883022}, {"identifier": 1528822981, "longitude": -1.874698, "latitude": 38.9921412}, {"identifier": 1528822986, "longitude": -1.8747516, "latitude": 38.9910759}, {"identifier": 1528822987, "longitude": -1.8753961, "latitude": 38.9915664}, {"identifier": 1528822994, "longitude": -1.8771325, "latitude": 38.990767}, {"identifier": 1528823004, "longitude": -1.8777294, "latitude": 38.9895007}, {"identifier": 1528823220, "longitude": -1.8687709, "latitude": 38.9895745}, {"identifier": 1529197029, "longitude": -1.8694468, "latitude": 38.9900354}, {"identifier": 1529197036, "longitude": -1.8691786, "latitude": 38.9901522}, {"identifier": 1529197040, "longitude": -1.8682511, "latitude": 38.9898137}, {"identifier": 1529197043, "longitude": -1.8690442, "latitude": 38.9894487}, {"identifier": 1529197048, "longitude": -1.8695872, "latitude": 38.9891988}, {"identifier": 1529197053, "longitude": -1.8677405, "latitude": 38.9892515}, {"identifier": 1530201918, "longitude": -1.8695964, "latitude": 38.9933102}, {"identifier": 1530201922, "longitude": -1.8693602, "latitude": 38.9916428}, {"identifier": 1530201957, "longitude": -1.8699125, "latitude": 38.9922491}, {"identifier": 1530201967, "longitude": -1.8685374, "latitude": 38.9934302}, {"identifier": 1530209339, "longitude": -1.8718474, "latitude": 38.9943656}, {"identifier": 1530209348, "longitude": -1.8727189, "latitude": 38.9944651}, {"identifier": 1530209368, "longitude": -1.8722974, "latitude": 38.9931229}, {"identifier": 1530209382, "longitude": -1.8712061, "latitude": 38.9941006}, {"identifier": 1530897460, "longitude": -1.8764816, "latitude": 38.9891128}, {"identifier": 1530897496, "longitude": -1.8733778, "latitude": 38.9924839}, {"identifier": 1530897532, "longitude": -1.8762551, "latitude": 38.9893161}, {"identifier": 1530897624, "longitude": -1.8732379, "latitude": 38.9922156}, {"identifier": 1530897682, "longitude": -1.8732188, "latitude": 38.9924999}, {"identifier": 1530897844, "longitude": -1.8741228, "latitude": 38.9917104}, {"identifier": 1530897924, "longitude": -1.8767896, "latitude": 38.9898079}, {"identifier": 1530897950, "longitude": -1.8734186, "latitude": 38.9923672}, {"identifier": 1534536974, "longitude": -1.876936, "latitude": 38.9941342}, {"identifier": 1535642894, "longitude": -1.8700663, "latitude": 38.995044}, {"identifier": 1538396676, "longitude": -1.8744903, "latitude": 38.995814}, {"identifier": 1538396680, "longitude": -1.875242, "latitude": 38.9958871}, {"identifier": 1538534032, "longitude": -1.876893, "latitude": 38.9916748}, {"identifier": 1554778988, "longitude": -1.8694765, "latitude": 38.9928212}, {"identifier": 1554779027, "longitude": -1.8684352, "latitude": 38.9929418}, {"identifier": 1554807105, "longitude": -1.8725067, "latitude": 38.9941043}, {"identifier": 1554807107, "longitude": -1.8786047, "latitude": 38.9899041}, {"identifier": 1554807109, "longitude": -1.8707103, "latitude": 38.990807}, {"identifier": 1554807111, "longitude": -1.8783172, "latitude": 38.9893013}, {"identifier": 1554807113, "longitude": -1.8715945, "latitude": 38.9920842}, {"identifier": 1554807198, "longitude": -1.8789149, "latitude": 38.9898185}, {"identifier": 1554807205, "longitude": -1.8710067, "latitude": 38.9912346}, {"identifier": 1554807214, "longitude": -1.8723407, "latitude": 38.9912223}, {"identifier": 1554813425, "longitude": -1.8764595, "latitude": 38.9902656}, {"identifier": 1554813429, "longitude": -1.8745385, "latitude": 38.9929329}, {"identifier": 1554813432, "longitude": -1.8781888, "latitude": 38.9904974}, {"identifier": 1554813448, "longitude": -1.8767741, "latitude": 38.9905038}, {"identifier": 1554813465, "longitude": -1.8761005, "latitude": 38.9921051}, {"identifier": 1554813467, "longitude": -1.875781, "latitude": 38.9908218}, {"identifier": 1557262702, "longitude": -1.872022, "latitude": 38.9907491}, {"identifier": 1560897796, "longitude": -1.8719111, "latitude": 38.9944246}, {"identifier": 1560897811, "longitude": -1.8709807, "latitude": 38.994853}, {"identifier": 1560897852, "longitude": -1.8704562, "latitude": 38.9952398}, {"identifier": 1560897869, "longitude": -1.8725982, "latitude": 38.9939664}, {"identifier": 1560899212, "longitude": -1.8787517, "latitude": 38.992976}, {"identifier": 1560900347, "longitude": -1.8757816, "latitude": 38.9938014}, {"identifier": 1560900349, "longitude": -1.8752178, "latitude": 38.9931612}, {"identifier": 1560901334, "longitude": -1.8766661, "latitude": 38.9967867}, {"identifier": 1565088794, "longitude": -1.8768603, "latitude": 38.988704}, {"identifier": 1572435237, "longitude": -1.8722633, "latitude": 38.9911138}, {"identifier": 1572435245, "longitude": -1.8724202, "latitude": 38.9913346}, {"identifier": 1572435249, "longitude": -1.8712227, "latitude": 38.9915493}, {"identifier": 1572435255, "longitude": -1.8713807, "latitude": 38.9917765}, {"identifier": 1572439161, "longitude": -1.869029, "latitude": 38.9909799}, {"identifier": 1572439165, "longitude": -1.8696876, "latitude": 38.9917916}, {"identifier": 1572439170, "longitude": -1.8704044, "latitude": 38.9903793}, {"identifier": 1574598070, "longitude": -1.871305, "latitude": 38.991666}, {"identifier": 1574598083, "longitude": -1.8780413, "latitude": 38.9901774}, {"identifier": 1574598085, "longitude": -1.878381, "latitude": 38.9908961}, {"identifier": 1574608068, "longitude": -1.876732, "latitude": 38.9936029}, {"identifier": 1574608071, "longitude": -1.8735289, "latitude": 38.9971899}, {"identifier": 1574608075, "longitude": -1.8743812, "latitude": 38.9966443}, {"identifier": 1574608077, "longitude": -1.8756174, "latitude": 38.9929772}, {"identifier": 1574608080, "longitude": -1.8753297, "latitude": 38.9951524}, {"identifier": 1574608082, "longitude": -1.873787, "latitude": 38.993341}, {"identifier": 1574608089, "longitude": -1.8732797, "latitude": 38.9925944}, {"identifier": 1584914319, "longitude": -1.8761434, "latitude": 38.9900191}, {"identifier": 1636423094, "longitude": -1.8718605, "latitude": 38.9965828}, {"identifier": 1736087416, "longitude": -1.8727301, "latitude": 38.9970174}, {"identifier": 1788243283, "longitude": -1.869679, "latitude": 38.9937606}, {"identifier": 1835353347, "longitude": -1.8708104, "latitude": 38.9935267}, {"identifier": 1835353382, "longitude": -1.8699987, "latitude": 38.989784}, {"identifier": 1845484948, "longitude": -1.870691, "latitude": 38.9935677}, {"identifier": 1863940994, "longitude": -1.871953, "latitude": 38.9953568}, {"identifier": 1863967061, "longitude": -1.8757196, "latitude": 38.9899594}, {"identifier": 1863967068, "longitude": -1.8758856, "latitude": 38.9901065}, {"identifier": 1970003852, "longitude": -1.8739282, "latitude": 38.9948556}, {"identifier": 1970201408, "longitude": -1.8756045, "latitude": 38.9963721}, {"identifier": 1970201422, "longitude": -1.8755621, "latitude": 38.996742}, {"identifier": 1991099510, "longitude": -1.8685323, "latitude": 38.9904248}, {"identifier": 1991916950, "longitude": -1.8698283, "latitude": 38.9943778}, {"identifier": 1991970566, "longitude": -1.8723135, "latitude": 38.9938931}, {"identifier": 1991970573, "longitude": -1.8724616, "latitude": 38.9940371}, {"identifier": 1992110641, "longitude": -1.8755748, "latitude": 38.9902679}, {"identifier": 2736548945, "longitude": -1.8681773, "latitude": 38.99177}, {"identifier": 10773120419, "longitude": -1.8765065, "latitude": 38.9947763}], "segments": [{"origin": 335607951, "destination": 1991099510, "distance": 93.781, "speed": 40}, {"origin": 335607954, "destination": 1530201957, "distance": 9.286, "speed": 30}, {"origin": 335607954, "destination": 1256602813, "distance": 38.185, "speed": 30}, {"origin": 335607954, "destination": 1255487696, "distance": 107.55600000000001, "speed": 40}, {"origin": 335607956, "destination": 335607958, "distance": 48.401, "speed": 40}, {"origin": 335607957, "destination": 335607958, "distance": 11.538, "speed": 30}, {"origin": 335607957, "destination": 1530209382, "distance": 46.364000000000004, "speed": 40}, {"origin": 335607958, "destination": 335896858, "distance": 33.016, "speed": 30}, {"origin": 335607958, "destination": 335893163, "distance": 22.059, "speed": 30}, {"origin": 335720304, "destination": 335720305, "distance": 137.083, "speed": 30}, {"origin": 335720305, "destination": 1528181137, "distance": 45.286, "speed": 30}, {"origin": 335720305, "destination": 335720308, "distance": 169.821, "speed": 30}, {"origin": 335720308, "destination": 1554813465, "distance": 6.22, "speed": 30}, {"origin": 335720308, "destination": 1110616064, "distance": 290.476, "speed": 30}, {"origin": 335720310, "destination": 1560897796, "distance": 27.128999999999998, "speed": 30}, {"origin": 335720310, "destination": 335720312, "distance": 12.349, "speed": 30}, {"origin": 335720312, "destination": 335607957, "distance": 12.794, "speed": 30}, {"origin": 335720315, "destination": 1528822981, "distance": 66.032, "speed": 30}, {"origin": 335720315, "destination": 1554813429, "distance": 74.631, "speed": 30}, {"origin": 335720318, "destination": 1538534032, "distance": 87.186, "speed": 30}, {"origin": 335720320, "destination": 1110616064, "distance": 6.758, "speed": 30}, {"origin": 335720320, "destination": 1574598085, "distance": 57.448, "speed": 30}, {"origin": 335893163, "destination": 1560897811, "distance": 32.260000000000005, "speed": 30}, {"origin": 335893163, "destination": 335893167, "distance": 15.006, "speed": 30}, {"origin": 335893167, "destination": 335896858, "distance": 9.036000000000001, "speed": 30}, {"origin": 335896858, "destination": 1528160276, "distance": 22.196, "speed": 40}, {"origin": 335896858, "destination": 335896877, "distance": 10.33, "speed": 90}, {"origin": 335896871, "destination": 1863940994, "distance": 32.197, "speed": 40}, {"origin": 335896871, "destination": 1293940903, "distance": 83.88499999999999, "speed": 30}, {"origin": 335896877, "destination": 335607957, "distance": 31.285, "speed": 30}, {"origin": 335896877, "destination": 335720310, "distance": 16.295, "speed": 30}, {"origin": 344859492, "destination": 335720320, "distance": 13.653, "speed": 90}, {"origin": 434369338, "destination": 1255528478, "distance": 132.154, "speed": 30}, {"origin": 550376433, "destination": 1574608089, "distance": 105.739, "speed": 30}, {"origin": 550376452, "destination": 1530897624, "distance": 13.004, "speed": 30}, {"origin": 550376456, "destination": 1530897682, "distance": 11.767, "speed": 30}, {"origin": 550376456, "destination": 1530897950, "distance": 24.310000000000002, "speed": 30}, {"origin": 550376458, "destination": 550376452, "distance": 27.629, "speed": 30}, {"origin": 550376458, "destination": 1530897844, "distance": 63.749, "speed": 30}, {"origin": 550378434, "destination": 1991970566, "distance": 33.828, "speed": 30}, {"origin": 550378434, "destination": 1530209339, "distance": 35.836999999999996, "speed": 30}, {"origin": 552477909, "destination": 552477910, "distance": 13.377, "speed": 30}, {"origin": 552477909, "destination": 1528672003, "distance": 53.487, "speed": 30}, {"origin": 552477910, "destination": 552477909, "distance": 13.377, "speed": 30}, {"origin": 552477910, "destination": 1835353382, "distance": 212.70600000000002, "speed": 30}, {"origin": 552477911, "destination": 1991099510, "distance": 9.412, "speed": 30}, {"origin": 552477911, "destination": 1529197040, "distance": 74.30799999999999, "speed": 40}, {"origin": 618009048, "destination": 1835353347, "distance": 135.706, "speed": 30}, {"origin": 618009048, "destination": 1530209368, "distance": 22.453, "speed": 30}, {"origin": 719109982, "destination": 1255528486, "distance": 50.491, "speed": 30}, {"origin": 1110616064, "destination": 344859492, "distance": 15.488, "speed": 30}, {"origin": 1110616067, "destination": 1528181110, "distance": 145.169, "speed": 30}, {"origin": 1110616067, "destination": 1110616068, "distance": 134.843, "speed": 30}, {"origin": 1110616068, "destination": 1560899212, "distance": 22.548, "speed": 30}, {"origin": 1110616068, "destination": 1110616074, "distance": 121.44000000000001, "speed": 30}, {"origin": 1110616069, "destination": 1528181114, "distance": 49.823, "speed": 30}, {"origin": 1110616069, "destination": 1528181121, "distance": 49.205999999999996, "speed": 30}, {"origin": 1110616070, "destination": 1534536974, "distance": 46.297, "speed": 30}, {"origin": 1110616070, "destination": 1528181136, "distance": 76.84899999999999, "speed": 30}, {"origin": 1110616074, "destination": 1528181110, "distance": 114.39399999999999, "speed": 30}, {"origin": 1110616074, "destination": 1110616068, "distance": 121.44, "speed": 30}, {"origin": 1253952549, "destination": 335893167, "distance": 30.217, "speed": 30}, {"origin": 1253952549, "destination": 1528160276, "distance": 52.976, "speed": 30}, {"origin": 1255487696, "destination": 1845484948, "distance": 54.417, "speed": 40}, {"origin": 1255499536, "destination": 1530201922, "distance": 77.404, "speed": 40}, {"origin": 1255499536, "destination": 1572439161, "distance": 10.224, "speed": 30}, {"origin": 1255504854, "destination": 1535642894, "distance": 41.53, "speed": 30}, {"origin": 1255504854, "destination": 1255528478, "distance": 120.793, "speed": 30}, {"origin": 1255504854, "destination": 1560897852, "distance": 29.792, "speed": 30}, {"origin": 1255528468, "destination": 1255528478, "distance": 82.342, "speed": 30}, {"origin": 1255528474, "destination": 1255528495, "distance": 68.955, "speed": 30}, {"origin": 1255528478, "destination": 434369338, "distance": 132.154, "speed": 30}, {"origin": 1255528478, "destination": 1255504854, "distance": 120.793, "speed": 30}, {"origin": 1255528486, "destination": 2736548945, "distance": 67.912, "speed": 30}, {"origin": 1255528486, "destination": 1255499536, "distance": 78.618, "speed": 30}, {"origin": 1255528495, "destination": 1255528468, "distance": 88.467, "speed": 30}, {"origin": 1255528495, "destination": 1991916950, "distance": 91.252, "speed": 30}, {"origin": 1256602813, "destination": 335607954, "distance": 38.185, "speed": 30}, {"origin": 1256602813, "destination": 1256602816, "distance": 91.31199999999998, "speed": 30}, {"origin": 1256602816, "destination": 1554779027, "distance": 54.22, "speed": 30}, {"origin": 1293940877, "destination": 1970201422, "distance": 67.378, "speed": 30}, {"origin": 1293940877, "destination": 1560901334, "distance": 28.657000000000004, "speed": 20}, {"origin": 1293940882, "destination": 1574608075, "distance": 66.37700000000001, "speed": 30}, {"origin": 1293940882, "destination": 1538396680, "distance": 91.15, "speed": 30}, {"origin": 1293940884, "destination": 1863940994, "distance": 101.618, "speed": 30}, {"origin": 1293940884, "destination": 1293940903, "distance": 63.501, "speed": 30}, {"origin": 1293940898, "destination": 1304936191, "distance": 94.953, "speed": 30}, {"origin": 1293940898, "destination": 1293940901, "distance": 68.923, "speed": 30}, {"origin": 1293940901, "destination": 1293940908, "distance": 74.048, "speed": 30}, {"origin": 1293940901, "destination": 1736087416, "distance": 54.796, "speed": 30}, {"origin": 1293940903, "destination": 1293940901, "distance": 99.154, "speed": 30}, {"origin": 1293940903, "destination": 1304936191, "distance": 69.039, "speed": 30}, {"origin": 1293940908, "destination": 335896871, "distance": 93.598, "speed": 40}, {"origin": 1293940908, "destination": 1636423094, "distance": 17.249000000000002, "speed": 40}, {"origin": 1293954200, "destination": 1293940908, "distance": 48.22, "speed": 40}, {"origin": 1304936180, "destination": 1293940877, "distance": 91.51899999999999, "speed": 30}, {"origin": 1304936180, "destination": 1528181139, "distance": 92.255, "speed": 20}, {"origin": 1304936191, "destination": 1970003852, "distance": 98.77300000000001, "speed": 30}, {"origin": 1304936191, "destination": 1538396676, "distance": 62.556000000000004, "speed": 30}, {"origin": 1526105938, "destination": 1572435245, "distance": 40.407, "speed": 30}, {"origin": 1526105938, "destination": 1554807113, "distance": 102.43499999999999, "speed": 30}, {"origin": 1526105942, "destination": 1526105943, "distance": 73.114, "speed": 30}, {"origin": 1526105943, "destination": 1526106005, "distance": 142.22, "speed": 30}, {"origin": 1526105943, "destination": 1527972843, "distance": 57.863, "speed": 30}, {"origin": 1526105951, "destination": 1526106005, "distance": 47.418, "speed": 30}, {"origin": 1526105951, "destination": 1565088794, "distance": 160.672, "speed": 30}, {"origin": 1526105954, "destination": 1554807109, "distance": 129.507, "speed": 20}, {"origin": 1526105959, "destination": 1554807109, "distance": 103.719, "speed": 30}, {"origin": 1526105959, "destination": 1572439170, "distance": 141.005, "speed": 30}, {"origin": 1526105966, "destination": 1554807113, "distance": 129.185, "speed": 20}, {"origin": 1526105983, "destination": 1530209339, "distance": 75.237, "speed": 30}, {"origin": 1526105984, "destination": 1557262702, "distance": 5.43, "speed": 30}, {"origin": 1526105986, "destination": 1526106002, "distance": 101.63300000000001, "speed": 30}, {"origin": 1526105986, "destination": 1526105988, "distance": 128.403, "speed": 20}, {"origin": 1526105986, "destination": 618009048, "distance": 54.657, "speed": 30}, {"origin": 1526105988, "destination": 1526105986, "distance": 128.403, "speed": 20}, {"origin": 1526105992, "destination": 1526105951, "distance": 136.005, "speed": 30}, {"origin": 1526105997, "destination": 1526105942, "distance": 84.991, "speed": 30}, {"origin": 1526105997, "destination": 1526105992, "distance": 180.80800000000002, "speed": 30}, {"origin": 1526106002, "destination": 1526105938, "distance": 53.705, "speed": 30}, {"origin": 1526106005, "destination": 1526105951, "distance": 47.418, "speed": 30}, {"origin": 1526106005, "destination": 1526105943, "distance": 142.22, "speed": 30}, {"origin": 1527972839, "destination": 1526105942, "distance": 159.275, "speed": 30}, {"origin": 1527972839, "destination": 1528822986, "distance": 25.765, "speed": 30}, {"origin": 1527972839, "destination": 1530897844, "distance": 63.316, "speed": 30}, {"origin": 1527972843, "destination": 1528822986, "distance": 82.183, "speed": 30}, {"origin": 1527972843, "destination": 1992110641, "distance": 32.626, "speed": 30}, {"origin": 1528160276, "destination": 1636423094, "distance": 187.87599999999998, "speed": 40}, {"origin": 1528181110, "destination": 335720308, "distance": 55.754000000000005, "speed": 30}, {"origin": 1528181110, "destination": 1528181122, "distance": 45.379999999999995, "speed": 30}, {"origin": 1528181111, "destination": 1528181138, "distance": 70.04599999999999, "speed": 30}, {"origin": 1528181112, "destination": 10773120419, "distance": 47.545, "speed": 20}, {"origin": 1528181112, "destination": 1528181139, "distance": 41.917, "speed": 20}, {"origin": 1528181112, "destination": 1528181135, "distance": 42.971000000000004, "speed": 30}, {"origin": 1528181113, "destination": 1538396676, "distance": 127.673, "speed": 30}, {"origin": 1528181113, "destination": 1970003852, "distance": 66.733, "speed": 30}, {"origin": 1528181114, "destination": 1528181135, "distance": 48.208, "speed": 30}, {"origin": 1528181114, "destination": 10773120419, "distance": 42.326, "speed": 20}, {"origin": 1528181116, "destination": 1528181138, "distance": 36.443, "speed": 30}, {"origin": 1528181116, "destination": 1528181128, "distance": 69.922, "speed": 30}, {"origin": 1528181117, "destination": 1304936180, "distance": 43.096, "speed": 30}, {"origin": 1528181117, "destination": 1528181139, "distance": 44.875, "speed": 20}, {"origin": 1528181121, "destination": 1528181113, "distance": 67.27199999999999, "speed": 30}, {"origin": 1528181121, "destination": 1528181134, "distance": 65.124, "speed": 30}, {"origin": 1528181122, "destination": 1574608077, "distance": 44.899, "speed": 30}, {"origin": 1528181128, "destination": 1528181111, "distance": 54.315000000000005, "speed": 30}, {"origin": 1528181128, "destination": 1528181133, "distance": 31.202, "speed": 30}, {"origin": 1528181129, "destination": 1574608068, "distance": 48.323, "speed": 30}, {"origin": 1528181133, "destination": 1528181113, "distance": 71.487, "speed": 30}, {"origin": 1528181133, "destination": 1528181134, "distance": 41.689, "speed": 30}, {"origin": 1528181134, "destination": 1560900347, "distance": 52.835, "speed": 30}, {"origin": 1528181135, "destination": 1528181117, "distance": 41.445, "speed": 30}, {"origin": 1528181135, "destination": 1528181112, "distance": 42.971000000000004, "speed": 30}, {"origin": 1528181135, "destination": 1574608080, "distance": 67.121, "speed": 30}, {"origin": 1528181136, "destination": 1110616074, "distance": 8.131, "speed": 30}, {"origin": 1528181137, "destination": 1528181133, "distance": 76.084, "speed": 30}, {"origin": 1528181137, "destination": 1528181111, "distance": 68.32300000000001, "speed": 30}, {"origin": 1528181138, "destination": 335720304, "distance": 34.301, "speed": 30}, {"origin": 1528181139, "destination": 1528181112, "distance": 41.917, "speed": 20}, {"origin": 1528181139, "destination": 1528181117, "distance": 44.875, "speed": 20}, {"origin": 1528181139, "destination": 1304936180, "distance": 92.255, "speed": 20}, {"origin": 1528672003, "destination": 552477909, "distance": 53.487, "speed": 30}, {"origin": 1528822981, "destination": 1530897844, "distance": 69.036, "speed": 30}, {"origin": 1528822981, "destination": 1528822987, "distance": 87.893, "speed": 20}, {"origin": 1528822986, "destination": 1528822987, "distance": 77.957, "speed": 30}, {"origin": 1528822986, "destination": 1527972843, "distance": 82.183, "speed": 30}, {"origin": 1528822986, "destination": 1527972839, "distance": 25.765, "speed": 30}, {"origin": 1528822987, "destination": 1554813465, "distance": 85.40599999999999, "speed": 30}, {"origin": 1528822994, "destination": 335720318, "distance": 73.373, "speed": 30}, {"origin": 1528822994, "destination": 1554813432, "distance": 96.088, "speed": 20}, {"origin": 1528823004, "destination": 1554807111, "distance": 55.43, "speed": 30}, {"origin": 1528823004, "destination": 1530897924, "distance": 88.163, "speed": 30}, {"origin": 1528823220, "destination": 1529197043, "distance": 27.452, "speed": 30}, {"origin": 1529197029, "destination": 1529197043, "distance": 73.938, "speed": 20}, {"origin": 1529197029, "destination": 1529197036, "distance": 26.57, "speed": 30}, {"origin": 1529197036, "destination": 1528823220, "distance": 73.267, "speed": 20}, {"origin": 1529197036, "destination": 552477911, "distance": 54.699, "speed": 30}, {"origin": 1529197040, "destination": 1528823220, "distance": 52.208999999999996, "speed": 30}, {"origin": 1529197043, "destination": 1529197029, "distance": 73.938, "speed": 20}, {"origin": 1529197043, "destination": 1529197048, "distance": 54.540000000000006, "speed": 30}, {"origin": 1529197048, "destination": 1835353382, "distance": 74.15700000000001, "speed": 30}, {"origin": 1529197053, "destination": 335607951, "distance": 53.583, "speed": 30}, {"origin": 1530201918, "destination": 1554778988, "distance": 55.353, "speed": 30}, {"origin": 1530201918, "destination": 1255487696, "distance": 71.203, "speed": 30}, {"origin": 1530201922, "destination": 2736548945, "distance": 103.20599999999999, "speed": 30}, {"origin": 1530201922, "destination": 335607954, "distance": 81.05199999999999, "speed": 40}, {"origin": 1530201957, "destination": 335607954, "distance": 9.286, "speed": 30}, {"origin": 1530201957, "destination": 1572439161, "distance": 160.463, "speed": 40}, {"origin": 1530201957, "destination": 1574598070, "distance": 136.701, "speed": 30}, {"origin": 1530201967, "destination": 1530201918, "distance": 92.49000000000001, "speed": 30}, {"origin": 1530201967, "destination": 1255528474, "distance": 54.064, "speed": 30}, {"origin": 1530209339, "destination": 335720312, "distance": 25.332, "speed": 30}, {"origin": 1530209348, "destination": 1293940884, "distance": 74.961, "speed": 30}, {"origin": 1530209348, "destination": 1528181116, "distance": 79.151, "speed": 30}, {"origin": 1530209368, "destination": 1526105983, "distance": 69.439, "speed": 30}, {"origin": 1530209368, "destination": 550376433, "distance": 34.715, "speed": 30}, {"origin": 1530209382, "destination": 1526105983, "distance": 89.171, "speed": 30}, {"origin": 1530209382, "destination": 1835353347, "distance": 72.41, "speed": 40}, {"origin": 1530897460, "destination": 1526106005, "distance": 132.348, "speed": 30}, {"origin": 1530897460, "destination": 1565088794, "distance": 56.029, "speed": 30}, {"origin": 1530897460, "destination": 1530897532, "distance": 29.904, "speed": 30}, {"origin": 1530897496, "destination": 1530897950, "distance": 13.447, "speed": 30}, {"origin": 1530897496, "destination": 550376458, "distance": 43.854, "speed": 30}, {"origin": 1530897532, "destination": 1530897460, "distance": 29.904, "speed": 30}, {"origin": 1530897532, "destination": 1863967061, "distance": 85.19900000000001, "speed": 30}, {"origin": 1530897624, "destination": 1526106002, "distance": 32.654, "speed": 30}, {"origin": 1530897624, "destination": 550376456, "distance": 24.556, "speed": 30}, {"origin": 1530897682, "destination": 1574608089, "distance": 11.752, "speed": 30}, {"origin": 1530897682, "destination": 618009048, "distance": 101.837, "speed": 30}, {"origin": 1530897844, "destination": 1527972839, "distance": 63.316, "speed": 30}, {"origin": 1530897844, "destination": 550376458, "distance": 63.749, "speed": 30}, {"origin": 1530897924, "destination": 1530897532, "distance": 71.586, "speed": 20}, {"origin": 1530897924, "destination": 1528823004, "distance": 88.163, "speed": 30}, {"origin": 1530897924, "destination": 1584914319, "distance": 60.586, "speed": 30}, {"origin": 1530897950, "destination": 550376452, "distance": 15.998999999999999, "speed": 30}, {"origin": 1534536974, "destination": 1110616070, "distance": 46.297, "speed": 30}, {"origin": 1534536974, "destination": 10773120419, "distance": 107.239, "speed": 20}, {"origin": 1534536974, "destination": 1574608068, "distance": 61.653, "speed": 30}, {"origin": 1534536974, "destination": 1110616069, "distance": 88.834, "speed": 30}, {"origin": 1535642894, "destination": 1255528468, "distance": 109.027, "speed": 30}, {"origin": 1535642894, "destination": 1991916950, "distance": 76.881, "speed": 30}, {"origin": 1538396676, "destination": 1574608075, "distance": 92.806, "speed": 30}, {"origin": 1538396676, "destination": 1538396680, "distance": 65.46900000000001, "speed": 30}, {"origin": 1538396680, "destination": 1304936180, "distance": 84.659, "speed": 30}, {"origin": 1538396680, "destination": 1574608080, "distance": 82.04599999999999, "speed": 30}, {"origin": 1538534032, "destination": 1554813467, "distance": 135.02999999999997, "speed": 30}, {"origin": 1538534032, "destination": 1554813465, "distance": 83.55000000000001, "speed": 30}, {"origin": 1554778988, "destination": 1554779027, "distance": 90.986, "speed": 30}, {"origin": 1554778988, "destination": 1256602813, "distance": 52.35, "speed": 30}, {"origin": 1554779027, "destination": 1530201967, "distance": 55.021, "speed": 30}, {"origin": 1554807105, "destination": 1530209348, "distance": 44.117999999999995, "speed": 30}, {"origin": 1554807105, "destination": 1560897869, "distance": 18.177999999999997, "speed": 30}, {"origin": 1554807105, "destination": 335720304, "distance": 78.208, "speed": 30}, {"origin": 1554807107, "destination": 335720320, "distance": 82.80499999999999, "speed": 30}, {"origin": 1554807107, "destination": 1554807198, "distance": 28.45, "speed": 30}, {"origin": 1554807109, "destination": 1554807205, "distance": 54.009, "speed": 30}, {"origin": 1554807109, "destination": 1526105954, "distance": 129.507, "speed": 20}, {"origin": 1554807111, "destination": 1528823004, "distance": 55.43, "speed": 30}, {"origin": 1554807111, "destination": 1554807107, "distance": 71.486, "speed": 30}, {"origin": 1554807113, "destination": 1526105966, "distance": 129.185, "speed": 20}, {"origin": 1554807113, "destination": 1526105986, "distance": 53.42, "speed": 30}, {"origin": 1554807198, "destination": 1554807107, "distance": 28.45, "speed": 30}, {"origin": 1554807205, "destination": 1572435249, "distance": 39.673, "speed": 30}, {"origin": 1554807205, "destination": 1526105984, "distance": 102.12299999999999, "speed": 30}, {"origin": 1554807205, "destination": 1572439165, "distance": 129.82, "speed": 20}, {"origin": 1554807214, "destination": 1572435237, "distance": 13.795, "speed": 30}, {"origin": 1554813425, "destination": 1554813448, "distance": 37.958, "speed": 30}, {"origin": 1554813425, "destination": 1554813467, "distance": 85.228, "speed": 30}, {"origin": 1554813429, "destination": 335720305, "distance": 7.054, "speed": 30}, {"origin": 1554813429, "destination": 1574608082, "distance": 79.231, "speed": 30}, {"origin": 1554813432, "destination": 1574598083, "distance": 37.797, "speed": 30}, {"origin": 1554813448, "destination": 1528822994, "distance": 42.615, "speed": 30}, {"origin": 1554813465, "destination": 335720315, "distance": 88.75999999999999, "speed": 30}, {"origin": 1554813467, "destination": 1527972843, "distance": 54.911, "speed": 30}, {"origin": 1554813467, "destination": 1554813425, "distance": 85.228, "speed": 30}, {"origin": 1557262702, "destination": 1526105997, "distance": 137.493, "speed": 30}, {"origin": 1557262702, "destination": 1526105959, "distance": 49.473, "speed": 30}, {"origin": 1560897796, "destination": 550378434, "distance": 36.735, "speed": 30}, {"origin": 1560897796, "destination": 1554807105, "distance": 62.629999999999995, "speed": 30}, {"origin": 1560897811, "destination": 1560897852, "distance": 62.887, "speed": 30}, {"origin": 1560897811, "destination": 1535642894, "distance": 81.849, "speed": 30}, {"origin": 1560897852, "destination": 1253952549, "distance": 68.354, "speed": 30}, {"origin": 1560897852, "destination": 1255504854, "distance": 29.792, "speed": 30}, {"origin": 1560897869, "destination": 1991970573, "distance": 14.183, "speed": 30}, {"origin": 1560899212, "destination": 1110616068, "distance": 22.548, "speed": 30}, {"origin": 1560900347, "destination": 1528181129, "distance": 36.727, "speed": 30}, {"origin": 1560900347, "destination": 1560900349, "distance": 86.26499999999999, "speed": 30}, {"origin": 1560900349, "destination": 1528181137, "distance": 41.461999999999996, "speed": 30}, {"origin": 1560901334, "destination": 1293940877, "distance": 28.657000000000004, "speed": 20}, {"origin": 1565088794, "destination": 1530897460, "distance": 56.028999999999996, "speed": 30}, {"origin": 1572435237, "destination": 1572435249, "distance": 102.143, "speed": 30}, {"origin": 1572435237, "destination": 1526105984, "distance": 40.216, "speed": 30}, {"origin": 1572435245, "destination": 1554807214, "distance": 14.253, "speed": 30}, {"origin": 1572435249, "destination": 1574598070, "distance": 14.798, "speed": 30}, {"origin": 1572435255, "destination": 1554807113, "distance": 38.885, "speed": 30}, {"origin": 1572435255, "destination": 1572435245, "distance": 102.39800000000001, "speed": 30}, {"origin": 1572439161, "destination": 552477911, "distance": 71.767, "speed": 40}, {"origin": 1572439161, "destination": 1572439170, "distance": 136.411, "speed": 30}, {"origin": 1572439165, "destination": 1554807205, "distance": 129.82000000000002, "speed": 20}, {"origin": 1572439170, "destination": 1554807109, "distance": 54.413000000000004, "speed": 30}, {"origin": 1572439170, "destination": 1835353382, "distance": 74.907, "speed": 30}, {"origin": 1574598070, "destination": 1572435255, "distance": 13.92, "speed": 30}, {"origin": 1574598070, "destination": 1530201957, "distance": 136.701, "speed": 30}, {"origin": 1574598070, "destination": 1554807214, "distance": 102.21000000000001, "speed": 30}, {"origin": 1574598083, "destination": 1554813448, "distance": 115.37700000000001, "speed": 20}, {"origin": 1574598083, "destination": 1528823004, "distance": 79.928, "speed": 30}, {"origin": 1574598085, "destination": 1554813432, "distance": 47.342999999999996, "speed": 30}, {"origin": 1574598085, "destination": 335720318, "distance": 67.848, "speed": 30}, {"origin": 1574608068, "destination": 1528181122, "distance": 110.092, "speed": 30}, {"origin": 1574608068, "destination": 1528181136, "distance": 45.486, "speed": 30}, {"origin": 1574608071, "destination": 1293940898, "distance": 68.194, "speed": 30}, {"origin": 1574608075, "destination": 1293940898, "distance": 65.708, "speed": 30}, {"origin": 1574608077, "destination": 1560900349, "distance": 40.14, "speed": 30}, {"origin": 1574608077, "destination": 1528181129, "distance": 96.11999999999999, "speed": 30}, {"origin": 1574608080, "destination": 1528181135, "distance": 67.12100000000001, "speed": 30}, {"origin": 1574608080, "destination": 1528181121, "distance": 73.63600000000001, "speed": 30}, {"origin": 1574608082, "destination": 1560897869, "distance": 124.069, "speed": 30}, {"origin": 1574608089, "destination": 1530897496, "distance": 14.928, "speed": 30}, {"origin": 1574608089, "destination": 1574608082, "distance": 93.89999999999999, "speed": 30}, {"origin": 1584914319, "destination": 1554813425, "distance": 38.7, "speed": 30}, {"origin": 1584914319, "destination": 1530897924, "distance": 60.586, "speed": 30}, {"origin": 1584914319, "destination": 1863967068, "distance": 24.308, "speed": 30}, {"origin": 1736087416, "destination": 1293954200, "distance": 73.292, "speed": 30}, {"origin": 1788243283, "destination": 1530201918, "distance": 50.588, "speed": 30}, {"origin": 1788243283, "destination": 1255528474, "distance": 91.09499999999998, "speed": 30}, {"origin": 1835353347, "destination": 1530201957, "distance": 161.875, "speed": 40}, {"origin": 1835353382, "destination": 552477910, "distance": 212.706, "speed": 30}, {"origin": 1835353382, "destination": 1529197048, "distance": 74.15700000000001, "speed": 30}, {"origin": 1835353382, "destination": 1529197029, "distance": 55.292, "speed": 30}, {"origin": 1835353382, "destination": 1572439170, "distance": 74.907, "speed": 30}, {"origin": 1845484948, "destination": 335607956, "distance": 69.653, "speed": 40}, {"origin": 1845484948, "destination": 1788243283, "distance": 90.05499999999999, "speed": 30}, {"origin": 1863940994, "destination": 335896877, "distance": 76.401, "speed": 40}, {"origin": 1863967061, "destination": 1527972843, "distance": 67.776, "speed": 30}, {"origin": 1863967061, "destination": 1863967068, "distance": 25.231, "speed": 30}, {"origin": 1863967061, "destination": 1530897532, "distance": 85.19900000000001, "speed": 30}, {"origin": 1863967068, "destination": 1584914319, "distance": 24.308, "speed": 30}, {"origin": 1863967068, "destination": 1992110641, "distance": 32.559, "speed": 30}, {"origin": 1970003852, "destination": 1528181116, "distance": 70.922, "speed": 30}, {"origin": 1970003852, "destination": 1293940884, "distance": 77.968, "speed": 30}, {"origin": 1970201408, "destination": 1970201422, "distance": 41.294, "speed": 20}, {"origin": 1970201422, "destination": 1970201408, "distance": 41.294, "speed": 20}, {"origin": 1970201422, "destination": 1293940882, "distance": 36.257, "speed": 30}, {"origin": 1991099510, "destination": 1255499536, "distance": 75.785, "speed": 40}, {"origin": 1991099510, "destination": 719109982, "distance": 75.226, "speed": 30}, {"origin": 1991916950, "destination": 1788243283, "distance": 69.833, "speed": 30}, {"origin": 1991916950, "destination": 335607956, "distance": 111.67800000000001, "speed": 30}, {"origin": 1991970566, "destination": 550376433, "distance": 63.013, "speed": 30}, {"origin": 1991970573, "destination": 550378434, "distance": 28.599, "speed": 30}, {"origin": 1991970573, "destination": 1991970566, "distance": 26.481, "speed": 30}, {"origin": 1992110641, "destination": 1863967068, "distance": 32.559, "speed": 30}, {"origin": 1992110641, "destination": 1527972843, "distance": 32.626, "speed": 30}, {"origin": 1992110641, "destination": 1863967061, "distance": 36.825, "speed": 30}, {"origin": 2736548945, "destination": 1256602816, "distance": 77.977, "speed": 30}, {"origin": 10773120419, "destination": 1528181112, "distance": 47.545, "speed": 20}, {"origin": 10773120419, "destination": 1528181114, "distance": 42.326, "speed": 20}, {"origin": 10773120419, "destination": 1534536974, "distance": 107.239, "speed": 20}], "candidates": [[1538396676, 14933], [1528181112, 16295], [1529197029, 1401], [618009048, 17650], [1526105997, 13127], [1528181137, 12954], [1528160276, 1223], [1991099510, 12815], [1528181128, 10981], [2736548945, 16138], [1530209348, 5115], [1560900349, 4907], [1528181134, 12005], [335607956, 7207], [1253952549, 18892], [335720315, 12460], [1526105986, 14269], [1991970566, 7680], [1110616069, 2355], [335720312, 5579], [1572439161, 13044], [1574608068, 12118], [1534536974, 9521], [1565088794, 17240], [1560897796, 1828], [335720308, 19372], [1554807111, 794], [1554807107, 8083], [550376456, 7063], [1554807105, 4635], [1530897924, 14306], [1255528474, 3840], [335720320, 11962], [1526105988, 13369], [335896871, 16943], [1574608075, 7108], [434369338, 10280], [1530897624, 16996], [1572435249, 8089], [1835353347, 2946], [1572435245, 11339], [1554807113, 12353], [1293940877, 6664], [1528181139, 5916], [10773120419, 18720], [1255528468, 13363], [1554813465, 14272], [1554813467, 12104], [1528822986, 4766], [1538534032, 6516], [1529197036, 4836], [344859492, 12844], [1845484948, 2973], [1293940884, 7414], [1538396680, 2980], [335607954, 8139], [1256602813, 770], [1526105942, 14132], [1293940882, 1002], [1572435255, 9999], [1528181121, 7702], [1528181136, 1822], [1256602816, 1021], [1255528495, 13380], [1528181122, 11504], [1535642894, 14558], [1991970573, 17857], [1572439170, 12609], [1530897532, 3443], [1110616070, 6821], [335720310, 15621], [1554813425, 16697], [1992110641, 4237], [1528181114, 2814], [550378434, 9786], [1554813432, 18847], [1527972839, 13892], [1970201408, 3073], [1526105992, 14933], [1530897844, 5019], [1554807205, 10701], [1863967068, 3737], [719109982, 602], [1255499536, 18467], [335893167, 1540], [1574598070, 12616], [1574598083, 15042], [550376458, 18438], [335607957, 14485]], "number_stations": 22}