{"address": "Calle Franciscanos, Albacete", "distance": 500, "intersections": [{"identifier": 333719887, "longitude": -1.8663984, "latitude": 38.9869795}, {"identifier": 335607938, "longitude": -1.866186, "latitude": 38.98705}, {"identifier": 335607940, "longitude": -1.8666125, "latitude": 38.9871551}, {"identifier": 335607941, "longitude": -1.8665516, "latitude": 38.9872907}, {"identifier": 335607942, "longitude": -1.8664091, "latitude": 38.9873493}, {"identifier": 335607943, "longitude": -1.8662377, "latitude": 38.9873177}, {"identifier": 335607946, "longitude": -1.8666218, "latitude": 38.9875285}, {"identifier": 335607951, "longitude": -1.8680309, "latitude": 38.9896769}, {"identifier": 434014584, "longitude": -1.8620555, "latitude": 38.9863228}, {"identifier": 434014588, "longitude": -1.8612681, "latitude": 38.9872094}, {"identifier": 434014596, "longitude": -1.8595914, "latitude": 38.9891308}, {"identifier": 434014599, "longitude": -1.858993, "latitude": 38.9902264}, {"identifier": 434370872, "longitude": -1.8584667, "latitude": 38.9933878}, {"identifier": 434370873, "longitude": -1.8572049, "latitude": 38.9932158}, {"identifier": 443511409, "longitude": -1.8624919, "latitude": 38.9932484}, {"identifier": 443511897, "longitude": -1.8586486, "latitude": 38.9910279}, {"identifier": 551594134, "longitude": -1.8685266, "latitude": 38.9858696}, {"identifier": 551594177, "longitude": -1.8684592, "latitude": 38.9861657}, {"identifier": 551594180, "longitude": -1.8683944, "latitude": 38.9860229}, {"identifier": 552477911, "longitude": -1.8686395, "latitude": 38.9904099}, {"identifier": 618009050, "longitude": -1.8630488, "latitude": 38.9947237}, {"identifier": 621979238, "longitude": -1.8609242, "latitude": 38.9870965}, {"identifier": 621979242, "longitude": -1.8664125, "latitude": 38.9910642}, {"identifier": 621979256, "longitude": -1.8665323, "latitude": 38.9915296}, {"identifier": 621979259, "longitude": -1.8665634, "latitude": 38.9912529}, {"identifier": 621979263, "longitude": -1.8664225, "latitude": 38.9914489}, {"identifier": 621979267, "longitude": -1.8665381, "latitude": 38.9913776}, {"identifier": 621983933, "longitude": -1.858676, "latitude": 38.9876469}, {"identifier": 621983937, "longitude": -1.8671066, "latitude": 38.9941225}, {"identifier": 672055839, "longitude": -1.8666282, "latitude": 38.9913199}, {"identifier": 672060821, "longitude": -1.8635154, "latitude": 38.9897668}, {"identifier": 672060825, "longitude": -1.8598011, "latitude": 38.9940104}, {"identifier": 672063299, "longitude": -1.8643376, "latitude": 38.9888384}, {"identifier": 672063300, "longitude": -1.8634083, "latitude": 38.9883502}, {"identifier": 672063303, "longitude": -1.8593274, "latitude": 38.9937069}, {"identifier": 672063710, "longitude": -1.8628215, "latitude": 38.9880299}, {"identifier": 672063711, "longitude": -1.8619991, "latitude": 38.9890059}, {"identifier": 672063712, "longitude": -1.8598321, "latitude": 38.9916081}, {"identifier": 672069218, "longitude": -1.8585563, "latitude": 38.992376}, {"identifier": 672072224, "longitude": -1.8598533, "latitude": 38.9930386}, {"identifier": 672072225, "longitude": -1.8589984, "latitude": 38.9926092}, {"identifier": 672072226, "longitude": -1.8580349, "latitude": 38.9921475}, {"identifier": 672072227, "longitude": -1.8603976, "latitude": 38.9933175}, {"identifier": 719109982, "longitude": -1.8677781, "latitude": 38.9907625}, {"identifier": 772970901, "longitude": -1.86284, "latitude": 38.9940346}, {"identifier": 772970917, "longitude": -1.8613761, "latitude": 38.994202}, {"identifier": 1254189521, "longitude": -1.8656245, "latitude": 38.9943466}, {"identifier": 1255486890, "longitude": -1.8672397, "latitude": 38.9947596}, {"identifier": 1255528462, "longitude": -1.8638612, "latitude": 38.9931513}, {"identifier": 1255528474, "longitude": -1.8686425, "latitude": 38.9939095}, {"identifier": 1255528477, "longitude": -1.8653506, "latitude": 38.9929766}, {"identifier": 1255528486, "longitude": -1.8680389, "latitude": 38.9911688}, {"identifier": 1255547622, "longitude": -1.8611594, "latitude": 38.9913371}, {"identifier": 1255547623, "longitude": -1.8641357, "latitude": 38.9914708}, {"identifier": 1255547628, "longitude": -1.8636184, "latitude": 38.9907124}, {"identifier": 1255547629, "longitude": -1.8603937, "latitude": 38.9909338}, {"identifier": 1255547631, "longitude": -1.8633103, "latitude": 38.9910449}, {"identifier": 1255547633, "longitude": -1.8614817, "latitude": 38.9896273}, {"identifier": 1255547634, "longitude": -1.8598669, "latitude": 38.9888073}, {"identifier": 1255547636, "longitude": -1.858143, "latitude": 38.9899287}, {"identifier": 1255547637, "longitude": -1.8650502, "latitude": 38.9892083}, {"identifier": 1255547638, "longitude": -1.8609105, "latitude": 38.9935734}, {"identifier": 1255547640, "longitude": -1.8624173, "latitude": 38.9919809}, {"identifier": 1255547641, "longitude": -1.8619174, "latitude": 38.9903211}, {"identifier": 1255547642, "longitude": -1.8621742, "latitude": 38.989979}, {"identifier": 1255547644, "longitude": -1.8612004, "latitude": 38.9899649}, {"identifier": 1255547645, "longitude": -1.8618339, "latitude": 38.9916764}, {"identifier": 1255547648, "longitude": -1.8641868, "latitude": 38.9901078}, {"identifier": 1255547649, "longitude": -1.8626854, "latitude": 38.9907203}, {"identifier": 1255547650, "longitude": -1.8617681, "latitude": 38.992675}, {"identifier": 1255547652, "longitude": -1.862969, "latitude": 38.9903827}, {"identifier": 1256004122, "longitude": -1.8650292, "latitude": 38.990534}, {"identifier": 1256004126, "longitude": -1.8668932, "latitude": 38.9896198}, {"identifier": 1256004131, "longitude": -1.8644571, "latitude": 38.9911383}, {"identifier": 1256004134, "longitude": -1.8661686, "latitude": 38.9915735}, {"identifier": 1256004135, "longitude": -1.863854, "latitude": 38.9917804}, {"identifier": 1256026634, "longitude": -1.861648, "latitude": 38.9906956}, {"identifier": 1256026641, "longitude": -1.8623737, "latitude": 38.9910669}, {"identifier": 1256026659, "longitude": -1.8587738, "latitude": 38.9887202}, {"identifier": 1256026663, "longitude": -1.8592362, "latitude": 38.9878173}, {"identifier": 1256026671, "longitude": -1.8609055, "latitude": 38.9903191}, {"identifier": 1256026682, "longitude": -1.8571411, "latitude": 38.9918736}, {"identifier": 1256026700, "longitude": -1.8597916, "latitude": 38.9867277}, {"identifier": 1256602816, "longitude": -1.8683362, "latitude": 38.9924603}, {"identifier": 1256602818, "longitude": -1.8667758, "latitude": 38.9926285}, {"identifier": 1257471987, "longitude": -1.860255, "latitude": 38.9942159}, {"identifier": 1266037410, "longitude": -1.8614381, "latitude": 38.9861393}, {"identifier": 1322977377, "longitude": -1.8632084, "latitude": 38.9869236}, {"identifier": 1322977378, "longitude": -1.8593983, "latitude": 38.9913849}, {"identifier": 1322977380, "longitude": -1.8608038, "latitude": 38.9897528}, {"identifier": 1322977381, "longitude": -1.8610748, "latitude": 38.9894207}, {"identifier": 1322977383, "longitude": -1.8638762, "latitude": 38.986126}, {"identifier": 1322977384, "longitude": -1.8599768, "latitude": 38.9907245}, {"identifier": 1322977385, "longitude": -1.86243, "latitude": 38.9878206}, {"identifier": 1322980461, "longitude": -1.8630544, "latitude": 38.988817}, {"identifier": 1322980462, "longitude": -1.8620344, "latitude": 38.9882924}, {"identifier": 1322980464, "longitude": -1.8624226, "latitude": 38.9884973}, {"identifier": 1429086687, "longitude": -1.8670281, "latitude": 38.9871984}, {"identifier": 1526705357, "longitude": -1.866637, "latitude": 38.9872832}, {"identifier": 1526705367, "longitude": -1.8658514, "latitude": 38.9871586}, {"identifier": 1526705389, "longitude": -1.8647416, "latitude": 38.9865824}, {"identifier": 1528823253, "longitude": -1.8671617, "latitude": 38.9862034}, {"identifier": 1528823271, "longitude": -1.864403, "latitude": 38.9870299}, {"identifier": 1528823288, "longitude": -1.8647438, "latitude": 38.9883992}, {"identifier": 1528823325, "longitude": -1.8626463, "latitude": 38.9866307}, {"identifier": 1528823328, "longitude": -1.8610969, "latitude": 38.9885385}, {"identifier": 1528823330, "longitude": -1.8605795, "latitude": 38.9891692}, {"identifier": 1528823331, "longitude": -1.8595121, "latitude": 38.9904825}, {"identifier": 1528823332, "longitude": -1.8589572, "latitude": 38.9911615}, {"identifier": 1528823342, "longitude": -1.8635995, "latitude": 38.9902083}, {"identifier": 1528823351, "longitude": -1.8639251, "latitude": 38.9903785}, {"identifier": 1528823372, "longitude": -1.8638935, "latitude": 38.9908521}, {"identifier": 1528823379, "longitude": -1.8635235, "latitude": 38.9936905}, {"identifier": 1528823384, "longitude": -1.8658842, "latitude": 38.9883179}, {"identifier": 1528823390, "longitude": -1.8600657, "latitude": 38.9862239}, {"identifier": 1528832258, "longitude": -1.8638681, "latitude": 38.9867613}, {"identifier": 1528832261, "longitude": -1.8634908, "latitude": 38.9865749}, {"identifier": 1528832266, "longitude": -1.8629182, "latitude": 38.9862896}, {"identifier": 1529197040, "longitude": -1.8682511, "latitude": 38.9898137}, {"identifier": 1529197051, "longitude": -1.8632786, "latitude": 38.9900407}, {"identifier": 1529197053, "longitude": -1.8677405, "latitude": 38.9892515}, {"identifier": 1529202023, "longitude": -1.8623479, "latitude": 38.9860197}, {"identifier": 1529202095, "longitude": -1.8681499, "latitude": 38.9858984}, {"identifier": 1529477050, "longitude": -1.8605642, "latitude": 38.9944853}, {"identifier": 1529477429, "longitude": -1.857342, "latitude": 38.9915053}, {"identifier": 1529477449, "longitude": -1.8582255, "latitude": 38.9917979}, {"identifier": 1529477714, "longitude": -1.8647237, "latitude": 38.9938194}, {"identifier": 1529623315, "longitude": -1.8637504, "latitude": 38.9926645}, {"identifier": 1529623340, "longitude": -1.8637302, "latitude": 38.992674}, {"identifier": 1529623348, "longitude": -1.8642387, "latitude": 38.9863163}, {"identifier": 1529623350, "longitude": -1.864858, "latitude": 38.9944562}, {"identifier": 1529623380, "longitude": -1.8645774, "latitude": 38.99307}, {"identifier": 1530201964, "longitude": -1.8661036, "latitude": 38.9936714}, {"identifier": 1530201967, "longitude": -1.8685374, "latitude": 38.9934302}, {"identifier": 1530201979, "longitude": -1.8659655, "latitude": 38.9929112}, {"identifier": 1530201981, "longitude": -1.8665352, "latitude": 38.9914141}, {"identifier": 1530209392, "longitude": -1.8668141, "latitude": 38.9928079}, {"identifier": 1530705020, "longitude": -1.8637944, "latitude": 38.9878467}, {"identifier": 1531659796, "longitude": -1.8580573, "latitude": 38.9883402}, {"identifier": 1533751788, "longitude": -1.8575194, "latitude": 38.9911441}, {"identifier": 1533751804, "longitude": -1.8584239, "latitude": 38.9914336}, {"identifier": 1540598147, "longitude": -1.8591759, "latitude": 38.9859523}, {"identifier": 1540626757, "longitude": -1.8577802, "latitude": 38.9948257}, {"identifier": 1554779027, "longitude": -1.8684352, "latitude": 38.9929418}, {"identifier": 1554807128, "longitude": -1.867315, "latitude": 38.9886345}, {"identifier": 1557279034, "longitude": -1.8629925, "latitude": 38.9913783}, {"identifier": 1560699116, "longitude": -1.8662032, "latitude": 38.9879821}, {"identifier": 1560699127, "longitude": -1.8661232, "latitude": 38.9886089}, {"identifier": 1562200768, "longitude": -1.8657364, "latitude": 38.9863027}, {"identifier": 1562200802, "longitude": -1.8669276, "latitude": 38.9858694}, {"identifier": 1573048063, "longitude": -1.8590937, "latitude": 38.9861988}, {"identifier": 1573048095, "longitude": -1.8591671, "latitude": 38.98602}, {"identifier": 1578461153, "longitude": -1.8668805, "latitude": 38.9931184}, {"identifier": 1579342548, "longitude": -1.8644589, "latitude": 38.9902486}, {"identifier": 1579347325, "longitude": -1.8674115, "latitude": 38.9902932}, {"identifier": 1579347351, "longitude": -1.8662804, "latitude": 38.9908403}, {"identifier": 1580652280, "longitude": -1.8651675, "latitude": 38.9920279}, {"identifier": 1589636200, "longitude": -1.8667903, "latitude": 38.9875786}, {"identifier": 1628459221, "longitude": -1.8673907, "latitude": 38.986504}, {"identifier": 1628459224, "longitude": -1.8635742, "latitude": 38.9871142}, {"identifier": 1628459225, "longitude": -1.8641259, "latitude": 38.9874017}, {"identifier": 1628459226, "longitude": -1.8618934, "latitude": 38.9875389}, {"identifier": 1628459229, "longitude": -1.8651554, "latitude": 38.9879381}, {"identifier": 1628459236, "longitude": -1.8664516, "latitude": 38.9890345}, {"identifier": 1636580982, "longitude": -1.8655032, "latitude": 38.9937396}, {"identifier": 1636580984, "longitude": -1.8640306, "latitude": 38.9939004}, {"identifier": 1663102538, "longitude": -1.8577208, "latitude": 38.9907656}, {"identifier": 1736073021, "longitude": -1.8674837, "latitude": 38.9885788}, {"identifier": 1736073022, "longitude": -1.8652907, "latitude": 38.9868665}, {"identifier": 1736073036, "longitude": -1.8654988, "latitude": 38.9875536}, {"identifier": 1736073038, "longitude": -1.8649543, "latitude": 38.9872933}, {"identifier": 1736087418, "longitude": -1.866619, "latitude": 38.9919376}, {"identifier": 1736087420, "longitude": -1.8657136, "latitude": 38.9917778}, {"identifier": 1736133420, "longitude": -1.863315, "latitude": 38.9905584}, {"identifier": 1736133421, "longitude": -1.8639535, "latitude": 38.9892768}, {"identifier": 1788243280, "longitude": -1.8603086, "latitude": 38.989502}, {"identifier": 1788243287, "longitude": -1.8647413, "latitude": 38.9908392}, {"identifier": 1845484937, "longitude": -1.8626687, "latitude": 38.9893416}, {"identifier": 1845484942, "longitude": -1.8606548, "latitude": 38.9920228}, {"identifier": 1845484944, "longitude": -1.8613029, "latitude": 38.9938139}, {"identifier": 1983117780, "longitude": -1.8604087, "latitude": 38.9881984}, {"identifier": 1983117782, "longitude": -1.8612379, "latitude": 38.9923613}, {"identifier": 1984210179, "longitude": -1.8616013, "latitude": 38.9887913}, {"identifier": 1984658040, "longitude": -1.8659671, "latitude": 38.9900224}, {"identifier": 1984658042, "longitude": -1.8655431, "latitude": 38.989461}, {"identifier": 1991099510, "longitude": -1.8685323, "latitude": 38.9904248}, {"identifier": 1991916949, "longitude": -1.8669885, "latitude": 38.9935781}, {"identifier": 1992568957, "longitude": -1.8677528, "latitude": 38.9867349}, {"identifier": 1992568962, "longitude": -1.8676904, "latitude": 38.9867747}, {"identifier": 1993610440, "longitude": -1.8583671, "latitude": 38.9933673}, {"identifier": 2012852795, "longitude": -1.8631915, "latitude": 38.993995}, {"identifier": 2074561308, "longitude": -1.8590875, "latitude": 38.9860645}, {"identifier": 2736548945, "longitude": -1.8681773, "latitude": 38.99177}, {"identifier": 2736548951, "longitude": -1.8641928, "latitude": 38.9945565}, {"identifier": 4575714122, "longitude": -1.8666065, "latitude": 38.9871843}, {"identifier": 6296438171, "longitude": -1.8589676, "latitude": 38.9865973}, {"identifier": 6296438172, "longitude": -1.8590788, "latitude": 38.9864989}, {"identifier": 9454338198, "longitude": -1.8601381, "latitude": 38.994226}, {"identifier": 9454338205, "longitude": -1.8601359, "latitude": 38.9944753}], "segments": [{"origin": 333719887, "destination": 335607938, "distance": 20.729, "speed": 30}, {"origin": 335607938, "destination": 335607943, "distance": 33.543, "speed": 30}, {"origin": 335607938, "destination": 1526705367, "distance": 31.564, "speed": 30}, {"origin": 335607940, "destination": 333719887, "distance": 29.277999999999995, "speed": 30}, {"origin": 335607941, "destination": 1526705357, "distance": 7.428, "speed": 30}, {"origin": 335607941, "destination": 4575714122, "distance": 13.022, "speed": 30}, {"origin": 335607942, "destination": 335607946, "distance": 27.144000000000002, "speed": 40}, {"origin": 335607942, "destination": 335607941, "distance": 14.138, "speed": 30}, {"origin": 335607943, "destination": 335607942, "distance": 15.498999999999999, "speed": 30}, {"origin": 335607946, "destination": 335607951, "distance": 268.634, "speed": 40}, {"origin": 335607946, "destination": 1554807128, "distance": 137.525, "speed": 30}, {"origin": 335607951, "destination": 1991099510, "distance": 93.781, "speed": 40}, {"origin": 434014584, "destination": 1529202023, "distance": 42.126, "speed": 30}, {"origin": 434014584, "destination": 434014588, "distance": 119.796, "speed": 30}, {"origin": 434014584, "destination": 1528823325, "distance": 61.479, "speed": 30}, {"origin": 434014588, "destination": 434014584, "distance": 119.79599999999999, "speed": 30}, {"origin": 434014588, "destination": 621979238, "distance": 32.265, "speed": 40}, {"origin": 434014596, "destination": 1788243280, "distance": 74.471, "speed": 30}, {"origin": 434014596, "destination": 1255547634, "distance": 43.138, "speed": 30}, {"origin": 434014599, "destination": 1255547636, "distance": 80.577, "speed": 30}, {"origin": 434014599, "destination": 434014596, "distance": 132.34900000000002, "speed": 30}, {"origin": 434370872, "destination": 672063303, "distance": 82.413, "speed": 30}, {"origin": 434370872, "destination": 1540626757, "distance": 173.92700000000002, "speed": 30}, {"origin": 434370873, "destination": 1993610440, "distance": 105.002, "speed": 30}, {"origin": 434370873, "destination": 672072226, "distance": 139.761, "speed": 30}, {"origin": 443511409, "destination": 1845484944, "distance": 120.469, "speed": 30}, {"origin": 443511409, "destination": 772970901, "distance": 92.73700000000001, "speed": 30}, {"origin": 443511897, "destination": 434014599, "distance": 93.96199999999999, "speed": 30}, {"origin": 443511897, "destination": 1528823332, "distance": 30.54, "speed": 30}, {"origin": 551594134, "destination": 551594180, "distance": 21.349, "speed": 30}, {"origin": 551594177, "destination": 1992568957, "distance": 87.941, "speed": 30}, {"origin": 551594180, "destination": 551594177, "distance": 17.301000000000002, "speed": 30}, {"origin": 552477911, "destination": 1991099510, "distance": 9.412, "speed": 30}, {"origin": 552477911, "destination": 1529197040, "distance": 74.30799999999999, "speed": 40}, {"origin": 621979238, "destination": 1266037410, "distance": 115.339, "speed": 30}, {"origin": 621979238, "destination": 1256026700, "distance": 106.13399999999999, "speed": 30}, {"origin": 621979242, "destination": 1579347351, "distance": 27.615, "speed": 30}, {"origin": 621979242, "destination": 621979259, "distance": 24.711, "speed": 30}, {"origin": 621979256, "destination": 1530201981, "distance": 12.845, "speed": 30}, {"origin": 621979256, "destination": 621979263, "distance": 13.314, "speed": 30}, {"origin": 621979259, "destination": 621979242, "distance": 24.711, "speed": 30}, {"origin": 621979263, "destination": 1530201981, "distance": 10.481, "speed": 30}, {"origin": 621979263, "destination": 1256004134, "distance": 25.953, "speed": 30}, {"origin": 621979267, "destination": 621979263, "distance": 12.765, "speed": 30}, {"origin": 621979267, "destination": 621979259, "distance": 14.045, "speed": 30}, {"origin": 621983933, "destination": 1256026663, "distance": 51.993, "speed": 30}, {"origin": 621983933, "destination": 1531659796, "distance": 93.84, "speed": 40}, {"origin": 621983937, "destination": 1254189521, "distance": 130.488, "speed": 30}, {"origin": 621983937, "destination": 1991916949, "distance": 61.388999999999996, "speed": 30}, {"origin": 672055839, "destination": 621979259, "distance": 9.32, "speed": 30}, {"origin": 672055839, "destination": 621979267, "distance": 10.101, "speed": 30}, {"origin": 672060821, "destination": 1529197051, "distance": 36.694, "speed": 30}, {"origin": 672060821, "destination": 1255547648, "distance": 69.31700000000001, "speed": 30}, {"origin": 672060825, "destination": 9454338198, "distance": 37.844, "speed": 30}, {"origin": 672063299, "destination": 672063300, "distance": 96.943, "speed": 30}, {"origin": 672063299, "destination": 1736133421, "distance": 58.977999999999994, "speed": 30}, {"origin": 672063300, "destination": 1530705020, "distance": 65.178, "speed": 30}, {"origin": 672063300, "destination": 672063710, "distance": 61.974999999999994, "speed": 30}, {"origin": 672063303, "destination": 672060825, "distance": 53.055, "speed": 30}, {"origin": 672063303, "destination": 672072224, "distance": 87.109, "speed": 30}, {"origin": 672063710, "destination": 1322980464, "distance": 62.368, "speed": 30}, {"origin": 672063710, "destination": 1322977385, "distance": 41.068, "speed": 30}, {"origin": 672063711, "destination": 1255547633, "distance": 82.304, "speed": 30}, {"origin": 672063711, "destination": 1845484937, "distance": 68.86800000000001, "speed": 30}, {"origin": 672063712, "destination": 672072225, "distance": 132.6, "speed": 30}, {"origin": 672063712, "destination": 1845484942, "distance": 84.747, "speed": 30}, {"origin": 672069218, "destination": 1322977378, "distance": 132.063, "speed": 30}, {"origin": 672069218, "destination": 672072226, "distance": 51.732, "speed": 30}, {"origin": 672072224, "destination": 1845484942, "distance": 132.501, "speed": 30}, {"origin": 672072224, "destination": 672072225, "distance": 87.969, "speed": 30}, {"origin": 672072225, "destination": 1993610440, "distance": 100.413, "speed": 30}, {"origin": 672072225, "destination": 672069218, "distance": 46.178000000000004, "speed": 30}, {"origin": 672072226, "destination": 1529477449, "distance": 42.22, "speed": 30}, {"origin": 672072226, "destination": 1256026682, "distance": 83.03900000000002, "speed": 30}, {"origin": 672072227, "destination": 672060825, "distance": 92.703, "speed": 30}, {"origin": 672072227, "destination": 672072224, "distance": 56.343, "speed": 30}, {"origin": 719109982, "destination": 672055839, "distance": 117.169, "speed": 30}, {"origin": 719109982, "destination": 1255528486, "distance": 50.491, "speed": 30}, {"origin": 772970901, "destination": 2012852795, "distance": 30.694, "speed": 30}, {"origin": 772970901, "destination": 618009050, "distance": 78.72, "speed": 30}, {"origin": 772970917, "destination": 1845484944, "distance": 43.614999999999995, "speed": 30}, {"origin": 772970917, "destination": 772970901, "distance": 127.87499999999999, "speed": 30}, {"origin": 1254189521, "destination": 1529623350, "distance": 67.354, "speed": 30}, {"origin": 1255486890, "destination": 621983937, "distance": 71.771, "speed": 30}, {"origin": 1255528462, "destination": 1529623315, "distance": 54.97, "speed": 30}, {"origin": 1255528474, "destination": 621983937, "distance": 134.832, "speed": 30}, {"origin": 1255528477, "destination": 1636580982, "distance": 85.861, "speed": 30}, {"origin": 1255528477, "destination": 1529623380, "distance": 67.62700000000001, "speed": 30}, {"origin": 1255528486, "destination": 2736548945, "distance": 67.912, "speed": 30}, {"origin": 1255547622, "destination": 1256026634, "distance": 82.894, "speed": 30}, {"origin": 1255547622, "destination": 1255547629, "distance": 79.94, "speed": 30}, {"origin": 1255547623, "destination": 1256004131, "distance": 46.244, "speed": 30}, {"origin": 1255547623, "destination": 1580652280, "distance": 108.737, "speed": 30}, {"origin": 1255547628, "destination": 1736133420, "distance": 31.318, "speed": 30}, {"origin": 1255547628, "destination": 1528823351, "distance": 45.621, "speed": 30}, {"origin": 1255547629, "destination": 672063712, "distance": 89.31799999999998, "speed": 30}, {"origin": 1255547629, "destination": 1322977384, "distance": 42.894000000000005, "speed": 30}, {"origin": 1255547631, "destination": 1255547628, "distance": 45.562999999999995, "speed": 30}, {"origin": 1255547631, "destination": 1255547623, "distance": 85.624, "speed": 30}, {"origin": 1255547633, "destination": 1255547644, "distance": 44.725, "speed": 30}, {"origin": 1255547633, "destination": 1322977381, "distance": 42.006, "speed": 30}, {"origin": 1255547634, "destination": 1983117780, "distance": 82.322, "speed": 30}, {"origin": 1255547636, "destination": 1256026659, "distance": 145.018, "speed": 30}, {"origin": 1255547637, "destination": 672063299, "distance": 74.06099999999999, "speed": 30}, {"origin": 1255547637, "destination": 1528823384, "distance": 122.469, "speed": 30}, {"origin": 1255547638, "destination": 1255547650, "distance": 124.389, "speed": 30}, {"origin": 1255547638, "destination": 672072227, "distance": 52.672999999999995, "speed": 30}, {"origin": 1255547640, "destination": 1557279034, "distance": 83.44, "speed": 30}, {"origin": 1255547640, "destination": 1255547645, "distance": 60.734, "speed": 30}, {"origin": 1255547641, "destination": 1255547642, "distance": 44.041, "speed": 30}, {"origin": 1255547641, "destination": 1255547649, "distance": 79.85, "speed": 30}, {"origin": 1255547642, "destination": 1845484937, "distance": 82.764, "speed": 30}, {"origin": 1255547642, "destination": 1255547633, "distance": 71.495, "speed": 30}, {"origin": 1255547644, "destination": 1256026671, "distance": 46.913, "speed": 30}, {"origin": 1255547644, "destination": 1255547641, "distance": 73.54599999999999, "speed": 30}, {"origin": 1255547645, "destination": 1255547622, "distance": 69.438, "speed": 30}, {"origin": 1255547645, "destination": 1983117782, "distance": 91.94099999999999, "speed": 30}, {"origin": 1255547648, "destination": 1255547637, "distance": 124.79, "speed": 30}, {"origin": 1255547648, "destination": 1579342548, "distance": 28.253, "speed": 30}, {"origin": 1255547649, "destination": 1255547631, "distance": 64.958, "speed": 30}, {"origin": 1255547649, "destination": 1256026641, "distance": 47.022, "speed": 30}, {"origin": 1255547650, "destination": 1255547640, "distance": 95.42399999999999, "speed": 30}, {"origin": 1255547650, "destination": 443511409, "distance": 89.33000000000001, "speed": 30}, {"origin": 1255547652, "destination": 1255547642, "distance": 82.059, "speed": 30}, {"origin": 1255547652, "destination": 1255547649, "distance": 44.833, "speed": 30}, {"origin": 1256004122, "destination": 1984658040, "distance": 99.029, "speed": 30}, {"origin": 1256004122, "destination": 621979263, "distance": 160.24299999999997, "speed": 30}, {"origin": 1256004126, "destination": 1529197053, "distance": 83.903, "speed": 30}, {"origin": 1256004126, "destination": 1579347325, "distance": 87.27199999999999, "speed": 30}, {"origin": 1256004131, "destination": 1528823372, "distance": 58.184, "speed": 30}, {"origin": 1256004131, "destination": 1788243287, "distance": 41.345, "speed": 30}, {"origin": 1256004134, "destination": 1736087420, "distance": 45.414, "speed": 30}, {"origin": 1256004135, "destination": 1255547623, "distance": 42.165, "speed": 30}, {"origin": 1256026634, "destination": 1255547641, "distance": 47.71, "speed": 30}, {"origin": 1256026634, "destination": 1256026671, "distance": 76.62, "speed": 30}, {"origin": 1256026641, "destination": 1256026634, "distance": 75.089, "speed": 30}, {"origin": 1256026641, "destination": 1255547645, "distance": 82.279, "speed": 30}, {"origin": 1256026659, "destination": 434014596, "distance": 84.138, "speed": 30}, {"origin": 1256026659, "destination": 1256026663, "distance": 108.05900000000001, "speed": 30}, {"origin": 1256026663, "destination": 1256026700, "distance": 130.322, "speed": 30}, {"origin": 1256026663, "destination": 1983117780, "distance": 109.852, "speed": 30}, {"origin": 1256026671, "destination": 1255547629, "distance": 81.41600000000001, "speed": 30}, {"origin": 1256026700, "destination": 6296438172, "distance": 66.726, "speed": 30}, {"origin": 1256026700, "destination": 1528823390, "distance": 60.824, "speed": 30}, {"origin": 1256602816, "destination": 1554779027, "distance": 54.22, "speed": 30}, {"origin": 1256602816, "destination": 1256602818, "distance": 136.146, "speed": 30}, {"origin": 1256602818, "destination": 1736087418, "distance": 78.011, "speed": 30}, {"origin": 1257471987, "destination": 772970917, "distance": 99.58200000000001, "speed": 30}, {"origin": 1257471987, "destination": 1255547638, "distance": 91.904, "speed": 30}, {"origin": 1266037410, "destination": 621979238, "distance": 115.339, "speed": 30}, {"origin": 1266037410, "destination": 434014584, "distance": 57.131, "speed": 30}, {"origin": 1322977377, "destination": 1528832261, "distance": 45.817, "speed": 30}, {"origin": 1322977377, "destination": 1628459224, "distance": 38.063, "speed": 30}, {"origin": 1322977378, "destination": 672063712, "distance": 44.962, "speed": 30}, {"origin": 1322977378, "destination": 1322977384, "distance": 88.837, "speed": 30}, {"origin": 1322977380, "destination": 1255547644, "distance": 41.607, "speed": 30}, {"origin": 1322977380, "destination": 1322977381, "distance": 43.730000000000004, "speed": 30}, {"origin": 1322977381, "destination": 1984210179, "distance": 83.479, "speed": 30}, {"origin": 1322977381, "destination": 1528823330, "distance": 51.143, "speed": 30}, {"origin": 1322977383, "destination": 1529623348, "distance": 37.814, "speed": 30}, {"origin": 1322977384, "destination": 1528823331, "distance": 48.344, "speed": 30}, {"origin": 1322977384, "destination": 1322977380, "distance": 129.549, "speed": 30}, {"origin": 1322977385, "destination": 1628459226, "distance": 55.965, "speed": 30}, {"origin": 1322977385, "destination": 1322977377, "distance": 120.31099999999999, "speed": 30}, {"origin": 1322980461, "destination": 672063300, "distance": 60.248, "speed": 30}, {"origin": 1322980461, "destination": 1322980464, "distance": 65.158, "speed": 30}, {"origin": 1322980462, "destination": 1322977385, "distance": 62.621, "speed": 30}, {"origin": 1322980464, "destination": 672063711, "distance": 67.365, "speed": 30}, {"origin": 1322980464, "destination": 1322980462, "distance": 40.556, "speed": 30}, {"origin": 1429086687, "destination": 1992568962, "distance": 74.138, "speed": 30}, {"origin": 1429086687, "destination": 335607940, "distance": 36.242, "speed": 30}, {"origin": 1526705357, "destination": 4575714122, "distance": 11.309, "speed": 30}, {"origin": 1526705357, "destination": 1429086687, "distance": 35.11, "speed": 30}, {"origin": 1526705367, "destination": 1736073036, "distance": 53.459, "speed": 30}, {"origin": 1526705367, "destination": 335607943, "distance": 37.785, "speed": 30}, {"origin": 1526705367, "destination": 1736073022, "distance": 58.339, "speed": 30}, {"origin": 1526705389, "destination": 1736073022, "distance": 57.012, "speed": 30}, {"origin": 1526705389, "destination": 1529623348, "distance": 52.582, "speed": 30}, {"origin": 1528823253, "destination": 1562200802, "distance": 42.293, "speed": 30}, {"origin": 1528823253, "destination": 1628459221, "distance": 38.846000000000004, "speed": 30}, {"origin": 1528823271, "destination": 1528832258, "distance": 55.04, "speed": 30}, {"origin": 1528823271, "destination": 1526705389, "distance": 57.728, "speed": 30}, {"origin": 1528823288, "destination": 672063299, "distance": 60.147, "speed": 30}, {"origin": 1528823325, "destination": 1628459226, "distance": 120.138, "speed": 30}, {"origin": 1528823325, "destination": 1322977377, "distance": 58.489999999999995, "speed": 30}, {"origin": 1528823328, "destination": 1528823330, "distance": 83.178, "speed": 30}, {"origin": 1528823328, "destination": 1984210179, "distance": 51.873, "speed": 30}, {"origin": 1528823330, "destination": 1255547634, "distance": 73.57, "speed": 30}, {"origin": 1528823330, "destination": 1788243280, "distance": 43.791, "speed": 30}, {"origin": 1528823331, "destination": 1528823332, "distance": 89.44500000000001, "speed": 30}, {"origin": 1528823331, "destination": 434014599, "distance": 53.139, "speed": 30}, {"origin": 1528823332, "destination": 1322977378, "distance": 45.501000000000005, "speed": 30}, {"origin": 1528823342, "destination": 1736133420, "distance": 46.044, "speed": 20}, {"origin": 1528823342, "destination": 1529197051, "distance": 33.414, "speed": 20}, {"origin": 1528823342, "destination": 1528823351, "distance": 33.913, "speed": 20}, {"origin": 1528823351, "destination": 1528823342, "distance": 33.913, "speed": 20}, {"origin": 1528823351, "destination": 1255547648, "distance": 37.650999999999996, "speed": 30}, {"origin": 1528823372, "destination": 1255547628, "distance": 28.401, "speed": 30}, {"origin": 1528823372, "destination": 1579342548, "distance": 83.013, "speed": 20}, {"origin": 1528823379, "destination": 2012852795, "distance": 92.38900000000001, "speed": 20}, {"origin": 1528823384, "destination": 1560699116, "distance": 46.415, "speed": 30}, {"origin": 1528823384, "destination": 1560699127, "distance": 38.389, "speed": 30}, {"origin": 1528823390, "destination": 1540598147, "distance": 82.627, "speed": 30}, {"origin": 1528832258, "destination": 1628459224, "distance": 46.745, "speed": 30}, {"origin": 1528832258, "destination": 1528832261, "distance": 38.64, "speed": 30}, {"origin": 1528832261, "destination": 1528832266, "distance": 58.785999999999994, "speed": 30}, {"origin": 1528832261, "destination": 1322977383, "distance": 60.01, "speed": 30}, {"origin": 1528832266, "destination": 1528823325, "distance": 44.619, "speed": 30}, {"origin": 1529197040, "destination": 1736073021, "distance": 152.642, "speed": 40}, {"origin": 1529197051, "destination": 1528823342, "distance": 33.414, "speed": 20}, {"origin": 1529197051, "destination": 1255547652, "distance": 46.498999999999995, "speed": 30}, {"origin": 1529197053, "destination": 335607951, "distance": 53.583, "speed": 30}, {"origin": 1529202023, "destination": 434014584, "distance": 42.126, "speed": 30}, {"origin": 1529202095, "destination": 1628459221, "distance": 94.02400000000002, "speed": 30}, {"origin": 1529202095, "destination": 551594180, "distance": 25.404999999999998, "speed": 30}, {"origin": 1529477050, "destination": 9454338205, "distance": 43.553000000000004, "speed": 30}, {"origin": 1529477429, "destination": 1529477449, "distance": 82.999, "speed": 20}, {"origin": 1529477429, "destination": 1256026682, "distance": 44.482, "speed": 30}, {"origin": 1529477449, "destination": 1533751804, "distance": 43.988, "speed": 30}, {"origin": 1529477714, "destination": 1636580982, "distance": 67.948, "speed": 30}, {"origin": 1529477714, "destination": 1529623350, "distance": 71.754, "speed": 30}, {"origin": 1529623315, "destination": 1529623340, "distance": 2.04, "speed": 30}, {"origin": 1529623340, "destination": 443511409, "distance": 124.629, "speed": 30}, {"origin": 1529623340, "destination": 1255547640, "distance": 137.172, "speed": 30}, {"origin": 1529623348, "destination": 1528832258, "distance": 58.945, "speed": 30}, {"origin": 1529623348, "destination": 1526705389, "distance": 52.582, "speed": 30}, {"origin": 1529623348, "destination": 1322977383, "distance": 37.814, "speed": 30}, {"origin": 1529623350, "destination": 2736548951, "distance": 58.56, "speed": 30}, {"origin": 1529623380, "destination": 1255528462, "distance": 62.553, "speed": 30}, {"origin": 1529623380, "destination": 1529477714, "distance": 84.283, "speed": 30}, {"origin": 1530201964, "destination": 1530201979, "distance": 85.369, "speed": 30}, {"origin": 1530201964, "destination": 1991916949, "distance": 77.17599999999999, "speed": 30}, {"origin": 1530201967, "destination": 1255528474, "distance": 54.064, "speed": 30}, {"origin": 1530201979, "destination": 1255528477, "distance": 53.637, "speed": 30}, {"origin": 1530201981, "destination": 621979267, "distance": 4.066, "speed": 30}, {"origin": 1530201981, "destination": 1255528486, "distance": 132.903, "speed": 30}, {"origin": 1530209392, "destination": 1530201979, "distance": 74.233, "speed": 30}, {"origin": 1530209392, "destination": 1256602818, "distance": 20.221, "speed": 30}, {"origin": 1530705020, "destination": 1528823288, "distance": 102.506, "speed": 30}, {"origin": 1530705020, "destination": 1628459225, "distance": 57.178, "speed": 30}, {"origin": 1531659796, "destination": 1256026659, "distance": 74.96800000000002, "speed": 30}, {"origin": 1533751788, "destination": 1529477429, "distance": 42.991, "speed": 30}, {"origin": 1533751804, "destination": 1533751788, "distance": 84.541, "speed": 20}, {"origin": 1533751804, "destination": 443511897, "distance": 49.127, "speed": 30}, {"origin": 1540598147, "destination": 1528823390, "distance": 82.62700000000001, "speed": 30}, {"origin": 1540626757, "destination": 434370872, "distance": 173.927, "speed": 30}, {"origin": 1554779027, "destination": 1578461153, "distance": 135.79, "speed": 30}, {"origin": 1554779027, "destination": 1530201967, "distance": 55.021, "speed": 30}, {"origin": 1554807128, "destination": 1628459236, "distance": 86.872, "speed": 30}, {"origin": 1554807128, "destination": 1529197053, "distance": 77.842, "speed": 30}, {"origin": 1557279034, "destination": 1256026641, "distance": 63.711, "speed": 30}, {"origin": 1557279034, "destination": 1255547631, "distance": 46.138, "speed": 30}, {"origin": 1560699116, "destination": 335607946, "distance": 62.072, "speed": 30}, {"origin": 1560699116, "destination": 1560699127, "distance": 96.957, "speed": 20}, {"origin": 1560699127, "destination": 1628459236, "distance": 55.184, "speed": 30}, {"origin": 1562200768, "destination": 335607938, "distance": 91.931, "speed": 40}, {"origin": 1562200768, "destination": 1736073022, "distance": 73.59, "speed": 30}, {"origin": 1562200802, "destination": 1528823253, "distance": 42.293, "speed": 30}, {"origin": 1562200802, "destination": 1628459221, "distance": 172.128, "speed": 30}, {"origin": 1573048063, "destination": 1573048095, "distance": 20.869, "speed": 30}, {"origin": 1573048063, "destination": 2074561308, "distance": 15.082, "speed": 30}, {"origin": 1573048095, "destination": 1540598147, "distance": 7.566, "speed": 30}, {"origin": 1578461153, "destination": 1530209392, "distance": 35.0, "speed": 30}, {"origin": 1579342548, "destination": 1528823372, "distance": 83.013, "speed": 20}, {"origin": 1579342548, "destination": 1256004122, "distance": 58.622, "speed": 30}, {"origin": 1579347325, "destination": 1579347351, "distance": 115.14099999999999, "speed": 20}, {"origin": 1579347325, "destination": 719109982, "distance": 61.081999999999994, "speed": 30}, {"origin": 1579347351, "destination": 1984658040, "distance": 94.902, "speed": 30}, {"origin": 1579347351, "destination": 1579347325, "distance": 115.14099999999999, "speed": 20}, {"origin": 1580652280, "destination": 1529623315, "distance": 141.502, "speed": 30}, {"origin": 1580652280, "destination": 1255528477, "distance": 106.73100000000001, "speed": 30}, {"origin": 1589636200, "destination": 1526705357, "distance": 35.543, "speed": 40}, {"origin": 1589636200, "destination": 1429086687, "distance": 49.299, "speed": 30}, {"origin": 1628459221, "destination": 1562200802, "distance": 172.128, "speed": 30}, {"origin": 1628459221, "destination": 1529202095, "distance": 94.024, "speed": 30}, {"origin": 1628459221, "destination": 1992568962, "distance": 39.716, "speed": 30}, {"origin": 1628459221, "destination": 1528823253, "distance": 38.846000000000004, "speed": 30}, {"origin": 1628459224, "destination": 672063710, "distance": 120.83, "speed": 30}, {"origin": 1628459224, "destination": 1628459225, "distance": 57.408, "speed": 30}, {"origin": 1628459225, "destination": 1528823271, "distance": 47.778, "speed": 30}, {"origin": 1628459225, "destination": 1628459229, "distance": 107.12100000000001, "speed": 30}, {"origin": 1628459226, "destination": 1528823328, "distance": 130.742, "speed": 30}, {"origin": 1628459226, "destination": 434014588, "distance": 65.29400000000001, "speed": 30}, {"origin": 1628459229, "destination": 1528823288, "distance": 62.405, "speed": 30}, {"origin": 1628459229, "destination": 1528823384, "distance": 75.836, "speed": 30}, {"origin": 1628459236, "destination": 1256004126, "distance": 75.448, "speed": 30}, {"origin": 1628459236, "destination": 1984658042, "distance": 91.732, "speed": 30}, {"origin": 1636580982, "destination": 1530201964, "distance": 52.439, "speed": 30}, {"origin": 1636580982, "destination": 1254189521, "distance": 68.305, "speed": 30}, {"origin": 1636580984, "destination": 1255528462, "distance": 84.573, "speed": 30}, {"origin": 1636580984, "destination": 1529477714, "distance": 60.571999999999996, "speed": 30}, {"origin": 1663102538, "destination": 443511897, "distance": 85.32600000000001, "speed": 30}, {"origin": 1663102538, "destination": 1255547636, "distance": 99.95799999999998, "speed": 30}, {"origin": 1663102538, "destination": 1533751788, "distance": 45.557, "speed": 30}, {"origin": 1736073021, "destination": 1589636200, "distance": 126.336, "speed": 40}, {"origin": 1736073022, "destination": 1736073038, "distance": 55.656, "speed": 30}, {"origin": 1736073022, "destination": 1526705389, "distance": 57.012, "speed": 30}, {"origin": 1736073022, "destination": 1562200768, "distance": 73.59, "speed": 30}, {"origin": 1736073022, "destination": 1526705367, "distance": 58.339, "speed": 30}, {"origin": 1736073036, "destination": 1736073038, "distance": 55.25, "speed": 30}, {"origin": 1736073036, "destination": 1628459229, "distance": 52.047, "speed": 30}, {"origin": 1736073038, "destination": 1736073022, "distance": 55.656, "speed": 30}, {"origin": 1736073038, "destination": 1528823271, "distance": 55.931, "speed": 30}, {"origin": 1736087418, "destination": 621979256, "distance": 45.982, "speed": 30}, {"origin": 1736087420, "destination": 1580652280, "distance": 54.78, "speed": 30}, {"origin": 1736087420, "destination": 1256004131, "distance": 129.804, "speed": 30}, {"origin": 1736133420, "destination": 1528823342, "distance": 46.044, "speed": 20}, {"origin": 1736133420, "destination": 1255547652, "distance": 35.72, "speed": 30}, {"origin": 1736133421, "destination": 1322980461, "distance": 93.019, "speed": 30}, {"origin": 1736133421, "destination": 672060821, "distance": 66.351, "speed": 30}, {"origin": 1788243280, "destination": 1322977380, "distance": 51.083, "speed": 30}, {"origin": 1788243280, "destination": 1528823331, "distance": 128.941, "speed": 30}, {"origin": 1788243287, "destination": 1256004122, "distance": 42.081, "speed": 30}, {"origin": 1788243287, "destination": 1256004134, "distance": 147.993, "speed": 30}, {"origin": 1845484937, "destination": 1322980461, "distance": 67.18599999999999, "speed": 30}, {"origin": 1845484937, "destination": 672060821, "distance": 87.12399999999998, "speed": 30}, {"origin": 1845484942, "destination": 1255547622, "distance": 87.837, "speed": 30}, {"origin": 1845484942, "destination": 1983117782, "distance": 62.9, "speed": 30}, {"origin": 1845484944, "destination": 1255547638, "distance": 43.188, "speed": 30}, {"origin": 1983117780, "destination": 434014588, "distance": 132.70600000000002, "speed": 30}, {"origin": 1983117780, "destination": 1528823328, "distance": 70.484, "speed": 30}, {"origin": 1983117782, "destination": 672072227, "distance": 128.76, "speed": 30}, {"origin": 1983117782, "destination": 1255547650, "distance": 57.587999999999994, "speed": 30}, {"origin": 1984210179, "destination": 672063711, "distance": 41.851, "speed": 30}, {"origin": 1984210179, "destination": 1322980462, "distance": 66.923, "speed": 30}, {"origin": 1984658040, "destination": 1984658042, "distance": 72.386, "speed": 30}, {"origin": 1984658040, "destination": 1256004126, "distance": 91.713, "speed": 30}, {"origin": 1984658042, "destination": 1255547637, "distance": 51.033, "speed": 30}, {"origin": 1991099510, "destination": 719109982, "distance": 75.226, "speed": 30}, {"origin": 1991916949, "destination": 1530201967, "distance": 134.867, "speed": 30}, {"origin": 1991916949, "destination": 1578461153, "distance": 51.962, "speed": 30}, {"origin": 1992568957, "destination": 1992568962, "distance": 6.977, "speed": 30}, {"origin": 1992568957, "destination": 551594177, "distance": 87.941, "speed": 30}, {"origin": 1992568962, "destination": 1992568957, "distance": 6.977, "speed": 30}, {"origin": 1992568962, "destination": 1429086687, "distance": 74.138, "speed": 30}, {"origin": 1992568962, "destination": 1628459221, "distance": 39.715999999999994, "speed": 30}, {"origin": 1993610440, "destination": 434370872, "distance": 8.904, "speed": 30}, {"origin": 2012852795, "destination": 1528823379, "distance": 92.38900000000001, "speed": 20}, {"origin": 2012852795, "destination": 1636580984, "distance": 73.275, "speed": 30}, {"origin": 2074561308, "destination": 1573048095, "distance": 9.103, "speed": 30}, {"origin": 2736548945, "destination": 1736087418, "distance": 135.958, "speed": 30}, {"origin": 2736548945, "destination": 1256602816, "distance": 77.977, "speed": 30}, {"origin": 2736548951, "destination": 1636580984, "distance": 74.29, "speed": 30}, {"origin": 2736548951, "destination": 618009050, "distance": 100.601, "speed": 30}, {"origin": 4575714122, "destination": 335607940, "distance": 3.288, "speed": 30}, {"origin": 6296438171, "destination": 621983933, "distance": 120.57300000000001, "speed": 30}, {"origin": 6296438172, "destination": 1573048063, "distance": 33.7, "speed": 30}, {"origin": 6296438172, "destination": 6296438171, "distance": 15.753999999999998, "speed": 30}, {"origin": 9454338198, "destination": 9454338205, "distance": 27.785, "speed": 30}, {"origin": 9454338198, "destination": 1257471987, "distance": 10.171, "speed": 30}], "candidates": [[1529197040, 15865], [2736548951, 10019], [672063710, 4083], [1255528486, 845], [1578461153, 13388], [1528823330, 19032], [1530201979, 16046], [1255547650, 13089], [1322980461, 17896], [1529197051, 7980], [1256004135, 9112], [1554807128, 14783], [1529477714, 4710], [1529197053, 14014], [672069218, 6966], [1322980462, 17438], [1531659796, 12174], [1255547631, 5064], [6296438172, 1302], [1256026700, 7616], [1256026682, 17439], [1255547649, 335], [1255547622, 9049], [1845484942, 11549], [1573048095, 19588], [1528823271, 1336], [1984658040, 7120], [621979242, 4491], [1256004134, 3115], [1528832266, 11963], [443511409, 1023], [1526705357, 19095], [1529202023, 7478], [1528823379, 3320], [434014584, 15356], [1557279034, 4346], [443511897, 3031], [1533751788, 18129], [621983933, 850], [1530201964, 14900], [1628459226, 13930], [1540598147, 8648], [1528823390, 7959], [1580652280, 247], [1256004122, 15412], [1255547640, 14299], [1736087418, 6780], [1992568962, 9092], [1991916949, 14061], [1628459221, 17987], [1256602818, 11955], [1255547644, 19121], [1256004131, 18351], [672060821, 1461], [1636580982, 4035], [1322977377, 8426], [1529623348, 1392], [1530705020, 18290], [1255547637, 5467], [1845484937, 18150], [1255547629, 9477], [672063300, 4027], [335607943, 4433], [1533751804, 19147], [1736133420, 4636], [1993610440, 15025], [1528823253, 12682], [1322977384, 5727], [2736548945, 200], [1788243280, 13491], [1528832258, 3225], [1529202095, 7839], [1528823372, 3114], [1528823331, 973], [333719887, 13232], [1528823342, 14047], [1984210179, 4477], [1528823325, 10195], [1256004126, 10612], [1528823332, 9157], [1255528462, 838], [1529477449, 13265], [1736133421, 15192], [1255528474, 18706], [672063299, 19226], [1255528477, 11376], [621979263, 16146], [1554779027, 15542], [434014596, 11124], [1429086687, 4766], [1256602816, 3852], [1529623350, 6129], [1562200768, 3873], [1322977383, 8367], [1528823328, 15970], [1573048063, 9346], [1255547648, 15540], [1529623340, 8060], [1255547645, 12682], [1528823351, 14738], [1322980464, 14309], [9454338198, 8778], [335607940, 15170], [1628459229, 9874], [4575714122, 4280], [1540626757, 6327], [1256026634, 934]], "number_stations": 8}