{"address": "Calle Palmas de Gran Canaria, Albacete", "distance": 500, "intersections": [{"identifier": 332441491, "longitude": -1.8642896, "latitude": 38.9835057}, {"identifier": 333719887, "longitude": -1.8663984, "latitude": 38.9869795}, {"identifier": 333720921, "longitude": -1.8637137, "latitude": 38.9851337}, {"identifier": 333720922, "longitude": -1.864522, "latitude": 38.9853867}, {"identifier": 335606017, "longitude": -1.8634788, "latitude": 38.984781}, {"identifier": 335606019, "longitude": -1.8633584, "latitude": 38.984847}, {"identifier": 335606021, "longitude": -1.8638056, "latitude": 38.9850216}, {"identifier": 335606022, "longitude": -1.8635578, "latitude": 38.9851762}, {"identifier": 335606024, "longitude": -1.8633086, "latitude": 38.9850342}, {"identifier": 335606025, "longitude": -1.8636368, "latitude": 38.9845719}, {"identifier": 335606026, "longitude": -1.8637006, "latitude": 38.9848112}, {"identifier": 335607938, "longitude": -1.866186, "latitude": 38.98705}, {"identifier": 335607940, "longitude": -1.8666125, "latitude": 38.9871551}, {"identifier": 335607941, "longitude": -1.8665516, "latitude": 38.9872907}, {"identifier": 335607942, "longitude": -1.8664091, "latitude": 38.9873493}, {"identifier": 335607943, "longitude": -1.8662377, "latitude": 38.9873177}, {"identifier": 335607946, "longitude": -1.8666218, "latitude": 38.9875285}, {"identifier": 335607951, "longitude": -1.8680309, "latitude": 38.9896769}, {"identifier": 344736241, "longitude": -1.8622679, "latitude": 38.9845941}, {"identifier": 434014584, "longitude": -1.8620555, "latitude": 38.9863228}, {"identifier": 434014588, "longitude": -1.8612681, "latitude": 38.9872094}, {"identifier": 434014596, "longitude": -1.8595914, "latitude": 38.9891308}, {"identifier": 434014599, "longitude": -1.858993, "latitude": 38.9902264}, {"identifier": 443511897, "longitude": -1.8586486, "latitude": 38.9910279}, {"identifier": 499274675, "longitude": -1.8587288, "latitude": 38.9856477}, {"identifier": 539831082, "longitude": -1.8616566, "latitude": 38.9829118}, {"identifier": 539831084, "longitude": -1.8617587, "latitude": 38.9829999}, {"identifier": 539831085, "longitude": -1.8618476, "latitude": 38.9830003}, {"identifier": 539831088, "longitude": -1.8619646, "latitude": 38.9828825}, {"identifier": 539831093, "longitude": -1.8617135, "latitude": 38.9827919}, {"identifier": 539833849, "longitude": -1.8634425, "latitude": 38.9838978}, {"identifier": 539837920, "longitude": -1.8637191, "latitude": 38.9844121}, {"identifier": 551594134, "longitude": -1.8685266, "latitude": 38.9858696}, {"identifier": 551594146, "longitude": -1.8687963, "latitude": 38.9858976}, {"identifier": 551594149, "longitude": -1.8688431, "latitude": 38.9859422}, {"identifier": 551594177, "longitude": -1.8684592, "latitude": 38.9861657}, {"identifier": 551594180, "longitude": -1.8683944, "latitude": 38.9860229}, {"identifier": 551594208, "longitude": -1.8664235, "latitude": 38.9849452}, {"identifier": 551594220, "longitude": -1.8660607, "latitude": 38.9852057}, {"identifier": 552477911, "longitude": -1.8686395, "latitude": 38.9904099}, {"identifier": 621979238, "longitude": -1.8609242, "latitude": 38.9870965}, {"identifier": 621979242, "longitude": -1.8664125, "latitude": 38.9910642}, {"identifier": 621979259, "longitude": -1.8665634, "latitude": 38.9912529}, {"identifier": 621979263, "longitude": -1.8664225, "latitude": 38.9914489}, {"identifier": 621979267, "longitude": -1.8665381, "latitude": 38.9913776}, {"identifier": 621983933, "longitude": -1.858676, "latitude": 38.9876469}, {"identifier": 672055839, "longitude": -1.8666282, "latitude": 38.9913199}, {"identifier": 672060821, "longitude": -1.8635154, "latitude": 38.9897668}, {"identifier": 672063299, "longitude": -1.8643376, "latitude": 38.9888384}, {"identifier": 672063300, "longitude": -1.8634083, "latitude": 38.9883502}, {"identifier": 672063710, "longitude": -1.8628215, "latitude": 38.9880299}, {"identifier": 672063711, "longitude": -1.8619991, "latitude": 38.9890059}, {"identifier": 719109950, "longitude": -1.8592841, "latitude": 38.9845833}, {"identifier": 719109982, "longitude": -1.8677781, "latitude": 38.9907625}, {"identifier": 1255499536, "longitude": -1.8689313, "latitude": 38.9910317}, {"identifier": 1255528486, "longitude": -1.8680389, "latitude": 38.9911688}, {"identifier": 1255547622, "longitude": -1.8611594, "latitude": 38.9913371}, {"identifier": 1255547623, "longitude": -1.8641357, "latitude": 38.9914708}, {"identifier": 1255547628, "longitude": -1.8636184, "latitude": 38.9907124}, {"identifier": 1255547629, "longitude": -1.8603937, "latitude": 38.9909338}, {"identifier": 1255547631, "longitude": -1.8633103, "latitude": 38.9910449}, {"identifier": 1255547633, "longitude": -1.8614817, "latitude": 38.9896273}, {"identifier": 1255547634, "longitude": -1.8598669, "latitude": 38.9888073}, {"identifier": 1255547637, "longitude": -1.8650502, "latitude": 38.9892083}, {"identifier": 1255547641, "longitude": -1.8619174, "latitude": 38.9903211}, {"identifier": 1255547642, "longitude": -1.8621742, "latitude": 38.989979}, {"identifier": 1255547644, "longitude": -1.8612004, "latitude": 38.9899649}, {"identifier": 1255547648, "longitude": -1.8641868, "latitude": 38.9901078}, {"identifier": 1255547649, "longitude": -1.8626854, "latitude": 38.9907203}, {"identifier": 1255547652, "longitude": -1.862969, "latitude": 38.9903827}, {"identifier": 1256004122, "longitude": -1.8650292, "latitude": 38.990534}, {"identifier": 1256004126, "longitude": -1.8668932, "latitude": 38.9896198}, {"identifier": 1256004131, "longitude": -1.8644571, "latitude": 38.9911383}, {"identifier": 1256026630, "longitude": -1.8611088, "latitude": 38.9841891}, {"identifier": 1256026634, "longitude": -1.861648, "latitude": 38.9906956}, {"identifier": 1256026641, "longitude": -1.8623737, "latitude": 38.9910669}, {"identifier": 1256026659, "longitude": -1.8587738, "latitude": 38.9887202}, {"identifier": 1256026663, "longitude": -1.8592362, "latitude": 38.9878173}, {"identifier": 1256026671, "longitude": -1.8609055, "latitude": 38.9903191}, {"identifier": 1256026700, "longitude": -1.8597916, "latitude": 38.9867277}, {"identifier": 1266037410, "longitude": -1.8614381, "latitude": 38.9861393}, {"identifier": 1322977377, "longitude": -1.8632084, "latitude": 38.9869236}, {"identifier": 1322977378, "longitude": -1.8593983, "latitude": 38.9913849}, {"identifier": 1322977380, "longitude": -1.8608038, "latitude": 38.9897528}, {"identifier": 1322977381, "longitude": -1.8610748, "latitude": 38.9894207}, {"identifier": 1322977383, "longitude": -1.8638762, "latitude": 38.986126}, {"identifier": 1322977384, "longitude": -1.8599768, "latitude": 38.9907245}, {"identifier": 1322977385, "longitude": -1.86243, "latitude": 38.9878206}, {"identifier": 1322980461, "longitude": -1.8630544, "latitude": 38.988817}, {"identifier": 1322980462, "longitude": -1.8620344, "latitude": 38.9882924}, {"identifier": 1322980464, "longitude": -1.8624226, "latitude": 38.9884973}, {"identifier": 1429086687, "longitude": -1.8670281, "latitude": 38.9871984}, {"identifier": 1526108352, "longitude": -1.8700614, "latitude": 38.9855963}, {"identifier": 1526108356, "longitude": -1.8688808, "latitude": 38.9879222}, {"identifier": 1526705357, "longitude": -1.866637, "latitude": 38.9872832}, {"identifier": 1526705367, "longitude": -1.8658514, "latitude": 38.9871586}, {"identifier": 1526705372, "longitude": -1.8607034, "latitude": 38.984987}, {"identifier": 1526705382, "longitude": -1.8627854, "latitude": 38.9855792}, {"identifier": 1526705389, "longitude": -1.8647416, "latitude": 38.9865824}, {"identifier": 1526705395, "longitude": -1.8618775, "latitude": 38.9853212}, {"identifier": 1526728335, "longitude": -1.8593195, "latitude": 38.9842069}, {"identifier": 1526728362, "longitude": -1.8588887, "latitude": 38.9835825}, {"identifier": 1526728364, "longitude": -1.858781, "latitude": 38.9841826}, {"identifier": 1526728365, "longitude": -1.8594259, "latitude": 38.9855412}, {"identifier": 1526728384, "longitude": -1.8591941, "latitude": 38.9855583}, {"identifier": 1526728406, "longitude": -1.8598272, "latitude": 38.9847378}, {"identifier": 1526752502, "longitude": -1.8657966, "latitude": 38.9830752}, {"identifier": 1526752509, "longitude": -1.8658659, "latitude": 38.983905}, {"identifier": 1526752531, "longitude": -1.8698767, "latitude": 38.9848795}, {"identifier": 1526752558, "longitude": -1.8647152, "latitude": 38.9847947}, {"identifier": 1526752601, "longitude": -1.8650073, "latitude": 38.9843236}, {"identifier": 1526752618, "longitude": -1.8695597, "latitude": 38.9857525}, {"identifier": 1526752631, "longitude": -1.8651958, "latitude": 38.9840263}, {"identifier": 1526752638, "longitude": -1.8648934, "latitude": 38.9844989}, {"identifier": 1526752640, "longitude": -1.8653872, "latitude": 38.9837252}, {"identifier": 1528823220, "longitude": -1.8687709, "latitude": 38.9895745}, {"identifier": 1528823253, "longitude": -1.8671617, "latitude": 38.9862034}, {"identifier": 1528823271, "longitude": -1.864403, "latitude": 38.9870299}, {"identifier": 1528823288, "longitude": -1.8647438, "latitude": 38.9883992}, {"identifier": 1528823322, "longitude": -1.8617362, "latitude": 38.9855843}, {"identifier": 1528823325, "longitude": -1.8626463, "latitude": 38.9866307}, {"identifier": 1528823328, "longitude": -1.8610969, "latitude": 38.9885385}, {"identifier": 1528823330, "longitude": -1.8605795, "latitude": 38.9891692}, {"identifier": 1528823331, "longitude": -1.8595121, "latitude": 38.9904825}, {"identifier": 1528823332, "longitude": -1.8589572, "latitude": 38.9911615}, {"identifier": 1528823342, "longitude": -1.8635995, "latitude": 38.9902083}, {"identifier": 1528823351, "longitude": -1.8639251, "latitude": 38.9903785}, {"identifier": 1528823372, "longitude": -1.8638935, "latitude": 38.9908521}, {"identifier": 1528823380, "longitude": -1.8602868, "latitude": 38.9857971}, {"identifier": 1528823384, "longitude": -1.8658842, "latitude": 38.9883179}, {"identifier": 1528823390, "longitude": -1.8600657, "latitude": 38.9862239}, {"identifier": 1528832258, "longitude": -1.8638681, "latitude": 38.9867613}, {"identifier": 1528832261, "longitude": -1.8634908, "latitude": 38.9865749}, {"identifier": 1528832266, "longitude": -1.8629182, "latitude": 38.9862896}, {"identifier": 1529197029, "longitude": -1.8694468, "latitude": 38.9900354}, {"identifier": 1529197036, "longitude": -1.8691786, "latitude": 38.9901522}, {"identifier": 1529197040, "longitude": -1.8682511, "latitude": 38.9898137}, {"identifier": 1529197043, "longitude": -1.8690442, "latitude": 38.9894487}, {"identifier": 1529197048, "longitude": -1.8695872, "latitude": 38.9891988}, {"identifier": 1529197051, "longitude": -1.8632786, "latitude": 38.9900407}, {"identifier": 1529197053, "longitude": -1.8677405, "latitude": 38.9892515}, {"identifier": 1529201953, "longitude": -1.8594571, "latitude": 38.9834229}, {"identifier": 1529201976, "longitude": -1.8633036, "latitude": 38.9858209}, {"identifier": 1529201982, "longitude": -1.8587382, "latitude": 38.9846029}, {"identifier": 1529202023, "longitude": -1.8623479, "latitude": 38.9860197}, {"identifier": 1529202047, "longitude": -1.8654228, "latitude": 38.9857522}, {"identifier": 1529202053, "longitude": -1.8602629, "latitude": 38.9839006}, {"identifier": 1529202087, "longitude": -1.8588772, "latitude": 38.9834385}, {"identifier": 1529202090, "longitude": -1.8593654, "latitude": 38.9836571}, {"identifier": 1529202095, "longitude": -1.8681499, "latitude": 38.9858984}, {"identifier": 1529202109, "longitude": -1.859135, "latitude": 38.983309}, {"identifier": 1529202111, "longitude": -1.8594742, "latitude": 38.9834835}, {"identifier": 1529475066, "longitude": -1.869388, "latitude": 38.9834351}, {"identifier": 1529475073, "longitude": -1.8695736, "latitude": 38.9826673}, {"identifier": 1529475081, "longitude": -1.8638497, "latitude": 38.9833174}, {"identifier": 1529475083, "longitude": -1.8630828, "latitude": 38.983071}, {"identifier": 1529475090, "longitude": -1.86345, "latitude": 38.9841475}, {"identifier": 1529475093, "longitude": -1.8624129, "latitude": 38.9843297}, {"identifier": 1529475094, "longitude": -1.862846, "latitude": 38.9835139}, {"identifier": 1529475160, "longitude": -1.8594405, "latitude": 38.982818}, {"identifier": 1529475206, "longitude": -1.8603794, "latitude": 38.9836548}, {"identifier": 1529623293, "longitude": -1.8600519, "latitude": 38.9843046}, {"identifier": 1529623313, "longitude": -1.858717, "latitude": 38.9848253}, {"identifier": 1529623346, "longitude": -1.8609051, "latitude": 38.9845849}, {"identifier": 1529623348, "longitude": -1.8642387, "latitude": 38.9863163}, {"identifier": 1529776701, "longitude": -1.8594338, "latitude": 38.9830019}, {"identifier": 1530201981, "longitude": -1.8665352, "latitude": 38.9914141}, {"identifier": 1530704632, "longitude": -1.8618824, "latitude": 38.9827728}, {"identifier": 1530704637, "longitude": -1.8639557, "latitude": 38.9844893}, {"identifier": 1530704741, "longitude": -1.8650198, "latitude": 38.9826563}, {"identifier": 1530704881, "longitude": -1.8646101, "latitude": 38.983423}, {"identifier": 1530705020, "longitude": -1.8637944, "latitude": 38.9878467}, {"identifier": 1530722049, "longitude": -1.8608835, "latitude": 38.9826388}, {"identifier": 1530897531, "longitude": -1.8642399, "latitude": 38.9840198}, {"identifier": 1530897562, "longitude": -1.8641335, "latitude": 38.9841908}, {"identifier": 1530897585, "longitude": -1.8654594, "latitude": 38.9847226}, {"identifier": 1530897650, "longitude": -1.8668628, "latitude": 38.985777}, {"identifier": 1530897652, "longitude": -1.8675706, "latitude": 38.985634}, {"identifier": 1530897686, "longitude": -1.8655772, "latitude": 38.9845421}, {"identifier": 1530897746, "longitude": -1.8644341, "latitude": 38.9837216}, {"identifier": 1531659768, "longitude": -1.862891, "latitude": 38.9854731}, {"identifier": 1531673357, "longitude": -1.8701029, "latitude": 38.9838501}, {"identifier": 1531673360, "longitude": -1.8691627, "latitude": 38.982908}, {"identifier": 1531673369, "longitude": -1.8697954, "latitude": 38.98435}, {"identifier": 1540555108, "longitude": -1.8644479, "latitude": 38.9852391}, {"identifier": 1540598147, "longitude": -1.8591759, "latitude": 38.9859523}, {"identifier": 1547034333, "longitude": -1.8698582, "latitude": 38.9864243}, {"identifier": 1554807128, "longitude": -1.867315, "latitude": 38.9886345}, {"identifier": 1557279034, "longitude": -1.8629925, "latitude": 38.9913783}, {"identifier": 1560699116, "longitude": -1.8662032, "latitude": 38.9879821}, {"identifier": 1560699127, "longitude": -1.8661232, "latitude": 38.9886089}, {"identifier": 1562200768, "longitude": -1.8657364, "latitude": 38.9863027}, {"identifier": 1562200802, "longitude": -1.8669276, "latitude": 38.9858694}, {"identifier": 1568067925, "longitude": -1.8587439, "latitude": 38.9845527}, {"identifier": 1572439161, "longitude": -1.869029, "latitude": 38.9909799}, {"identifier": 1573048063, "longitude": -1.8590937, "latitude": 38.9861988}, {"identifier": 1573048065, "longitude": -1.8588704, "latitude": 38.9858153}, {"identifier": 1573048095, "longitude": -1.8591671, "latitude": 38.98602}, {"identifier": 1577713909, "longitude": -1.8617854, "latitude": 38.9827683}, {"identifier": 1579342548, "longitude": -1.8644589, "latitude": 38.9902486}, {"identifier": 1579347325, "longitude": -1.8674115, "latitude": 38.9902932}, {"identifier": 1579347351, "longitude": -1.8662804, "latitude": 38.9908403}, {"identifier": 1589636200, "longitude": -1.8667903, "latitude": 38.9875786}, {"identifier": 1628459221, "longitude": -1.8673907, "latitude": 38.986504}, {"identifier": 1628459224, "longitude": -1.8635742, "latitude": 38.9871142}, {"identifier": 1628459225, "longitude": -1.8641259, "latitude": 38.9874017}, {"identifier": 1628459226, "longitude": -1.8618934, "latitude": 38.9875389}, {"identifier": 1628459229, "longitude": -1.8651554, "latitude": 38.9879381}, {"identifier": 1628459236, "longitude": -1.8664516, "latitude": 38.9890345}, {"identifier": 1635557952, "longitude": -1.866575, "latitude": 38.985164}, {"identifier": 1635557962, "longitude": -1.8639707, "latitude": 38.9833709}, {"identifier": 1635557966, "longitude": -1.8667217, "latitude": 38.9850823}, {"identifier": 1643327715, "longitude": -1.8667493, "latitude": 38.9827167}, {"identifier": 1736047802, "longitude": -1.869456, "latitude": 38.9865061}, {"identifier": 1736047806, "longitude": -1.8692383, "latitude": 38.9858448}, {"identifier": 1736073021, "longitude": -1.8674837, "latitude": 38.9885788}, {"identifier": 1736073022, "longitude": -1.8652907, "latitude": 38.9868665}, {"identifier": 1736073025, "longitude": -1.8671135, "latitude": 38.9854176}, {"identifier": 1736073029, "longitude": -1.8662313, "latitude": 38.9844195}, {"identifier": 1736073036, "longitude": -1.8654988, "latitude": 38.9875536}, {"identifier": 1736073038, "longitude": -1.8649543, "latitude": 38.9872933}, {"identifier": 1736133420, "longitude": -1.863315, "latitude": 38.9905584}, {"identifier": 1736133421, "longitude": -1.8639535, "latitude": 38.9892768}, {"identifier": 1788243280, "longitude": -1.8603086, "latitude": 38.989502}, {"identifier": 1788243287, "longitude": -1.8647413, "latitude": 38.9908392}, {"identifier": 1835353332, "longitude": -1.8687971, "latitude": 38.9861763}, {"identifier": 1835353337, "longitude": -1.8644063, "latitude": 38.9833466}, {"identifier": 1835353348, "longitude": -1.8661286, "latitude": 38.9853559}, {"identifier": 1835353351, "longitude": -1.8662931, "latitude": 38.9851033}, {"identifier": 1835353359, "longitude": -1.8657588, "latitude": 38.9852032}, {"identifier": 1835353363, "longitude": -1.8688762, "latitude": 38.9860453}, {"identifier": 1835353367, "longitude": -1.8635809, "latitude": 38.9836895}, {"identifier": 1835353370, "longitude": -1.8629173, "latitude": 38.9833821}, {"identifier": 1835353382, "longitude": -1.8699987, "latitude": 38.989784}, {"identifier": 1835353386, "longitude": -1.866425, "latitude": 38.9850985}, {"identifier": 1836678889, "longitude": -1.8633843, "latitude": 38.9837839}, {"identifier": 1836678891, "longitude": -1.8642081, "latitude": 38.9836355}, {"identifier": 1836678893, "longitude": -1.8638215, "latitude": 38.9835775}, {"identifier": 1836678895, "longitude": -1.8637261, "latitude": 38.9843993}, {"identifier": 1845484937, "longitude": -1.8626687, "latitude": 38.9893416}, {"identifier": 1958896976, "longitude": -1.8625746, "latitude": 38.9840252}, {"identifier": 1983117780, "longitude": -1.8604087, "latitude": 38.9881984}, {"identifier": 1984210179, "longitude": -1.8616013, "latitude": 38.9887913}, {"identifier": 1984658040, "longitude": -1.8659671, "latitude": 38.9900224}, {"identifier": 1984658042, "longitude": -1.8655431, "latitude": 38.989461}, {"identifier": 1989898224, "longitude": -1.8611642, "latitude": 38.9841048}, {"identifier": 1991039584, "longitude": -1.865329, "latitude": 38.9858357}, {"identifier": 1991099510, "longitude": -1.8685323, "latitude": 38.9904248}, {"identifier": 1992568957, "longitude": -1.8677528, "latitude": 38.9867349}, {"identifier": 1992568962, "longitude": -1.8676904, "latitude": 38.9867747}, {"identifier": 2074561308, "longitude": -1.8590875, "latitude": 38.9860645}, {"identifier": 2221740256, "longitude": -1.8663885, "latitude": 38.9849961}, {"identifier": 2686683436, "longitude": -1.8698282, "latitude": 38.9832362}, {"identifier": 3720329433, "longitude": -1.8591715, "latitude": 38.9833012}, {"identifier": 3720329437, "longitude": -1.8589668, "latitude": 38.9834854}, {"identifier": 3720329440, "longitude": -1.8589674, "latitude": 38.9835115}, {"identifier": 3721441045, "longitude": -1.8593399, "latitude": 38.9836692}, {"identifier": 4575714122, "longitude": -1.8666065, "latitude": 38.9871843}, {"identifier": 4582722295, "longitude": -1.8633166, "latitude": 38.9850467}, {"identifier": 6296438171, "longitude": -1.8589676, "latitude": 38.9865973}, {"identifier": 6296438172, "longitude": -1.8590788, "latitude": 38.9864989}], "segments": [{"origin": 332441491, "destination": 1836678891, "distance": 16.06, "speed": 30}, {"origin": 332441491, "destination": 1835353337, "distance": 20.365, "speed": 30}, {"origin": 332441491, "destination": 1635557962, "distance": 31.386, "speed": 30}, {"origin": 333719887, "destination": 1529202047, "distance": 160.618, "speed": 40}, {"origin": 333719887, "destination": 335607938, "distance": 20.729, "speed": 30}, {"origin": 333720921, "destination": 333720922, "distance": 75.50800000000001, "speed": 40}, {"origin": 333720921, "destination": 335606021, "distance": 14.995, "speed": 30}, {"origin": 333720922, "destination": 1991039584, "distance": 86.426, "speed": 40}, {"origin": 335606017, "destination": 335606019, "distance": 12.806000000000001, "speed": 30}, {"origin": 335606019, "destination": 335606024, "distance": 22.020000000000003, "speed": 30}, {"origin": 335606019, "destination": 1989898224, "distance": 207.197, "speed": 40}, {"origin": 335606021, "destination": 335606026, "distance": 26.553, "speed": 30}, {"origin": 335606022, "destination": 333720921, "distance": 14.472000000000001, "speed": 30}, {"origin": 335606024, "destination": 4582722295, "distance": 1.552, "speed": 30}, {"origin": 335606025, "destination": 539837920, "distance": 19.14, "speed": 30}, {"origin": 335606025, "destination": 335606017, "distance": 26.965000000000003, "speed": 30}, {"origin": 335606026, "destination": 335606025, "distance": 27.174999999999997, "speed": 30}, {"origin": 335606026, "destination": 335606017, "distance": 19.904, "speed": 30}, {"origin": 335607938, "destination": 335607943, "distance": 33.543, "speed": 30}, {"origin": 335607938, "destination": 1526705367, "distance": 31.564, "speed": 30}, {"origin": 335607940, "destination": 333719887, "distance": 29.277999999999995, "speed": 30}, {"origin": 335607941, "destination": 1526705357, "distance": 7.428, "speed": 30}, {"origin": 335607941, "destination": 4575714122, "distance": 13.022, "speed": 30}, {"origin": 335607942, "destination": 335607946, "distance": 27.144000000000002, "speed": 40}, {"origin": 335607942, "destination": 335607941, "distance": 14.138, "speed": 30}, {"origin": 335607943, "destination": 335607942, "distance": 15.498999999999999, "speed": 30}, {"origin": 335607946, "destination": 335607951, "distance": 268.634, "speed": 40}, {"origin": 335607946, "destination": 1554807128, "distance": 137.525, "speed": 30}, {"origin": 335607951, "destination": 1991099510, "distance": 93.781, "speed": 40}, {"origin": 344736241, "destination": 1526705395, "distance": 87.609, "speed": 30}, {"origin": 344736241, "destination": 335606024, "distance": 103.57400000000001, "speed": 40}, {"origin": 434014584, "destination": 1529202023, "distance": 42.126, "speed": 30}, {"origin": 434014584, "destination": 434014588, "distance": 119.796, "speed": 30}, {"origin": 434014584, "destination": 1528823325, "distance": 61.479, "speed": 30}, {"origin": 434014588, "destination": 434014584, "distance": 119.79599999999999, "speed": 30}, {"origin": 434014588, "destination": 621979238, "distance": 32.265, "speed": 40}, {"origin": 434014596, "destination": 1788243280, "distance": 74.471, "speed": 30}, {"origin": 434014596, "destination": 1255547634, "distance": 43.138, "speed": 30}, {"origin": 434014599, "destination": 434014596, "distance": 132.34900000000002, "speed": 30}, {"origin": 443511897, "destination": 434014599, "distance": 93.96199999999999, "speed": 30}, {"origin": 443511897, "destination": 1528823332, "distance": 30.54, "speed": 30}, {"origin": 499274675, "destination": 1573048065, "distance": 22.296, "speed": 30}, {"origin": 539831082, "destination": 539831084, "distance": 13.452, "speed": 30}, {"origin": 539831084, "destination": 539831085, "distance": 7.684, "speed": 30}, {"origin": 539831084, "destination": 1989898224, "distance": 133.192, "speed": 30}, {"origin": 539831085, "destination": 539831088, "distance": 17.713, "speed": 30}, {"origin": 539831085, "destination": 1529475094, "distance": 103.549, "speed": 30}, {"origin": 539831088, "destination": 1530704632, "distance": 14.536999999999999, "speed": 30}, {"origin": 539831093, "destination": 539831082, "distance": 14.663, "speed": 30}, {"origin": 539833849, "destination": 1529475090, "distance": 28.158, "speed": 30}, {"origin": 539837920, "destination": 335606025, "distance": 19.14, "speed": 30}, {"origin": 539837920, "destination": 1530704637, "distance": 22.179, "speed": 30}, {"origin": 539837920, "destination": 1836678895, "distance": 1.547, "speed": 30}, {"origin": 551594134, "destination": 551594180, "distance": 21.349, "speed": 30}, {"origin": 551594134, "destination": 1635557966, "distance": 179.862, "speed": 30}, {"origin": 551594146, "destination": 551594134, "distance": 24.887, "speed": 30}, {"origin": 551594146, "destination": 1531673369, "distance": 192.721, "speed": 30}, {"origin": 551594149, "destination": 551594146, "distance": 6.4, "speed": 30}, {"origin": 551594177, "destination": 1835353332, "distance": 32.351, "speed": 30}, {"origin": 551594177, "destination": 1992568957, "distance": 87.941, "speed": 30}, {"origin": 551594180, "destination": 551594177, "distance": 17.301000000000002, "speed": 30}, {"origin": 551594208, "destination": 2221740256, "distance": 6.418, "speed": 30}, {"origin": 551594220, "destination": 1835353348, "distance": 17.855, "speed": 30}, {"origin": 551594220, "destination": 1835353351, "distance": 23.158, "speed": 30}, {"origin": 551594220, "destination": 1835353359, "distance": 26.384, "speed": 30}, {"origin": 552477911, "destination": 1991099510, "distance": 9.412, "speed": 30}, {"origin": 552477911, "destination": 1529197040, "distance": 74.30799999999999, "speed": 40}, {"origin": 621979238, "destination": 1266037410, "distance": 115.339, "speed": 30}, {"origin": 621979238, "destination": 1256026700, "distance": 106.13399999999999, "speed": 30}, {"origin": 621979242, "destination": 1579347351, "distance": 27.615, "speed": 30}, {"origin": 621979242, "destination": 621979259, "distance": 24.711, "speed": 30}, {"origin": 621979259, "destination": 621979242, "distance": 24.711, "speed": 30}, {"origin": 621979263, "destination": 1530201981, "distance": 10.481, "speed": 30}, {"origin": 621979267, "destination": 621979263, "distance": 12.765, "speed": 30}, {"origin": 621979267, "destination": 621979259, "distance": 14.045, "speed": 30}, {"origin": 621983933, "destination": 1256026663, "distance": 51.993, "speed": 30}, {"origin": 672055839, "destination": 621979259, "distance": 9.32, "speed": 30}, {"origin": 672055839, "destination": 621979267, "distance": 10.101, "speed": 30}, {"origin": 672060821, "destination": 1529197051, "distance": 36.694, "speed": 30}, {"origin": 672060821, "destination": 1255547648, "distance": 69.31700000000001, "speed": 30}, {"origin": 672063299, "destination": 672063300, "distance": 96.943, "speed": 30}, {"origin": 672063299, "destination": 1736133421, "distance": 58.977999999999994, "speed": 30}, {"origin": 672063300, "destination": 1530705020, "distance": 65.178, "speed": 30}, {"origin": 672063300, "destination": 672063710, "distance": 61.974999999999994, "speed": 30}, {"origin": 672063710, "destination": 1322980464, "distance": 62.368, "speed": 30}, {"origin": 672063710, "destination": 1322977385, "distance": 41.068, "speed": 30}, {"origin": 672063711, "destination": 1255547633, "distance": 82.304, "speed": 30}, {"origin": 672063711, "destination": 1845484937, "distance": 68.86800000000001, "speed": 30}, {"origin": 719109950, "destination": 1526728335, "distance": 41.966, "speed": 30}, {"origin": 719109950, "destination": 1568067925, "distance": 46.819, "speed": 30}, {"origin": 719109950, "destination": 1526728406, "distance": 49.987, "speed": 30}, {"origin": 719109982, "destination": 672055839, "distance": 117.169, "speed": 30}, {"origin": 719109982, "destination": 1255528486, "distance": 50.491, "speed": 30}, {"origin": 1255499536, "destination": 1572439161, "distance": 10.224, "speed": 30}, {"origin": 1255528486, "destination": 1255499536, "distance": 78.618, "speed": 30}, {"origin": 1255547622, "destination": 1256026634, "distance": 82.894, "speed": 30}, {"origin": 1255547622, "destination": 1255547629, "distance": 79.94, "speed": 30}, {"origin": 1255547623, "destination": 1256004131, "distance": 46.244, "speed": 30}, {"origin": 1255547628, "destination": 1736133420, "distance": 31.318, "speed": 30}, {"origin": 1255547628, "destination": 1528823351, "distance": 45.621, "speed": 30}, {"origin": 1255547629, "destination": 1322977384, "distance": 42.894000000000005, "speed": 30}, {"origin": 1255547631, "destination": 1255547628, "distance": 45.562999999999995, "speed": 30}, {"origin": 1255547631, "destination": 1255547623, "distance": 85.624, "speed": 30}, {"origin": 1255547633, "destination": 1255547644, "distance": 44.725, "speed": 30}, {"origin": 1255547633, "destination": 1322977381, "distance": 42.006, "speed": 30}, {"origin": 1255547634, "destination": 1983117780, "distance": 82.322, "speed": 30}, {"origin": 1255547637, "destination": 672063299, "distance": 74.06099999999999, "speed": 30}, {"origin": 1255547637, "destination": 1528823384, "distance": 122.469, "speed": 30}, {"origin": 1255547641, "destination": 1255547642, "distance": 44.041, "speed": 30}, {"origin": 1255547641, "destination": 1255547649, "distance": 79.85, "speed": 30}, {"origin": 1255547642, "destination": 1845484937, "distance": 82.764, "speed": 30}, {"origin": 1255547642, "destination": 1255547633, "distance": 71.495, "speed": 30}, {"origin": 1255547644, "destination": 1256026671, "distance": 46.913, "speed": 30}, {"origin": 1255547644, "destination": 1255547641, "distance": 73.54599999999999, "speed": 30}, {"origin": 1255547648, "destination": 1255547637, "distance": 124.79, "speed": 30}, {"origin": 1255547648, "destination": 1579342548, "distance": 28.253, "speed": 30}, {"origin": 1255547649, "destination": 1255547631, "distance": 64.958, "speed": 30}, {"origin": 1255547649, "destination": 1256026641, "distance": 47.022, "speed": 30}, {"origin": 1255547652, "destination": 1255547642, "distance": 82.059, "speed": 30}, {"origin": 1255547652, "destination": 1255547649, "distance": 44.833, "speed": 30}, {"origin": 1256004122, "destination": 1984658040, "distance": 99.029, "speed": 30}, {"origin": 1256004122, "destination": 621979263, "distance": 160.24299999999997, "speed": 30}, {"origin": 1256004126, "destination": 1529197053, "distance": 83.903, "speed": 30}, {"origin": 1256004126, "destination": 1579347325, "distance": 87.27199999999999, "speed": 30}, {"origin": 1256004131, "destination": 1528823372, "distance": 58.184, "speed": 30}, {"origin": 1256004131, "destination": 1788243287, "distance": 41.345, "speed": 30}, {"origin": 1256026630, "destination": 344736241, "distance": 109.842, "speed": 40}, {"origin": 1256026634, "destination": 1255547641, "distance": 47.71, "speed": 30}, {"origin": 1256026634, "destination": 1256026671, "distance": 76.62, "speed": 30}, {"origin": 1256026641, "destination": 1256026634, "distance": 75.089, "speed": 30}, {"origin": 1256026659, "destination": 434014596, "distance": 84.138, "speed": 30}, {"origin": 1256026659, "destination": 1256026663, "distance": 108.05900000000001, "speed": 30}, {"origin": 1256026663, "destination": 1256026700, "distance": 130.322, "speed": 30}, {"origin": 1256026663, "destination": 1983117780, "distance": 109.852, "speed": 30}, {"origin": 1256026671, "destination": 1255547629, "distance": 81.41600000000001, "speed": 30}, {"origin": 1256026700, "destination": 6296438172, "distance": 66.726, "speed": 30}, {"origin": 1256026700, "destination": 1528823390, "distance": 60.824, "speed": 30}, {"origin": 1266037410, "destination": 1528823322, "distance": 66.876, "speed": 30}, {"origin": 1266037410, "destination": 621979238, "distance": 115.339, "speed": 30}, {"origin": 1266037410, "destination": 434014584, "distance": 57.131, "speed": 30}, {"origin": 1322977377, "destination": 1528832261, "distance": 45.817, "speed": 30}, {"origin": 1322977377, "destination": 1628459224, "distance": 38.063, "speed": 30}, {"origin": 1322977378, "destination": 1322977384, "distance": 88.837, "speed": 30}, {"origin": 1322977380, "destination": 1255547644, "distance": 41.607, "speed": 30}, {"origin": 1322977380, "destination": 1322977381, "distance": 43.730000000000004, "speed": 30}, {"origin": 1322977381, "destination": 1984210179, "distance": 83.479, "speed": 30}, {"origin": 1322977381, "destination": 1528823330, "distance": 51.143, "speed": 30}, {"origin": 1322977383, "destination": 1529623348, "distance": 37.814, "speed": 30}, {"origin": 1322977383, "destination": 1529201976, "distance": 60.001999999999995, "speed": 30}, {"origin": 1322977383, "destination": 333720922, "distance": 99.37100000000001, "speed": 30}, {"origin": 1322977384, "destination": 1528823331, "distance": 48.344, "speed": 30}, {"origin": 1322977384, "destination": 1322977380, "distance": 129.549, "speed": 30}, {"origin": 1322977385, "destination": 1628459226, "distance": 55.965, "speed": 30}, {"origin": 1322977385, "destination": 1322977377, "distance": 120.31099999999999, "speed": 30}, {"origin": 1322980461, "destination": 672063300, "distance": 60.248, "speed": 30}, {"origin": 1322980461, "destination": 1322980464, "distance": 65.158, "speed": 30}, {"origin": 1322980462, "destination": 1322977385, "distance": 62.621, "speed": 30}, {"origin": 1322980464, "destination": 672063711, "distance": 67.365, "speed": 30}, {"origin": 1322980464, "destination": 1322980462, "distance": 40.556, "speed": 30}, {"origin": 1429086687, "destination": 1992568962, "distance": 74.138, "speed": 30}, {"origin": 1429086687, "destination": 335607940, "distance": 36.242, "speed": 30}, {"origin": 1526108352, "destination": 1526752618, "distance": 46.738, "speed": 30}, {"origin": 1526108356, "destination": 1736073021, "distance": 141.108, "speed": 30}, {"origin": 1526108356, "destination": 1992568957, "distance": 164.12300000000002, "speed": 30}, {"origin": 1526705357, "destination": 4575714122, "distance": 11.309, "speed": 30}, {"origin": 1526705357, "destination": 1429086687, "distance": 35.11, "speed": 30}, {"origin": 1526705367, "destination": 1736073036, "distance": 53.459, "speed": 30}, {"origin": 1526705367, "destination": 335607943, "distance": 37.785, "speed": 30}, {"origin": 1526705367, "destination": 1736073022, "distance": 58.339, "speed": 30}, {"origin": 1526705372, "destination": 1529623346, "distance": 47.99, "speed": 30}, {"origin": 1526705372, "destination": 1526728406, "distance": 80.643, "speed": 30}, {"origin": 1526705372, "destination": 1526705395, "distance": 108.071, "speed": 30}, {"origin": 1526705382, "destination": 1531659768, "distance": 14.916, "speed": 30}, {"origin": 1526705382, "destination": 1529202023, "distance": 61.879999999999995, "speed": 30}, {"origin": 1526705382, "destination": 1529201976, "distance": 52.518, "speed": 30}, {"origin": 1526705382, "destination": 1526705395, "distance": 83.552, "speed": 30}, {"origin": 1526705389, "destination": 1736073022, "distance": 57.012, "speed": 30}, {"origin": 1526705389, "destination": 1529623348, "distance": 52.582, "speed": 30}, {"origin": 1526705389, "destination": 1991039584, "distance": 97.334, "speed": 30}, {"origin": 1526705395, "destination": 1528823322, "distance": 31.702, "speed": 30}, {"origin": 1526705395, "destination": 344736241, "distance": 87.609, "speed": 30}, {"origin": 1526705395, "destination": 1526705382, "distance": 83.552, "speed": 30}, {"origin": 1526705395, "destination": 1526705372, "distance": 108.071, "speed": 30}, {"origin": 1526728335, "destination": 1526728364, "distance": 46.623, "speed": 20}, {"origin": 1526728335, "destination": 3721441045, "distance": 59.84400000000001, "speed": 30}, {"origin": 1526728362, "destination": 1526728364, "distance": 67.548, "speed": 30}, {"origin": 1526728364, "destination": 1568067925, "distance": 41.278, "speed": 30}, {"origin": 1526728365, "destination": 1526728384, "distance": 20.125, "speed": 30}, {"origin": 1526728365, "destination": 1526728406, "distance": 95.831, "speed": 30}, {"origin": 1526728365, "destination": 1528823380, "distance": 79.66400000000002, "speed": 30}, {"origin": 1526728384, "destination": 1526728365, "distance": 20.125, "speed": 30}, {"origin": 1526728384, "destination": 719109950, "distance": 108.695, "speed": 30}, {"origin": 1526728406, "destination": 1526728365, "distance": 95.831, "speed": 30}, {"origin": 1526728406, "destination": 1529623293, "distance": 51.938, "speed": 30}, {"origin": 1526728406, "destination": 1526705372, "distance": 80.643, "speed": 30}, {"origin": 1526728406, "destination": 719109950, "distance": 49.987, "speed": 30}, {"origin": 1526752502, "destination": 1526752640, "distance": 80.475, "speed": 30}, {"origin": 1526752509, "destination": 1643327715, "distance": 152.655, "speed": 30}, {"origin": 1526752509, "destination": 1736073029, "distance": 88.243, "speed": 30}, {"origin": 1526752531, "destination": 1736047806, "distance": 120.69, "speed": 30}, {"origin": 1526752558, "destination": 1835353359, "distance": 100.99299999999998, "speed": 30}, {"origin": 1526752558, "destination": 1526752638, "distance": 36.319, "speed": 30}, {"origin": 1526752601, "destination": 1530897531, "distance": 74.43599999999999, "speed": 30}, {"origin": 1526752601, "destination": 1526752631, "distance": 36.855, "speed": 30}, {"origin": 1526752618, "destination": 1736047806, "distance": 29.615, "speed": 30}, {"origin": 1526752631, "destination": 1736073029, "distance": 99.611, "speed": 30}, {"origin": 1526752631, "destination": 1526752640, "distance": 37.345, "speed": 30}, {"origin": 1526752638, "destination": 1530897585, "distance": 54.882000000000005, "speed": 30}, {"origin": 1526752638, "destination": 1526752601, "distance": 21.838, "speed": 30}, {"origin": 1526752640, "destination": 1530704881, "distance": 75.105, "speed": 30}, {"origin": 1526752640, "destination": 1526752502, "distance": 80.475, "speed": 30}, {"origin": 1526752640, "destination": 1526752509, "distance": 45.954, "speed": 30}, {"origin": 1528823220, "destination": 1529197043, "distance": 27.452, "speed": 30}, {"origin": 1528823253, "destination": 1562200802, "distance": 42.293, "speed": 30}, {"origin": 1528823253, "destination": 1530897652, "distance": 72.511, "speed": 30}, {"origin": 1528823253, "destination": 1628459221, "distance": 38.846000000000004, "speed": 30}, {"origin": 1528823271, "destination": 1528832258, "distance": 55.04, "speed": 30}, {"origin": 1528823271, "destination": 1526705389, "distance": 57.728, "speed": 30}, {"origin": 1528823288, "destination": 672063299, "distance": 60.147, "speed": 30}, {"origin": 1528823322, "destination": 1526705395, "distance": 31.702, "speed": 30}, {"origin": 1528823322, "destination": 1266037410, "distance": 66.876, "speed": 30}, {"origin": 1528823322, "destination": 1529202023, "distance": 71.689, "speed": 20}, {"origin": 1528823325, "destination": 1628459226, "distance": 120.138, "speed": 30}, {"origin": 1528823325, "destination": 1322977377, "distance": 58.489999999999995, "speed": 30}, {"origin": 1528823328, "destination": 1528823330, "distance": 83.178, "speed": 30}, {"origin": 1528823328, "destination": 1984210179, "distance": 51.873, "speed": 30}, {"origin": 1528823330, "destination": 1255547634, "distance": 73.57, "speed": 30}, {"origin": 1528823330, "destination": 1788243280, "distance": 43.791, "speed": 30}, {"origin": 1528823331, "destination": 1528823332, "distance": 89.44500000000001, "speed": 30}, {"origin": 1528823331, "destination": 434014599, "distance": 53.139, "speed": 30}, {"origin": 1528823332, "destination": 1322977378, "distance": 45.501000000000005, "speed": 30}, {"origin": 1528823342, "destination": 1736133420, "distance": 46.044, "speed": 20}, {"origin": 1528823342, "destination": 1529197051, "distance": 33.414, "speed": 20}, {"origin": 1528823342, "destination": 1528823351, "distance": 33.913, "speed": 20}, {"origin": 1528823351, "destination": 1528823342, "distance": 33.913, "speed": 20}, {"origin": 1528823351, "destination": 1255547648, "distance": 37.650999999999996, "speed": 30}, {"origin": 1528823372, "destination": 1255547628, "distance": 28.401, "speed": 30}, {"origin": 1528823372, "destination": 1579342548, "distance": 83.013, "speed": 20}, {"origin": 1528823380, "destination": 1266037410, "distance": 106.535, "speed": 30}, {"origin": 1528823380, "destination": 1526705372, "distance": 97.009, "speed": 30}, {"origin": 1528823384, "destination": 1560699116, "distance": 46.415, "speed": 30}, {"origin": 1528823384, "destination": 1560699127, "distance": 38.389, "speed": 30}, {"origin": 1528823390, "destination": 1540598147, "distance": 82.627, "speed": 30}, {"origin": 1528823390, "destination": 1528823380, "distance": 51.162, "speed": 30}, {"origin": 1528832258, "destination": 1628459224, "distance": 46.745, "speed": 30}, {"origin": 1528832258, "destination": 1528832261, "distance": 38.64, "speed": 30}, {"origin": 1528832261, "destination": 1528832266, "distance": 58.785999999999994, "speed": 30}, {"origin": 1528832261, "destination": 1322977383, "distance": 60.01, "speed": 30}, {"origin": 1528832266, "destination": 1528823325, "distance": 44.619, "speed": 30}, {"origin": 1529197029, "destination": 1529197043, "distance": 73.938, "speed": 20}, {"origin": 1529197029, "destination": 1529197036, "distance": 26.57, "speed": 30}, {"origin": 1529197036, "destination": 1528823220, "distance": 73.267, "speed": 20}, {"origin": 1529197036, "destination": 552477911, "distance": 54.699, "speed": 30}, {"origin": 1529197040, "destination": 1736073021, "distance": 152.642, "speed": 40}, {"origin": 1529197040, "destination": 1528823220, "distance": 52.208999999999996, "speed": 30}, {"origin": 1529197043, "destination": 1529197029, "distance": 73.938, "speed": 20}, {"origin": 1529197043, "destination": 1529197048, "distance": 54.540000000000006, "speed": 30}, {"origin": 1529197048, "destination": 1835353382, "distance": 74.15700000000001, "speed": 30}, {"origin": 1529197048, "destination": 1526108356, "distance": 154.698, "speed": 30}, {"origin": 1529197051, "destination": 1528823342, "distance": 33.414, "speed": 20}, {"origin": 1529197051, "destination": 1255547652, "distance": 46.498999999999995, "speed": 30}, {"origin": 1529197053, "destination": 335607951, "distance": 53.583, "speed": 30}, {"origin": 1529201953, "destination": 1529776701, "distance": 46.855999999999995, "speed": 30}, {"origin": 1529201953, "destination": 3720329433, "distance": 30.407, "speed": 30}, {"origin": 1529201976, "destination": 1528832266, "distance": 61.853, "speed": 30}, {"origin": 1529201976, "destination": 1322977383, "distance": 60.001999999999995, "speed": 30}, {"origin": 1529201976, "destination": 1526705382, "distance": 52.518, "speed": 30}, {"origin": 1529201982, "destination": 1529623313, "distance": 24.796999999999997, "speed": 30}, {"origin": 1529202023, "destination": 1528823322, "distance": 71.689, "speed": 20}, {"origin": 1529202023, "destination": 434014584, "distance": 42.126, "speed": 30}, {"origin": 1529202023, "destination": 1526705382, "distance": 61.879999999999995, "speed": 30}, {"origin": 1529202047, "destination": 1540555108, "distance": 102.333, "speed": 40}, {"origin": 1529202053, "destination": 1256026630, "distance": 79.843, "speed": 40}, {"origin": 1529202053, "destination": 1529623293, "distance": 48.484, "speed": 30}, {"origin": 1529202087, "destination": 3720329437, "distance": 9.337, "speed": 40}, {"origin": 1529202087, "destination": 1526728362, "distance": 16.185, "speed": 30}, {"origin": 1529202090, "destination": 1529202053, "distance": 83.161, "speed": 40}, {"origin": 1529202090, "destination": 1529202111, "distance": 22.328, "speed": 30}, {"origin": 1529202095, "destination": 1628459221, "distance": 94.02400000000002, "speed": 30}, {"origin": 1529202095, "destination": 551594180, "distance": 25.404999999999998, "speed": 30}, {"origin": 1529202109, "destination": 3720329437, "distance": 25.724999999999998, "speed": 30}, {"origin": 1529202111, "destination": 1529201953, "distance": 6.899, "speed": 30}, {"origin": 1529475066, "destination": 2686683436, "distance": 44.01, "speed": 30}, {"origin": 1529475066, "destination": 1531673369, "distance": 107.654, "speed": 30}, {"origin": 1529475066, "destination": 1531673360, "distance": 62.039, "speed": 30}, {"origin": 1529475073, "destination": 2686683436, "distance": 66.977, "speed": 30}, {"origin": 1529475073, "destination": 1531673360, "distance": 44.589999999999996, "speed": 30}, {"origin": 1529475081, "destination": 1529475083, "distance": 71.728, "speed": 30}, {"origin": 1529475083, "destination": 1529475081, "distance": 71.728, "speed": 30}, {"origin": 1529475083, "destination": 1835353370, "distance": 37.434, "speed": 30}, {"origin": 1529475090, "destination": 1958896976, "distance": 81.755, "speed": 30}, {"origin": 1529475090, "destination": 1836678895, "distance": 37.519000000000005, "speed": 30}, {"origin": 1529475093, "destination": 1958896976, "distance": 36.63, "speed": 30}, {"origin": 1529475094, "destination": 1958896976, "distance": 61.503, "speed": 30}, {"origin": 1529475094, "destination": 1836678889, "distance": 55.373, "speed": 30}, {"origin": 1529475160, "destination": 1529776701, "distance": 20.457, "speed": 30}, {"origin": 1529475206, "destination": 1530722049, "distance": 121.088, "speed": 30}, {"origin": 1529623293, "destination": 1529623346, "distance": 80.061, "speed": 20}, {"origin": 1529623293, "destination": 1526728406, "distance": 51.938, "speed": 30}, {"origin": 1529623293, "destination": 1529202053, "distance": 48.484, "speed": 30}, {"origin": 1529623313, "destination": 499274675, "distance": 93.977, "speed": 30}, {"origin": 1529623346, "destination": 1529623293, "distance": 80.061, "speed": 20}, {"origin": 1529623346, "destination": 1256026630, "distance": 47.401999999999994, "speed": 30}, {"origin": 1529623348, "destination": 1528832258, "distance": 58.945, "speed": 30}, {"origin": 1529623348, "destination": 1526705389, "distance": 52.582, "speed": 30}, {"origin": 1529623348, "destination": 1322977383, "distance": 37.814, "speed": 30}, {"origin": 1529776701, "destination": 1529475160, "distance": 20.457, "speed": 30}, {"origin": 1529776701, "destination": 3720329433, "distance": 41.06, "speed": 30}, {"origin": 1530201981, "destination": 621979267, "distance": 4.066, "speed": 30}, {"origin": 1530201981, "destination": 1255528486, "distance": 132.903, "speed": 30}, {"origin": 1530704632, "destination": 1577713909, "distance": 8.482, "speed": 30}, {"origin": 1530704637, "destination": 1530897562, "distance": 36.577, "speed": 30}, {"origin": 1530704637, "destination": 1526752558, "distance": 73.91, "speed": 30}, {"origin": 1530704741, "destination": 1526752502, "distance": 81.718, "speed": 30}, {"origin": 1530704741, "destination": 1835353337, "distance": 93.61, "speed": 30}, {"origin": 1530704881, "destination": 1526752640, "distance": 75.105, "speed": 30}, {"origin": 1530704881, "destination": 1835353337, "distance": 19.558999999999997, "speed": 30}, {"origin": 1530704881, "destination": 1530897746, "distance": 36.522, "speed": 30}, {"origin": 1530705020, "destination": 1528823288, "distance": 102.506, "speed": 30}, {"origin": 1530705020, "destination": 1628459225, "distance": 57.178, "speed": 30}, {"origin": 1530722049, "destination": 539831082, "distance": 73.453, "speed": 30}, {"origin": 1530722049, "destination": 1529475206, "distance": 121.088, "speed": 30}, {"origin": 1530897531, "destination": 1530897746, "distance": 37.165, "speed": 30}, {"origin": 1530897531, "destination": 1530897562, "distance": 21.122, "speed": 30}, {"origin": 1530897562, "destination": 1530897531, "distance": 21.122, "speed": 30}, {"origin": 1530897562, "destination": 1530704637, "distance": 36.577, "speed": 30}, {"origin": 1530897562, "destination": 1526752638, "distance": 74.07900000000001, "speed": 30}, {"origin": 1530897585, "destination": 1530897686, "distance": 22.506, "speed": 20}, {"origin": 1530897585, "destination": 1530897686, "distance": 74.73400000000001, "speed": 30}, {"origin": 1530897650, "destination": 1562200802, "distance": 11.702, "speed": 30}, {"origin": 1530897650, "destination": 1736073025, "distance": 45.459, "speed": 30}, {"origin": 1530897650, "destination": 1835353348, "distance": 79.30799999999999, "speed": 30}, {"origin": 1530897652, "destination": 1529202095, "distance": 58.064, "speed": 30}, {"origin": 1530897652, "destination": 1528823253, "distance": 72.511, "speed": 30}, {"origin": 1530897686, "destination": 1526752601, "distance": 54.924, "speed": 30}, {"origin": 1530897746, "destination": 1530897531, "distance": 37.165, "speed": 30}, {"origin": 1530897746, "destination": 1526752631, "distance": 74.04400000000001, "speed": 30}, {"origin": 1530897746, "destination": 1530704881, "distance": 36.522, "speed": 30}, {"origin": 1531659768, "destination": 1526705382, "distance": 14.916, "speed": 30}, {"origin": 1531659768, "destination": 335606022, "distance": 67.024, "speed": 30}, {"origin": 1531673360, "destination": 1529475066, "distance": 62.039, "speed": 30}, {"origin": 1531673360, "destination": 1643327715, "distance": 257.053, "speed": 30}, {"origin": 1531673369, "destination": 1531673357, "distance": 61.61399999999999, "speed": 30}, {"origin": 1531673369, "destination": 1529475066, "distance": 107.654, "speed": 30}, {"origin": 1531673369, "destination": 551594146, "distance": 192.72100000000003, "speed": 30}, {"origin": 1540555108, "destination": 335606021, "distance": 60.596000000000004, "speed": 40}, {"origin": 1540555108, "destination": 1526752558, "distance": 54.565999999999995, "speed": 30}, {"origin": 1540598147, "destination": 1528823390, "distance": 82.62700000000001, "speed": 30}, {"origin": 1540598147, "destination": 1526728384, "distance": 43.841, "speed": 30}, {"origin": 1547034333, "destination": 1736047802, "distance": 35.933, "speed": 30}, {"origin": 1547034333, "destination": 1526752618, "distance": 79.032, "speed": 30}, {"origin": 1554807128, "destination": 1628459236, "distance": 86.872, "speed": 30}, {"origin": 1554807128, "destination": 1529197053, "distance": 77.842, "speed": 30}, {"origin": 1557279034, "destination": 1256026641, "distance": 63.711, "speed": 30}, {"origin": 1557279034, "destination": 1255547631, "distance": 46.138, "speed": 30}, {"origin": 1560699116, "destination": 335607946, "distance": 62.072, "speed": 30}, {"origin": 1560699116, "destination": 1560699127, "distance": 96.957, "speed": 20}, {"origin": 1560699127, "destination": 1628459236, "distance": 55.184, "speed": 30}, {"origin": 1562200768, "destination": 335607938, "distance": 91.931, "speed": 40}, {"origin": 1562200768, "destination": 1736073022, "distance": 73.59, "speed": 30}, {"origin": 1562200802, "destination": 1528823253, "distance": 42.293, "speed": 30}, {"origin": 1562200802, "destination": 1530897650, "distance": 11.702, "speed": 30}, {"origin": 1562200802, "destination": 1628459221, "distance": 172.128, "speed": 30}, {"origin": 1568067925, "destination": 1529201982, "distance": 5.604, "speed": 30}, {"origin": 1568067925, "destination": 719109950, "distance": 46.819, "speed": 30}, {"origin": 1572439161, "destination": 552477911, "distance": 71.767, "speed": 40}, {"origin": 1573048063, "destination": 1573048095, "distance": 20.869, "speed": 30}, {"origin": 1573048063, "destination": 2074561308, "distance": 15.082, "speed": 30}, {"origin": 1573048065, "destination": 6296438171, "distance": 88.62700000000001, "speed": 30}, {"origin": 1573048065, "destination": 2074561308, "distance": 34.92400000000001, "speed": 30}, {"origin": 1573048095, "destination": 1540598147, "distance": 7.566, "speed": 30}, {"origin": 1577713909, "destination": 539831093, "distance": 6.838000000000001, "speed": 30}, {"origin": 1579342548, "destination": 1528823372, "distance": 83.013, "speed": 20}, {"origin": 1579342548, "destination": 1256004122, "distance": 58.622, "speed": 30}, {"origin": 1579347325, "destination": 1579347351, "distance": 115.14099999999999, "speed": 20}, {"origin": 1579347325, "destination": 719109982, "distance": 61.081999999999994, "speed": 30}, {"origin": 1579347351, "destination": 1984658040, "distance": 94.902, "speed": 30}, {"origin": 1579347351, "destination": 1579347325, "distance": 115.14099999999999, "speed": 20}, {"origin": 1589636200, "destination": 1526705357, "distance": 35.543, "speed": 40}, {"origin": 1589636200, "destination": 1429086687, "distance": 49.299, "speed": 30}, {"origin": 1628459221, "destination": 1562200802, "distance": 172.128, "speed": 30}, {"origin": 1628459221, "destination": 1529202095, "distance": 94.024, "speed": 30}, {"origin": 1628459221, "destination": 1992568962, "distance": 39.716, "speed": 30}, {"origin": 1628459221, "destination": 1528823253, "distance": 38.846000000000004, "speed": 30}, {"origin": 1628459224, "destination": 672063710, "distance": 120.83, "speed": 30}, {"origin": 1628459224, "destination": 1628459225, "distance": 57.408, "speed": 30}, {"origin": 1628459225, "destination": 1528823271, "distance": 47.778, "speed": 30}, {"origin": 1628459225, "destination": 1628459229, "distance": 107.12100000000001, "speed": 30}, {"origin": 1628459226, "destination": 1528823328, "distance": 130.742, "speed": 30}, {"origin": 1628459226, "destination": 434014588, "distance": 65.29400000000001, "speed": 30}, {"origin": 1628459229, "destination": 1528823288, "distance": 62.405, "speed": 30}, {"origin": 1628459229, "destination": 1528823384, "distance": 75.836, "speed": 30}, {"origin": 1628459236, "destination": 1256004126, "distance": 75.448, "speed": 30}, {"origin": 1628459236, "destination": 1984658042, "distance": 91.732, "speed": 30}, {"origin": 1635557952, "destination": 1736073025, "distance": 54.42, "speed": 30}, {"origin": 1635557962, "destination": 1529475081, "distance": 12.032, "speed": 30}, {"origin": 1635557962, "destination": 1836678893, "distance": 29.122, "speed": 30}, {"origin": 1635557966, "destination": 551594208, "distance": 29.945, "speed": 30}, {"origin": 1635557966, "destination": 1635557952, "distance": 20.031, "speed": 30}, {"origin": 1643327715, "destination": 1531673360, "distance": 257.053, "speed": 30}, {"origin": 1736047802, "destination": 1835353363, "distance": 71.676, "speed": 30}, {"origin": 1736047806, "destination": 551594149, "distance": 35.900999999999996, "speed": 30}, {"origin": 1736073021, "destination": 1589636200, "distance": 126.336, "speed": 40}, {"origin": 1736073022, "destination": 1736073038, "distance": 55.656, "speed": 30}, {"origin": 1736073022, "destination": 1526705389, "distance": 57.012, "speed": 30}, {"origin": 1736073022, "destination": 1562200768, "distance": 73.59, "speed": 30}, {"origin": 1736073022, "destination": 1526705367, "distance": 58.339, "speed": 30}, {"origin": 1736073025, "destination": 1530897650, "distance": 45.459, "speed": 30}, {"origin": 1736073025, "destination": 1530897652, "distance": 46.259, "speed": 30}, {"origin": 1736073029, "destination": 551594208, "distance": 64.598, "speed": 30}, {"origin": 1736073036, "destination": 1736073038, "distance": 55.25, "speed": 30}, {"origin": 1736073036, "destination": 1628459229, "distance": 52.047, "speed": 30}, {"origin": 1736073038, "destination": 1736073022, "distance": 55.656, "speed": 30}, {"origin": 1736073038, "destination": 1528823271, "distance": 55.931, "speed": 30}, {"origin": 1736133420, "destination": 1528823342, "distance": 46.044, "speed": 20}, {"origin": 1736133420, "destination": 1255547652, "distance": 35.72, "speed": 30}, {"origin": 1736133421, "destination": 1322980461, "distance": 93.019, "speed": 30}, {"origin": 1736133421, "destination": 672060821, "distance": 66.351, "speed": 30}, {"origin": 1788243280, "destination": 1322977380, "distance": 51.083, "speed": 30}, {"origin": 1788243280, "destination": 1528823331, "distance": 128.941, "speed": 30}, {"origin": 1788243287, "destination": 1256004122, "distance": 42.081, "speed": 30}, {"origin": 1835353332, "destination": 1835353363, "distance": 16.469, "speed": 30}, {"origin": 1835353337, "destination": 332441491, "distance": 20.365, "speed": 30}, {"origin": 1835353337, "destination": 1530704881, "distance": 19.558999999999997, "speed": 30}, {"origin": 1835353337, "destination": 1530704741, "distance": 93.61, "speed": 30}, {"origin": 1835353348, "destination": 1530897650, "distance": 87.776, "speed": 30}, {"origin": 1835353348, "destination": 1530897650, "distance": 79.30799999999999, "speed": 30}, {"origin": 1835353348, "destination": 551594220, "distance": 17.855, "speed": 30}, {"origin": 1835353351, "destination": 1835353386, "distance": 11.511, "speed": 30}, {"origin": 1835353351, "destination": 551594220, "distance": 23.158, "speed": 30}, {"origin": 1835353359, "destination": 1529202047, "distance": 67.602, "speed": 30}, {"origin": 1835353359, "destination": 551594220, "distance": 26.384, "speed": 30}, {"origin": 1835353363, "destination": 551594149, "distance": 11.940000000000001, "speed": 30}, {"origin": 1835353367, "destination": 1836678893, "distance": 24.374, "speed": 30}, {"origin": 1835353367, "destination": 1835353370, "distance": 68.018, "speed": 30}, {"origin": 1835353367, "destination": 539833849, "distance": 26.271, "speed": 30}, {"origin": 1835353370, "destination": 539831088, "distance": 99.333, "speed": 30}, {"origin": 1835353370, "destination": 1529475083, "distance": 37.434, "speed": 30}, {"origin": 1835353382, "destination": 1529197048, "distance": 74.15700000000001, "speed": 30}, {"origin": 1835353382, "destination": 1529197029, "distance": 55.292, "speed": 30}, {"origin": 1835353386, "destination": 1635557952, "distance": 14.883, "speed": 30}, {"origin": 1836678889, "destination": 1835353367, "distance": 20.531, "speed": 30}, {"origin": 1836678889, "destination": 539833849, "distance": 13.729000000000001, "speed": 30}, {"origin": 1836678891, "destination": 332441491, "distance": 16.06, "speed": 30}, {"origin": 1836678891, "destination": 1836678895, "distance": 94.599, "speed": 30}, {"origin": 1836678893, "destination": 1635557962, "distance": 29.122, "speed": 30}, {"origin": 1836678893, "destination": 1835353367, "distance": 24.374000000000002, "speed": 30}, {"origin": 1836678893, "destination": 1836678891, "distance": 34.671, "speed": 30}, {"origin": 1836678895, "destination": 1836678891, "distance": 94.599, "speed": 30}, {"origin": 1836678895, "destination": 539837920, "distance": 1.547, "speed": 30}, {"origin": 1845484937, "destination": 1322980461, "distance": 67.18599999999999, "speed": 30}, {"origin": 1845484937, "destination": 672060821, "distance": 87.12399999999998, "speed": 30}, {"origin": 1958896976, "destination": 1529475094, "distance": 61.503, "speed": 30}, {"origin": 1958896976, "destination": 1529475093, "distance": 36.63, "speed": 30}, {"origin": 1958896976, "destination": 1529475090, "distance": 81.75500000000001, "speed": 30}, {"origin": 1983117780, "destination": 434014588, "distance": 132.70600000000002, "speed": 30}, {"origin": 1983117780, "destination": 1528823328, "distance": 70.484, "speed": 30}, {"origin": 1984210179, "destination": 672063711, "distance": 41.851, "speed": 30}, {"origin": 1984210179, "destination": 1322980462, "distance": 66.923, "speed": 30}, {"origin": 1984658040, "destination": 1984658042, "distance": 72.386, "speed": 30}, {"origin": 1984658040, "destination": 1256004126, "distance": 91.713, "speed": 30}, {"origin": 1984658042, "destination": 1255547637, "distance": 51.033, "speed": 30}, {"origin": 1989898224, "destination": 1529202111, "distance": 161.92000000000002, "speed": 40}, {"origin": 1991039584, "destination": 1562200768, "distance": 62.92, "speed": 40}, {"origin": 1991099510, "destination": 1255499536, "distance": 75.785, "speed": 40}, {"origin": 1991099510, "destination": 719109982, "distance": 75.226, "speed": 30}, {"origin": 1992568957, "destination": 1992568962, "distance": 6.977, "speed": 30}, {"origin": 1992568957, "destination": 551594177, "distance": 87.941, "speed": 30}, {"origin": 1992568962, "destination": 1992568957, "distance": 6.977, "speed": 30}, {"origin": 1992568962, "destination": 1429086687, "distance": 74.138, "speed": 30}, {"origin": 1992568962, "destination": 1628459221, "distance": 39.715999999999994, "speed": 30}, {"origin": 2074561308, "destination": 1573048095, "distance": 9.103, "speed": 30}, {"origin": 2074561308, "destination": 499274675, "distance": 56.125, "speed": 40}, {"origin": 2221740256, "destination": 1835353351, "distance": 14.566, "speed": 30}, {"origin": 2221740256, "destination": 1835353386, "distance": 11.902999999999999, "speed": 30}, {"origin": 2686683436, "destination": 1531673357, "distance": 72.27399999999999, "speed": 30}, {"origin": 3720329433, "destination": 1529202109, "distance": 3.272, "speed": 30}, {"origin": 3720329437, "destination": 3720329440, "distance": 2.903, "speed": 30}, {"origin": 3720329440, "destination": 1526728362, "distance": 10.421, "speed": 30}, {"origin": 3720329440, "destination": 3721441045, "distance": 43.187000000000005, "speed": 30}, {"origin": 3721441045, "destination": 1529202090, "distance": 2.582, "speed": 30}, {"origin": 4575714122, "destination": 335607940, "distance": 3.288, "speed": 30}, {"origin": 4582722295, "destination": 1531659768, "distance": 60.081, "speed": 30}, {"origin": 4582722295, "destination": 335606022, "distance": 26.859, "speed": 30}, {"origin": 6296438171, "destination": 621983933, "distance": 120.57300000000001, "speed": 30}, {"origin": 6296438172, "destination": 1573048063, "distance": 33.7, "speed": 30}, {"origin": 6296438172, "destination": 6296438171, "distance": 15.753999999999998, "speed": 30}], "candidates": [[1628459225, 276], [1530722049, 534], [1984658040, 18093], [1529202095, 8564], [6296438172, 11859], [1528823325, 16374], [1736073029, 2334], [539831088, 6684], [1643327715, 6926], [672063710, 16737], [1736073036, 1338], [1528823328, 4793], [499274675, 9296], [1835353382, 5377], [621979238, 13764], [1736047802, 416], [1526108356, 19984], [1529201953, 11513], [1255547634, 10759], [1531673357, 12721], [1256004131, 19956], [1529623348, 10736], [335607938, 14400], [2221740256, 2436], [1529197029, 13823], [621979259, 9769], [6296438171, 9317], [3721441045, 3579], [1530201981, 3480], [335606022, 16778], [1255547637, 6906], [539837920, 16216], [1736073025, 18127], [1529202109, 14757], [1836678889, 12822], [672063300, 9364], [1835353370, 11132], [1528823220, 9522], [1256026630, 9325], [1526752640, 4114], [1255547649, 4941], [1255547628, 11580], [1589636200, 16456], [1628459236, 5023], [1529202111, 19825], [1529475206, 2855], [1530704881, 1045], [1529475073, 1932], [434014599, 6151], [1526728365, 7806], [1255547652, 2578], [1322977378, 3031], [332441491, 9620], [1529623346, 14226], [1530897531, 8609], [335607941, 6129], [1528823342, 3349], [1628459224, 10687], [1322977384, 8269], [335606025, 19930], [1322980462, 8001], [1255547644, 18492], [1528823384, 5320], [1628459221, 6419], [1528823380, 11775], [1836678893, 9652], [551594180, 3225], [1835353332, 417], [1528832266, 6479], [1562200768, 13321], [1529201976, 14111], [335607942, 17845], [335606017, 16103], [335607940, 15367], [335607943, 1131], [1255547623, 4548], [1983117780, 17200], [443511897, 5266], [1526752502, 15777], [539833849, 9958], [1526728364, 8563], [1562200802, 14948], [1788243287, 19910], [335607946, 4177], [672060821, 18925], [551594208, 11159], [621979267, 7154], [1526108352, 15385], [1529197036, 9042], [1835353337, 12282], [539831084, 19823], [434014588, 2814], [1255547642, 2287], [4575714122, 7853], [1628459226, 8964], [1529202023, 11017], [1635557952, 13247], [552477911, 19271], [1526728362, 14266], [1547034333, 18658], [1560699127, 10528], [1736073022, 5560], [1835353359, 3569], [1531659768, 4681], [1835353351, 19615], [1788243280, 12248], [333719887, 12910], [1572439161, 2062], [335606019, 9610], [1255547633, 9367], [1528823390, 12303], [1531673369, 5468], [1560699116, 12233], [1256026659, 13275], [1255547648, 17969], [1529475090, 11871], [1573048065, 19808], [1530704637, 18216], [1989898224, 4155], [551594146, 19544], [1529197043, 11899], [335607951, 15314], [1255547641, 15085], [1529776701, 3561], [1529197048, 4714], [3720329440, 1020], [1557279034, 17106], [1529475160, 15865], [1736047806, 1908], [1256026700, 9981], [1635557966, 5694], [551594177, 6239], [1635557962, 7315], [1526728406, 5985], [1255528486, 10369], [1573048063, 11035], [1530897562, 16622], [1529201982, 12645], [1529475094, 8644], [1984210179, 5270], [333720922, 4402], [2686683436, 9209], [1526728384, 1022], [1255499536, 16093], [1526705395, 137], [1528823330, 5236], [621979263, 7692], [1736073021, 10783], [1429086687, 16711], [1530897746, 13789], [1579347325, 18626], [1256026634, 18306], [1577713909, 12602], [551594220, 19155], [1529623313, 487], [1255547629, 5632], [1530705020, 5762], [621983933, 8513], [1531673360, 13916], [1529202090, 15252], [1528823288, 17465], [1322980464, 14046], [1266037410, 10307], [1529475081, 8358], [1528823351, 5480], [1528823253, 12119], [621979242, 3634]], "number_stations": 23}