{"address": "Calle Antonio Gotor, Albacete", "distance": 500, "intersections": [{"identifier": 333720921, "longitude": -1.8637137, "latitude": 38.9851337}, {"identifier": 335606017, "longitude": -1.8634788, "latitude": 38.984781}, {"identifier": 335606019, "longitude": -1.8633584, "latitude": 38.984847}, {"identifier": 335606022, "longitude": -1.8635578, "latitude": 38.9851762}, {"identifier": 335606024, "longitude": -1.8633086, "latitude": 38.9850342}, {"identifier": 335606025, "longitude": -1.8636368, "latitude": 38.9845719}, {"identifier": 335606026, "longitude": -1.8637006, "latitude": 38.9848112}, {"identifier": 344736237, "longitude": -1.8567481, "latitude": 38.9829978}, {"identifier": 344736241, "longitude": -1.8622679, "latitude": 38.9845941}, {"identifier": 434014584, "longitude": -1.8620555, "latitude": 38.9863228}, {"identifier": 434014588, "longitude": -1.8612681, "latitude": 38.9872094}, {"identifier": 442882008, "longitude": -1.8534845, "latitude": 38.9831464}, {"identifier": 442882013, "longitude": -1.8535724, "latitude": 38.9835953}, {"identifier": 442882015, "longitude": -1.8538173, "latitude": 38.9835789}, {"identifier": 442882019, "longitude": -1.853885, "latitude": 38.9831887}, {"identifier": 442882994, "longitude": -1.8533646, "latitude": 38.9833754}, {"identifier": 442882995, "longitude": -1.8533988, "latitude": 38.9834806}, {"identifier": 442882996, "longitude": -1.8539658, "latitude": 38.9833923}, {"identifier": 442882997, "longitude": -1.8539418, "latitude": 38.9832669}, {"identifier": 442896947, "longitude": -1.8540256, "latitude": 38.9868874}, {"identifier": 442897015, "longitude": -1.8541261, "latitude": 38.9866257}, {"identifier": 442897023, "longitude": -1.8542994, "latitude": 38.9866245}, {"identifier": 442909903, "longitude": -1.8541878, "latitude": 38.9869795}, {"identifier": 499274643, "longitude": -1.854444, "latitude": 38.9867201}, {"identifier": 499274652, "longitude": -1.8558712, "latitude": 38.9860613}, {"identifier": 499274675, "longitude": -1.8587288, "latitude": 38.9856477}, {"identifier": 539420443, "longitude": -1.8546975, "latitude": 38.9820721}, {"identifier": 539420445, "longitude": -1.8545015, "latitude": 38.9820159}, {"identifier": 539420447, "longitude": -1.8546674, "latitude": 38.9819293}, {"identifier": 539424015, "longitude": -1.8562782, "latitude": 38.9813729}, {"identifier": 539830996, "longitude": -1.8594144, "latitude": 38.9820417}, {"identifier": 539830999, "longitude": -1.8595759, "latitude": 38.9820326}, {"identifier": 539831082, "longitude": -1.8616566, "latitude": 38.9829118}, {"identifier": 539831084, "longitude": -1.8617587, "latitude": 38.9829999}, {"identifier": 539831085, "longitude": -1.8618476, "latitude": 38.9830003}, {"identifier": 539831088, "longitude": -1.8619646, "latitude": 38.9828825}, {"identifier": 539831093, "longitude": -1.8617135, "latitude": 38.9827919}, {"identifier": 539833067, "longitude": -1.8595396, "latitude": 38.9817714}, {"identifier": 539833069, "longitude": -1.8586283, "latitude": 38.9814592}, {"identifier": 539833070, "longitude": -1.8561283, "latitude": 38.9805878}, {"identifier": 539833849, "longitude": -1.8634425, "latitude": 38.9838978}, {"identifier": 539837920, "longitude": -1.8637191, "latitude": 38.9844121}, {"identifier": 621979238, "longitude": -1.8609242, "latitude": 38.9870965}, {"identifier": 621983933, "longitude": -1.858676, "latitude": 38.9876469}, {"identifier": 672063710, "longitude": -1.8628215, "latitude": 38.9880299}, {"identifier": 719109950, "longitude": -1.8592841, "latitude": 38.9845833}, {"identifier": 957150995, "longitude": -1.8548534, "latitude": 38.9856764}, {"identifier": 957151014, "longitude": -1.8557567, "latitude": 38.9855546}, {"identifier": 957161512, "longitude": -1.8530992, "latitude": 38.9852637}, {"identifier": 957166323, "longitude": -1.8526836, "latitude": 38.9835781}, {"identifier": 1256026630, "longitude": -1.8611088, "latitude": 38.9841891}, {"identifier": 1256026663, "longitude": -1.8592362, "latitude": 38.9878173}, {"identifier": 1256026700, "longitude": -1.8597916, "latitude": 38.9867277}, {"identifier": 1266037405, "longitude": -1.8539349, "latitude": 38.9846888}, {"identifier": 1266037410, "longitude": -1.8614381, "latitude": 38.9861393}, {"identifier": 1266037411, "longitude": -1.8537972, "latitude": 38.984706}, {"identifier": 1266037412, "longitude": -1.8551914, "latitude": 38.9832035}, {"identifier": 1266037414, "longitude": -1.8550036, "latitude": 38.9864467}, {"identifier": 1266037418, "longitude": -1.8553341, "latitude": 38.9838203}, {"identifier": 1266037419, "longitude": -1.854634, "latitude": 38.9845965}, {"identifier": 1266037421, "longitude": -1.8555187, "latitude": 38.9845377}, {"identifier": 1322977377, "longitude": -1.8632084, "latitude": 38.9869236}, {"identifier": 1322977385, "longitude": -1.86243, "latitude": 38.9878206}, {"identifier": 1526193113, "longitude": -1.8528627, "latitude": 38.9843108}, {"identifier": 1526705351, "longitude": -1.8525465, "latitude": 38.9873606}, {"identifier": 1526705372, "longitude": -1.8607034, "latitude": 38.984987}, {"identifier": 1526705382, "longitude": -1.8627854, "latitude": 38.9855792}, {"identifier": 1526705395, "longitude": -1.8618775, "latitude": 38.9853212}, {"identifier": 1526728304, "longitude": -1.8567272, "latitude": 38.9843657}, {"identifier": 1526728308, "longitude": -1.8561998, "latitude": 38.9849544}, {"identifier": 1526728327, "longitude": -1.8525172, "latitude": 38.9873341}, {"identifier": 1526728335, "longitude": -1.8593195, "latitude": 38.9842069}, {"identifier": 1526728361, "longitude": -1.8559256, "latitude": 38.9837355}, {"identifier": 1526728362, "longitude": -1.8588887, "latitude": 38.9835825}, {"identifier": 1526728364, "longitude": -1.858781, "latitude": 38.9841826}, {"identifier": 1526728365, "longitude": -1.8594259, "latitude": 38.9855412}, {"identifier": 1526728367, "longitude": -1.8568717, "latitude": 38.9836194}, {"identifier": 1526728370, "longitude": -1.8579043, "latitude": 38.9842857}, {"identifier": 1526728376, "longitude": -1.8569202, "latitude": 38.9853306}, {"identifier": 1526728377, "longitude": -1.8568231, "latitude": 38.984862}, {"identifier": 1526728384, "longitude": -1.8591941, "latitude": 38.9855583}, {"identifier": 1526728391, "longitude": -1.8545007, "latitude": 38.9839405}, {"identifier": 1526728400, "longitude": -1.8560956, "latitude": 38.984459}, {"identifier": 1526728406, "longitude": -1.8598272, "latitude": 38.9847378}, {"identifier": 1526728410, "longitude": -1.8570301, "latitude": 38.9843327}, {"identifier": 1528823322, "longitude": -1.8617362, "latitude": 38.9855843}, {"identifier": 1528823325, "longitude": -1.8626463, "latitude": 38.9866307}, {"identifier": 1528823380, "longitude": -1.8602868, "latitude": 38.9857971}, {"identifier": 1528823390, "longitude": -1.8600657, "latitude": 38.9862239}, {"identifier": 1528832261, "longitude": -1.8634908, "latitude": 38.9865749}, {"identifier": 1528832266, "longitude": -1.8629182, "latitude": 38.9862896}, {"identifier": 1529201953, "longitude": -1.8594571, "latitude": 38.9834229}, {"identifier": 1529201976, "longitude": -1.8633036, "latitude": 38.9858209}, {"identifier": 1529201982, "longitude": -1.8587382, "latitude": 38.9846029}, {"identifier": 1529202023, "longitude": -1.8623479, "latitude": 38.9860197}, {"identifier": 1529202049, "longitude": -1.8580298, "latitude": 38.9831162}, {"identifier": 1529202053, "longitude": -1.8602629, "latitude": 38.9839006}, {"identifier": 1529202076, "longitude": -1.8543736, "latitude": 38.9833155}, {"identifier": 1529202087, "longitude": -1.8588772, "latitude": 38.9834385}, {"identifier": 1529202090, "longitude": -1.8593654, "latitude": 38.9836571}, {"identifier": 1529202109, "longitude": -1.859135, "latitude": 38.983309}, {"identifier": 1529202111, "longitude": -1.8594742, "latitude": 38.9834835}, {"identifier": 1529475083, "longitude": -1.8630828, "latitude": 38.983071}, {"identifier": 1529475090, "longitude": -1.86345, "latitude": 38.9841475}, {"identifier": 1529475093, "longitude": -1.8624129, "latitude": 38.9843297}, {"identifier": 1529475094, "longitude": -1.862846, "latitude": 38.9835139}, {"identifier": 1529475098, "longitude": -1.8623464, "latitude": 38.9818505}, {"identifier": 1529475099, "longitude": -1.8628519, "latitude": 38.9809153}, {"identifier": 1529475130, "longitude": -1.8636914, "latitude": 38.9810916}, {"identifier": 1529475160, "longitude": -1.8594405, "latitude": 38.982818}, {"identifier": 1529475169, "longitude": -1.8585551, "latitude": 38.9827701}, {"identifier": 1529475193, "longitude": -1.8598578, "latitude": 38.9834924}, {"identifier": 1529475206, "longitude": -1.8603794, "latitude": 38.9836548}, {"identifier": 1529475275, "longitude": -1.8599015, "latitude": 38.981055}, {"identifier": 1529475285, "longitude": -1.8602031, "latitude": 38.9804615}, {"identifier": 1529475300, "longitude": -1.8612331, "latitude": 38.9815993}, {"identifier": 1529475301, "longitude": -1.8616078, "latitude": 38.9809184}, {"identifier": 1529475302, "longitude": -1.8619232, "latitude": 38.9803323}, {"identifier": 1529475338, "longitude": -1.8617069, "latitude": 38.9798211}, {"identifier": 1529475376, "longitude": -1.8554614, "latitude": 38.9814896}, {"identifier": 1529475378, "longitude": -1.855172, "latitude": 38.9803519}, {"identifier": 1529475399, "longitude": -1.854404, "latitude": 38.9800871}, {"identifier": 1529475445, "longitude": -1.8523678, "latitude": 38.9822618}, {"identifier": 1529475457, "longitude": -1.8527511, "latitude": 38.9792665}, {"identifier": 1529623269, "longitude": -1.8556324, "latitude": 38.985009}, {"identifier": 1529623293, "longitude": -1.8600519, "latitude": 38.9843046}, {"identifier": 1529623303, "longitude": -1.8576379, "latitude": 38.9847527}, {"identifier": 1529623313, "longitude": -1.858717, "latitude": 38.9848253}, {"identifier": 1529623346, "longitude": -1.8609051, "latitude": 38.9845849}, {"identifier": 1529623352, "longitude": -1.8579657, "latitude": 38.9837062}, {"identifier": 1529669447, "longitude": -1.8550767, "latitude": 38.9799901}, {"identifier": 1529669448, "longitude": -1.8549828, "latitude": 38.9796196}, {"identifier": 1529669454, "longitude": -1.8543067, "latitude": 38.9797257}, {"identifier": 1529669475, "longitude": -1.8524835, "latitude": 38.9827313}, {"identifier": 1529776636, "longitude": -1.8594646, "latitude": 38.9821352}, {"identifier": 1529776701, "longitude": -1.8594338, "latitude": 38.9830019}, {"identifier": 1529776720, "longitude": -1.859555, "latitude": 38.9821245}, {"identifier": 1529776725, "longitude": -1.8539945, "latitude": 38.9858046}, {"identifier": 1529776769, "longitude": -1.8595063, "latitude": 38.9819988}, {"identifier": 1530704601, "longitude": -1.8605154, "latitude": 38.9798814}, {"identifier": 1530704632, "longitude": -1.8618824, "latitude": 38.9827728}, {"identifier": 1530704651, "longitude": -1.8611099, "latitude": 38.9815829}, {"identifier": 1530704673, "longitude": -1.8627166, "latitude": 38.9806232}, {"identifier": 1530704777, "longitude": -1.8614515, "latitude": 38.9808791}, {"identifier": 1530704878, "longitude": -1.8607248, "latitude": 38.9794898}, {"identifier": 1530722043, "longitude": -1.861764, "latitude": 38.9802864}, {"identifier": 1530722049, "longitude": -1.8608835, "latitude": 38.9826388}, {"identifier": 1530722125, "longitude": -1.860235, "latitude": 38.9824095}, {"identifier": 1530722175, "longitude": -1.8612932, "latitude": 38.9815043}, {"identifier": 1530913407, "longitude": -1.8556795, "latitude": 38.9822995}, {"identifier": 1531646277, "longitude": -1.8523921, "latitude": 38.9868316}, {"identifier": 1531659768, "longitude": -1.862891, "latitude": 38.9854731}, {"identifier": 1540598147, "longitude": -1.8591759, "latitude": 38.9859523}, {"identifier": 1558314548, "longitude": -1.8530048, "latitude": 38.984826}, {"identifier": 1560166290, "longitude": -1.8575804, "latitude": 38.9842935}, {"identifier": 1567062087, "longitude": -1.8539915, "latitude": 38.9861781}, {"identifier": 1567062089, "longitude": -1.8533479, "latitude": 38.9862659}, {"identifier": 1568067925, "longitude": -1.8587439, "latitude": 38.9845527}, {"identifier": 1573048063, "longitude": -1.8590937, "latitude": 38.9861988}, {"identifier": 1573048065, "longitude": -1.8588704, "latitude": 38.9858153}, {"identifier": 1573048095, "longitude": -1.8591671, "latitude": 38.98602}, {"identifier": 1577308277, "longitude": -1.862661, "latitude": 38.9812709}, {"identifier": 1577713909, "longitude": -1.8617854, "latitude": 38.9827683}, {"identifier": 1578691610, "longitude": -1.8529115, "latitude": 38.9793626}, {"identifier": 1626551557, "longitude": -1.8541464, "latitude": 38.9859217}, {"identifier": 1628459224, "longitude": -1.8635742, "latitude": 38.9871142}, {"identifier": 1628459226, "longitude": -1.8618934, "latitude": 38.9875389}, {"identifier": 1736129366, "longitude": -1.8611499, "latitude": 38.9814625}, {"identifier": 1835328213, "longitude": -1.8535155, "latitude": 38.9870442}, {"identifier": 1835328231, "longitude": -1.8528528, "latitude": 38.9881304}, {"identifier": 1835353352, "longitude": -1.8582004, "latitude": 38.9816379}, {"identifier": 1835353360, "longitude": -1.8579178, "latitude": 38.9816791}, {"identifier": 1835353367, "longitude": -1.8635809, "latitude": 38.9836895}, {"identifier": 1835353368, "longitude": -1.853541, "latitude": 38.9821183}, {"identifier": 1835353370, "longitude": -1.8629173, "latitude": 38.9833821}, {"identifier": 1835353387, "longitude": -1.8579126, "latitude": 38.9815134}, {"identifier": 1835700530, "longitude": -1.8532647, "latitude": 38.9859046}, {"identifier": 1835700539, "longitude": -1.8522386, "latitude": 38.9860492}, {"identifier": 1835712027, "longitude": -1.8533768, "latitude": 38.9822149}, {"identifier": 1835712029, "longitude": -1.8533527, "latitude": 38.9821072}, {"identifier": 1835712031, "longitude": -1.852285, "latitude": 38.9821682}, {"identifier": 1835712044, "longitude": -1.8534435, "latitude": 38.9826066}, {"identifier": 1836678889, "longitude": -1.8633843, "latitude": 38.9837839}, {"identifier": 1836678895, "longitude": -1.8637261, "latitude": 38.9843993}, {"identifier": 1897720516, "longitude": -1.8541275, "latitude": 38.9857867}, {"identifier": 1958896976, "longitude": -1.8625746, "latitude": 38.9840252}, {"identifier": 1983117780, "longitude": -1.8604087, "latitude": 38.9881984}, {"identifier": 1989898224, "longitude": -1.8611642, "latitude": 38.9841048}, {"identifier": 2028804152, "longitude": -1.8533182, "latitude": 38.9808637}, {"identifier": 2028804161, "longitude": -1.8530802, "latitude": 38.9793604}, {"identifier": 2028804164, "longitude": -1.8529737, "latitude": 38.9797706}, {"identifier": 2028804167, "longitude": -1.8531459, "latitude": 38.9797541}, {"identifier": 2028804172, "longitude": -1.8531526, "latitude": 38.9808827}, {"identifier": 2074561308, "longitude": -1.8590875, "latitude": 38.9860645}, {"identifier": 2537613526, "longitude": -1.8536619, "latitude": 38.9828417}, {"identifier": 2537613528, "longitude": -1.8534836, "latitude": 38.9828607}, {"identifier": 2887799873, "longitude": -1.8542755, "latitude": 38.9796118}, {"identifier": 3073519854, "longitude": -1.857596, "latitude": 38.9853895}, {"identifier": 3720329433, "longitude": -1.8591715, "latitude": 38.9833012}, {"identifier": 3720329437, "longitude": -1.8589668, "latitude": 38.9834854}, {"identifier": 3720329440, "longitude": -1.8589674, "latitude": 38.9835115}, {"identifier": 3721441045, "longitude": -1.8593399, "latitude": 38.9836692}, {"identifier": 4575714131, "longitude": -1.8596108, "latitude": 38.9820446}, {"identifier": 4576814617, "longitude": -1.8557989, "latitude": 38.9831251}, {"identifier": 4582722295, "longitude": -1.8633166, "latitude": 38.9850467}, {"identifier": 6122163730, "longitude": -1.8543811, "latitude": 38.9869379}, {"identifier": 6122163731, "longitude": -1.8544408, "latitude": 38.9872424}, {"identifier": 6296438171, "longitude": -1.8589676, "latitude": 38.9865973}, {"identifier": 6296438172, "longitude": -1.8590788, "latitude": 38.9864989}], "segments": [{"origin": 335606017, "destination": 335606019, "distance": 12.806000000000001, "speed": 30}, {"origin": 335606019, "destination": 335606024, "distance": 22.020000000000003, "speed": 30}, {"origin": 335606019, "destination": 1989898224, "distance": 207.197, "speed": 40}, {"origin": 335606022, "destination": 333720921, "distance": 14.472000000000001, "speed": 30}, {"origin": 335606024, "destination": 4582722295, "distance": 1.552, "speed": 30}, {"origin": 335606025, "destination": 539837920, "distance": 19.14, "speed": 30}, {"origin": 335606025, "destination": 335606017, "distance": 26.965000000000003, "speed": 30}, {"origin": 335606026, "destination": 335606025, "distance": 27.174999999999997, "speed": 30}, {"origin": 335606026, "destination": 335606017, "distance": 19.904, "speed": 30}, {"origin": 344736237, "destination": 1529202049, "distance": 113.107, "speed": 40}, {"origin": 344736237, "destination": 1526728367, "distance": 69.94000000000001, "speed": 30}, {"origin": 344736241, "destination": 1526705395, "distance": 87.609, "speed": 30}, {"origin": 344736241, "destination": 335606024, "distance": 103.57400000000001, "speed": 40}, {"origin": 434014584, "destination": 1529202023, "distance": 42.126, "speed": 30}, {"origin": 434014584, "destination": 434014588, "distance": 119.796, "speed": 30}, {"origin": 434014584, "destination": 1528823325, "distance": 61.479, "speed": 30}, {"origin": 434014588, "destination": 434014584, "distance": 119.79599999999999, "speed": 30}, {"origin": 434014588, "destination": 621979238, "distance": 32.265, "speed": 40}, {"origin": 442882008, "destination": 442882994, "distance": 28.676000000000002, "speed": 30}, {"origin": 442882013, "destination": 1266037411, "distance": 125.413, "speed": 30}, {"origin": 442882013, "destination": 442882015, "distance": 21.936999999999998, "speed": 30}, {"origin": 442882015, "destination": 442882996, "distance": 24.726, "speed": 30}, {"origin": 442882019, "destination": 2537613526, "distance": 45.066, "speed": 30}, {"origin": 442882019, "destination": 442882008, "distance": 38.104, "speed": 30}, {"origin": 442882994, "destination": 442882995, "distance": 12.065, "speed": 30}, {"origin": 442882995, "destination": 442882996, "distance": 49.983, "speed": 30}, {"origin": 442882995, "destination": 442882013, "distance": 19.783, "speed": 30}, {"origin": 442882996, "destination": 442882997, "distance": 14.097, "speed": 30}, {"origin": 442882996, "destination": 1529202076, "distance": 36.485, "speed": 40}, {"origin": 442882997, "destination": 442882019, "distance": 9.986, "speed": 30}, {"origin": 442882997, "destination": 442882994, "distance": 51.328, "speed": 30}, {"origin": 442896947, "destination": 442909903, "distance": 17.858, "speed": 30}, {"origin": 442897015, "destination": 442896947, "distance": 33.202, "speed": 30}, {"origin": 442897023, "destination": 1626551557, "distance": 80.233, "speed": 30}, {"origin": 442897023, "destination": 442897015, "distance": 15.081, "speed": 30}, {"origin": 442909903, "destination": 6122163731, "distance": 36.561, "speed": 30}, {"origin": 442909903, "destination": 6122163730, "distance": 17.956, "speed": 30}, {"origin": 499274643, "destination": 1266037414, "distance": 57.128, "speed": 30}, {"origin": 499274643, "destination": 442897023, "distance": 16.753999999999998, "speed": 30}, {"origin": 499274652, "destination": 499274675, "distance": 266.348, "speed": 30}, {"origin": 499274652, "destination": 1266037414, "distance": 86.37, "speed": 30}, {"origin": 499274652, "destination": 957151014, "distance": 57.205, "speed": 30}, {"origin": 499274675, "destination": 1573048065, "distance": 22.296, "speed": 30}, {"origin": 499274675, "destination": 499274652, "distance": 266.348, "speed": 30}, {"origin": 539420443, "destination": 1530913407, "distance": 99.16300000000001, "speed": 30}, {"origin": 539420445, "destination": 1835353368, "distance": 83.80399999999999, "speed": 30}, {"origin": 539420445, "destination": 539420443, "distance": 18.059, "speed": 30}, {"origin": 539420447, "destination": 539420443, "distance": 16.096, "speed": 30}, {"origin": 539420447, "destination": 539420445, "distance": 17.273, "speed": 30}, {"origin": 539424015, "destination": 1529475376, "distance": 71.785, "speed": 30}, {"origin": 539424015, "destination": 539833070, "distance": 88.262, "speed": 30}, {"origin": 539830996, "destination": 1529776636, "distance": 12.473, "speed": 30}, {"origin": 539830996, "destination": 1835353352, "distance": 114.138, "speed": 30}, {"origin": 539830999, "destination": 1529776769, "distance": 7.324, "speed": 30}, {"origin": 539831082, "destination": 539831084, "distance": 13.452, "speed": 30}, {"origin": 539831084, "destination": 539831085, "distance": 7.684, "speed": 30}, {"origin": 539831084, "destination": 1989898224, "distance": 133.192, "speed": 30}, {"origin": 539831085, "destination": 539831088, "distance": 17.713, "speed": 30}, {"origin": 539831085, "destination": 1529475094, "distance": 103.549, "speed": 30}, {"origin": 539831088, "destination": 1530704632, "distance": 14.536999999999999, "speed": 30}, {"origin": 539831093, "destination": 539831082, "distance": 14.663, "speed": 30}, {"origin": 539831093, "destination": 4575714131, "distance": 199.844, "speed": 30}, {"origin": 539833067, "destination": 1529475275, "distance": 85.583, "speed": 30}, {"origin": 539833067, "destination": 1529776769, "distance": 25.518, "speed": 30}, {"origin": 539833067, "destination": 539833069, "distance": 86.081, "speed": 30}, {"origin": 539833069, "destination": 539833070, "distance": 236.82399999999998, "speed": 30}, {"origin": 539833069, "destination": 539833067, "distance": 86.081, "speed": 30}, {"origin": 539833070, "destination": 539424015, "distance": 88.262, "speed": 30}, {"origin": 539833070, "destination": 539833069, "distance": 236.82399999999998, "speed": 30}, {"origin": 539833849, "destination": 1529475090, "distance": 28.158, "speed": 30}, {"origin": 539837920, "destination": 335606025, "distance": 19.14, "speed": 30}, {"origin": 539837920, "destination": 1836678895, "distance": 1.547, "speed": 30}, {"origin": 621979238, "destination": 1266037410, "distance": 115.339, "speed": 30}, {"origin": 621979238, "destination": 1256026700, "distance": 106.13399999999999, "speed": 30}, {"origin": 621983933, "destination": 1256026663, "distance": 51.993, "speed": 30}, {"origin": 672063710, "destination": 1322977385, "distance": 41.068, "speed": 30}, {"origin": 719109950, "destination": 1526728335, "distance": 41.966, "speed": 30}, {"origin": 719109950, "destination": 1568067925, "distance": 46.819, "speed": 30}, {"origin": 719109950, "destination": 1526728406, "distance": 49.987, "speed": 30}, {"origin": 957150995, "destination": 1266037414, "distance": 86.637, "speed": 30}, {"origin": 957150995, "destination": 957151014, "distance": 79.241, "speed": 30}, {"origin": 957151014, "destination": 1529623269, "distance": 61.612, "speed": 30}, {"origin": 957151014, "destination": 1526728308, "distance": 103.94000000000001, "speed": 30}, {"origin": 957161512, "destination": 1558314548, "distance": 49.349000000000004, "speed": 30}, {"origin": 957166323, "destination": 442882995, "distance": 62.76199999999999, "speed": 40}, {"origin": 1256026630, "destination": 344736241, "distance": 109.842, "speed": 40}, {"origin": 1256026663, "destination": 1256026700, "distance": 130.322, "speed": 30}, {"origin": 1256026663, "destination": 1983117780, "distance": 109.852, "speed": 30}, {"origin": 1256026700, "destination": 6296438172, "distance": 66.726, "speed": 30}, {"origin": 1256026700, "destination": 1528823390, "distance": 60.824, "speed": 30}, {"origin": 1266037405, "destination": 442882015, "distance": 124.576, "speed": 30}, {"origin": 1266037405, "destination": 1266037419, "distance": 61.295, "speed": 30}, {"origin": 1266037410, "destination": 1528823322, "distance": 66.876, "speed": 30}, {"origin": 1266037410, "destination": 621979238, "distance": 115.339, "speed": 30}, {"origin": 1266037410, "destination": 434014584, "distance": 57.131, "speed": 30}, {"origin": 1266037411, "destination": 1529776725, "distance": 123.34299999999999, "speed": 30}, {"origin": 1266037412, "destination": 4576814617, "distance": 53.228, "speed": 40}, {"origin": 1266037414, "destination": 499274652, "distance": 86.37, "speed": 30}, {"origin": 1266037414, "destination": 499274643, "distance": 57.128, "speed": 30}, {"origin": 1266037418, "destination": 1526728391, "distance": 73.264, "speed": 30}, {"origin": 1266037418, "destination": 1266037412, "distance": 69.685, "speed": 30}, {"origin": 1266037419, "destination": 957150995, "distance": 121.568, "speed": 30}, {"origin": 1266037421, "destination": 1266037418, "distance": 81.35300000000001, "speed": 30}, {"origin": 1322977377, "destination": 1528832261, "distance": 45.817, "speed": 30}, {"origin": 1322977377, "destination": 1628459224, "distance": 38.063, "speed": 30}, {"origin": 1322977385, "destination": 1628459226, "distance": 55.965, "speed": 30}, {"origin": 1322977385, "destination": 1322977377, "distance": 120.31099999999999, "speed": 30}, {"origin": 1526193113, "destination": 957166323, "distance": 82.92999999999999, "speed": 30}, {"origin": 1526705351, "destination": 1835328231, "distance": 89.598, "speed": 30}, {"origin": 1526705351, "destination": 1835328213, "distance": 90.857, "speed": 30}, {"origin": 1526705372, "destination": 1529623346, "distance": 47.99, "speed": 30}, {"origin": 1526705372, "destination": 1526728406, "distance": 80.643, "speed": 30}, {"origin": 1526705372, "destination": 1526705395, "distance": 108.071, "speed": 30}, {"origin": 1526705382, "destination": 1531659768, "distance": 14.916, "speed": 30}, {"origin": 1526705382, "destination": 1529202023, "distance": 61.879999999999995, "speed": 30}, {"origin": 1526705382, "destination": 1529201976, "distance": 52.518, "speed": 30}, {"origin": 1526705382, "destination": 1526705395, "distance": 83.552, "speed": 30}, {"origin": 1526705395, "destination": 1528823322, "distance": 31.702, "speed": 30}, {"origin": 1526705395, "destination": 344736241, "distance": 87.609, "speed": 30}, {"origin": 1526705395, "destination": 1526705382, "distance": 83.552, "speed": 30}, {"origin": 1526705395, "destination": 1526705372, "distance": 108.071, "speed": 30}, {"origin": 1526728304, "destination": 1526728377, "distance": 55.805, "speed": 30}, {"origin": 1526728304, "destination": 1526728400, "distance": 55.568, "speed": 30}, {"origin": 1526728308, "destination": 1526728400, "distance": 55.818, "speed": 30}, {"origin": 1526728308, "destination": 1526728377, "distance": 54.845000000000006, "speed": 30}, {"origin": 1526728327, "destination": 1526705351, "distance": 3.885, "speed": 30}, {"origin": 1526728335, "destination": 1526728364, "distance": 46.623, "speed": 20}, {"origin": 1526728335, "destination": 3721441045, "distance": 59.84400000000001, "speed": 30}, {"origin": 1526728361, "destination": 1266037418, "distance": 51.988, "speed": 30}, {"origin": 1526728361, "destination": 4576814617, "distance": 68.75099999999999, "speed": 30}, {"origin": 1526728362, "destination": 1526728364, "distance": 67.548, "speed": 30}, {"origin": 1526728364, "destination": 1568067925, "distance": 41.278, "speed": 30}, {"origin": 1526728365, "destination": 1526728384, "distance": 20.125, "speed": 30}, {"origin": 1526728365, "destination": 1526728406, "distance": 95.831, "speed": 30}, {"origin": 1526728365, "destination": 1528823380, "distance": 79.66400000000002, "speed": 30}, {"origin": 1526728367, "destination": 1526728361, "distance": 82.78899999999999, "speed": 30}, {"origin": 1526728367, "destination": 1526728410, "distance": 80.489, "speed": 30}, {"origin": 1526728370, "destination": 1529623352, "distance": 64.656, "speed": 30}, {"origin": 1526728370, "destination": 1560166290, "distance": 28.072000000000003, "speed": 30}, {"origin": 1526728376, "destination": 1526728377, "distance": 52.778, "speed": 30}, {"origin": 1526728377, "destination": 1526728304, "distance": 55.805, "speed": 30}, {"origin": 1526728377, "destination": 1526728376, "distance": 52.778, "speed": 30}, {"origin": 1526728377, "destination": 1529623303, "distance": 71.467, "speed": 30}, {"origin": 1526728384, "destination": 1526728365, "distance": 20.125, "speed": 30}, {"origin": 1526728384, "destination": 719109950, "distance": 108.695, "speed": 30}, {"origin": 1526728391, "destination": 1266037419, "distance": 73.84800000000001, "speed": 30}, {"origin": 1526728400, "destination": 1526728361, "distance": 81.78, "speed": 30}, {"origin": 1526728400, "destination": 1266037421, "distance": 50.626, "speed": 30}, {"origin": 1526728406, "destination": 1526728365, "distance": 95.831, "speed": 30}, {"origin": 1526728406, "destination": 1529623293, "distance": 51.938, "speed": 30}, {"origin": 1526728406, "destination": 1526705372, "distance": 80.643, "speed": 30}, {"origin": 1526728406, "destination": 719109950, "distance": 49.987, "speed": 30}, {"origin": 1526728410, "destination": 1526728304, "distance": 26.437, "speed": 30}, {"origin": 1528823322, "destination": 1526705395, "distance": 31.702, "speed": 30}, {"origin": 1528823322, "destination": 1266037410, "distance": 66.876, "speed": 30}, {"origin": 1528823322, "destination": 1529202023, "distance": 71.689, "speed": 20}, {"origin": 1528823325, "destination": 1628459226, "distance": 120.138, "speed": 30}, {"origin": 1528823325, "destination": 1322977377, "distance": 58.489999999999995, "speed": 30}, {"origin": 1528823380, "destination": 1266037410, "distance": 106.535, "speed": 30}, {"origin": 1528823380, "destination": 1526705372, "distance": 97.009, "speed": 30}, {"origin": 1528823390, "destination": 1540598147, "distance": 82.627, "speed": 30}, {"origin": 1528823390, "destination": 1528823380, "distance": 51.162, "speed": 30}, {"origin": 1528832261, "destination": 1528832266, "distance": 58.785999999999994, "speed": 30}, {"origin": 1528832266, "destination": 1528823325, "distance": 44.619, "speed": 30}, {"origin": 1529201953, "destination": 1529776701, "distance": 46.855999999999995, "speed": 30}, {"origin": 1529201953, "destination": 3720329433, "distance": 30.407, "speed": 30}, {"origin": 1529201976, "destination": 1528832266, "distance": 61.853, "speed": 30}, {"origin": 1529201976, "destination": 1526705382, "distance": 52.518, "speed": 30}, {"origin": 1529201982, "destination": 1526728370, "distance": 94.534, "speed": 30}, {"origin": 1529201982, "destination": 1529623313, "distance": 24.796999999999997, "speed": 30}, {"origin": 1529202023, "destination": 1528823322, "distance": 71.689, "speed": 20}, {"origin": 1529202023, "destination": 434014584, "distance": 42.126, "speed": 30}, {"origin": 1529202023, "destination": 1526705382, "distance": 61.879999999999995, "speed": 30}, {"origin": 1529202049, "destination": 1529202087, "distance": 81.77199999999999, "speed": 40}, {"origin": 1529202049, "destination": 1529623352, "distance": 65.839, "speed": 30}, {"origin": 1529202053, "destination": 1256026630, "distance": 79.843, "speed": 40}, {"origin": 1529202053, "destination": 1529623293, "distance": 48.484, "speed": 30}, {"origin": 1529202076, "destination": 1266037412, "distance": 71.775, "speed": 40}, {"origin": 1529202076, "destination": 1526728391, "distance": 70.36, "speed": 30}, {"origin": 1529202087, "destination": 3720329437, "distance": 9.337, "speed": 40}, {"origin": 1529202087, "destination": 1526728362, "distance": 16.185, "speed": 30}, {"origin": 1529202090, "destination": 1529202053, "distance": 83.161, "speed": 40}, {"origin": 1529202090, "destination": 1529202111, "distance": 22.328, "speed": 30}, {"origin": 1529202109, "destination": 3720329437, "distance": 25.724999999999998, "speed": 30}, {"origin": 1529202109, "destination": 442882997, "distance": 462.45, "speed": 40}, {"origin": 1529202111, "destination": 1529201953, "distance": 6.899, "speed": 30}, {"origin": 1529475083, "destination": 1529475099, "distance": 244.32999999999998, "speed": 30}, {"origin": 1529475083, "destination": 1835353370, "distance": 37.434, "speed": 30}, {"origin": 1529475090, "destination": 1958896976, "distance": 81.755, "speed": 30}, {"origin": 1529475090, "destination": 1836678895, "distance": 37.519000000000005, "speed": 30}, {"origin": 1529475093, "destination": 1958896976, "distance": 36.63, "speed": 30}, {"origin": 1529475094, "destination": 1958896976, "distance": 61.503, "speed": 30}, {"origin": 1529475094, "destination": 1836678889, "distance": 55.373, "speed": 30}, {"origin": 1529475098, "destination": 1530722175, "distance": 98.84, "speed": 30}, {"origin": 1529475098, "destination": 1530704632, "distance": 110.14099999999999, "speed": 30}, {"origin": 1529475099, "destination": 1577308277, "distance": 42.846, "speed": 30}, {"origin": 1529475099, "destination": 1530704673, "distance": 34.915, "speed": 30}, {"origin": 1529475160, "destination": 1529475169, "distance": 76.715, "speed": 20}, {"origin": 1529475160, "destination": 1529776701, "distance": 20.457, "speed": 30}, {"origin": 1529475160, "destination": 1529776636, "distance": 75.952, "speed": 30}, {"origin": 1529475169, "destination": 1529475160, "distance": 76.715, "speed": 20}, {"origin": 1529475193, "destination": 1530722125, "distance": 124.749, "speed": 30}, {"origin": 1529475206, "destination": 1530722049, "distance": 121.088, "speed": 30}, {"origin": 1529475275, "destination": 1529475285, "distance": 70.957, "speed": 30}, {"origin": 1529475275, "destination": 1736129366, "distance": 117.036, "speed": 30}, {"origin": 1529475275, "destination": 539833067, "distance": 85.583, "speed": 30}, {"origin": 1529475285, "destination": 1530704601, "distance": 69.925, "speed": 30}, {"origin": 1529475285, "destination": 1529475275, "distance": 70.957, "speed": 30}, {"origin": 1529475285, "destination": 1530704777, "distance": 117.476, "speed": 30}, {"origin": 1529475300, "destination": 1530722175, "distance": 11.772, "speed": 30}, {"origin": 1529475301, "destination": 1577308277, "distance": 99.116, "speed": 30}, {"origin": 1529475301, "destination": 1529475302, "distance": 70.644, "speed": 30}, {"origin": 1529475302, "destination": 1530722043, "distance": 37.757, "speed": 30}, {"origin": 1529475302, "destination": 1530704673, "distance": 76.209, "speed": 30}, {"origin": 1529475338, "destination": 1530704878, "distance": 92.54100000000001, "speed": 30}, {"origin": 1529475376, "destination": 1529475378, "distance": 128.95499999999998, "speed": 30}, {"origin": 1529475376, "destination": 539420447, "distance": 91.45700000000001, "speed": 30}, {"origin": 1529475378, "destination": 1529669447, "distance": 41.065, "speed": 30}, {"origin": 1529475378, "destination": 1529475376, "distance": 128.955, "speed": 30}, {"origin": 1529475399, "destination": 1529669447, "distance": 59.14, "speed": 30}, {"origin": 1529475399, "destination": 1529475378, "distance": 98.14099999999999, "speed": 30}, {"origin": 1529475445, "destination": 1835712031, "distance": 12.631, "speed": 30}, {"origin": 1529475445, "destination": 1529669475, "distance": 53.156, "speed": 30}, {"origin": 1529475445, "destination": 1835712027, "distance": 87.37, "speed": 30}, {"origin": 1529475457, "destination": 1578691610, "distance": 17.505000000000003, "speed": 30}, {"origin": 1529623269, "destination": 1266037421, "distance": 53.323, "speed": 30}, {"origin": 1529623269, "destination": 1526728308, "distance": 49.74099999999999, "speed": 30}, {"origin": 1529623293, "destination": 1529623346, "distance": 80.061, "speed": 20}, {"origin": 1529623293, "destination": 1526728406, "distance": 51.938, "speed": 30}, {"origin": 1529623293, "destination": 1529202053, "distance": 48.484, "speed": 30}, {"origin": 1529623303, "destination": 3073519854, "distance": 70.90100000000001, "speed": 30}, {"origin": 1529623303, "destination": 1529623313, "distance": 93.61999999999999, "speed": 30}, {"origin": 1529623303, "destination": 1560166290, "distance": 51.45399999999999, "speed": 30}, {"origin": 1529623313, "destination": 499274675, "distance": 93.977, "speed": 30}, {"origin": 1529623346, "destination": 1529623293, "distance": 80.061, "speed": 20}, {"origin": 1529623346, "destination": 1256026630, "distance": 47.401999999999994, "speed": 30}, {"origin": 1529623352, "destination": 1526728367, "distance": 95.53399999999999, "speed": 30}, {"origin": 1529623352, "destination": 1526728370, "distance": 64.656, "speed": 30}, {"origin": 1529623352, "destination": 1529202049, "distance": 65.839, "speed": 30}, {"origin": 1529669447, "destination": 1529669448, "distance": 41.99, "speed": 30}, {"origin": 1529669447, "destination": 1529475378, "distance": 41.065, "speed": 30}, {"origin": 1529669448, "destination": 1529669454, "distance": 59.620999999999995, "speed": 30}, {"origin": 1529669448, "destination": 1529669447, "distance": 41.99, "speed": 30}, {"origin": 1529669454, "destination": 1529475399, "distance": 41.057, "speed": 30}, {"origin": 1529669475, "destination": 1529475445, "distance": 53.156, "speed": 30}, {"origin": 1529669475, "destination": 1835712044, "distance": 84.155, "speed": 30}, {"origin": 1529776636, "destination": 1529776720, "distance": 8.138, "speed": 30}, {"origin": 1529776636, "destination": 1529475160, "distance": 75.952, "speed": 30}, {"origin": 1529776701, "destination": 1529475160, "distance": 20.457, "speed": 30}, {"origin": 1529776701, "destination": 3720329433, "distance": 41.06, "speed": 30}, {"origin": 1529776720, "destination": 539830999, "distance": 11.18, "speed": 30}, {"origin": 1529776720, "destination": 1530722125, "distance": 68.042, "speed": 30}, {"origin": 1529776725, "destination": 442897015, "distance": 92.01599999999999, "speed": 30}, {"origin": 1529776725, "destination": 1835700530, "distance": 64.054, "speed": 30}, {"origin": 1529776769, "destination": 539833067, "distance": 25.518, "speed": 30}, {"origin": 1529776769, "destination": 539830996, "distance": 9.880999999999998, "speed": 30}, {"origin": 1530704601, "destination": 1530704878, "distance": 47.156, "speed": 30}, {"origin": 1530704601, "destination": 1529475285, "distance": 69.925, "speed": 30}, {"origin": 1530704601, "destination": 1530722043, "distance": 116.94600000000001, "speed": 30}, {"origin": 1530704632, "destination": 1577713909, "distance": 8.482, "speed": 30}, {"origin": 1530704651, "destination": 4575714131, "distance": 139.378, "speed": 30}, {"origin": 1530704651, "destination": 1529475300, "distance": 11.969999999999999, "speed": 30}, {"origin": 1530704673, "destination": 1529475130, "distance": 99.397, "speed": 30}, {"origin": 1530704673, "destination": 1529475302, "distance": 76.20899999999999, "speed": 30}, {"origin": 1530704777, "destination": 1736129366, "distance": 69.914, "speed": 30}, {"origin": 1530704878, "destination": 1530704601, "distance": 47.156, "speed": 30}, {"origin": 1530704878, "destination": 1529475338, "distance": 92.54100000000001, "speed": 30}, {"origin": 1530722043, "destination": 1530704777, "distance": 71.226, "speed": 30}, {"origin": 1530722049, "destination": 539831082, "distance": 73.453, "speed": 30}, {"origin": 1530722049, "destination": 1529475206, "distance": 121.088, "speed": 30}, {"origin": 1530722125, "destination": 1530722049, "distance": 61.58, "speed": 30}, {"origin": 1530722125, "destination": 1529475193, "distance": 124.749, "speed": 30}, {"origin": 1530722175, "destination": 1529475301, "distance": 70.597, "speed": 30}, {"origin": 1530913407, "destination": 1835353360, "distance": 216.506, "speed": 30}, {"origin": 1530913407, "destination": 1529475376, "distance": 92.009, "speed": 30}, {"origin": 1531646277, "destination": 1526728327, "distance": 56.912, "speed": 30}, {"origin": 1531659768, "destination": 1526705382, "distance": 14.916, "speed": 30}, {"origin": 1531659768, "destination": 335606022, "distance": 67.024, "speed": 30}, {"origin": 1540598147, "destination": 1528823390, "distance": 82.62700000000001, "speed": 30}, {"origin": 1540598147, "destination": 1526728384, "distance": 43.841, "speed": 30}, {"origin": 1558314548, "destination": 1526193113, "distance": 58.59, "speed": 30}, {"origin": 1558314548, "destination": 1266037411, "distance": 69.783, "speed": 30}, {"origin": 1560166290, "destination": 1526728410, "distance": 47.786, "speed": 30}, {"origin": 1567062087, "destination": 1567062089, "distance": 56.477, "speed": 20}, {"origin": 1567062089, "destination": 1567062087, "distance": 56.477, "speed": 20}, {"origin": 1567062089, "destination": 1835700530, "distance": 40.849, "speed": 30}, {"origin": 1568067925, "destination": 1529201982, "distance": 5.604, "speed": 30}, {"origin": 1568067925, "destination": 719109950, "distance": 46.819, "speed": 30}, {"origin": 1573048063, "destination": 1573048095, "distance": 20.869, "speed": 30}, {"origin": 1573048063, "destination": 2074561308, "distance": 15.082, "speed": 30}, {"origin": 1573048065, "destination": 6296438171, "distance": 88.62700000000001, "speed": 30}, {"origin": 1573048065, "destination": 2074561308, "distance": 34.92400000000001, "speed": 30}, {"origin": 1573048095, "destination": 1540598147, "distance": 7.566, "speed": 30}, {"origin": 1577308277, "destination": 1529475098, "distance": 69.951, "speed": 30}, {"origin": 1577713909, "destination": 1529475300, "distance": 139.355, "speed": 30}, {"origin": 1577713909, "destination": 539831093, "distance": 6.838000000000001, "speed": 30}, {"origin": 1578691610, "destination": 2028804164, "distance": 45.685, "speed": 30}, {"origin": 1578691610, "destination": 2028804161, "distance": 14.616, "speed": 30}, {"origin": 1626551557, "destination": 1897720516, "distance": 15.1, "speed": 30}, {"origin": 1626551557, "destination": 1529776725, "distance": 20.685000000000002, "speed": 30}, {"origin": 1628459224, "destination": 672063710, "distance": 120.83, "speed": 30}, {"origin": 1628459226, "destination": 434014588, "distance": 65.29400000000001, "speed": 30}, {"origin": 1736129366, "destination": 1530704651, "distance": 14.124, "speed": 30}, {"origin": 1835328213, "destination": 442896947, "distance": 47.439, "speed": 30}, {"origin": 1835328213, "destination": 1567062089, "distance": 87.759, "speed": 30}, {"origin": 1835353352, "destination": 539830996, "distance": 114.13799999999999, "speed": 30}, {"origin": 1835353352, "destination": 1835353387, "distance": 28.587, "speed": 30}, {"origin": 1835353360, "destination": 1835353387, "distance": 18.553, "speed": 30}, {"origin": 1835353360, "destination": 1835353352, "distance": 25.558, "speed": 30}, {"origin": 1835353367, "destination": 1835353370, "distance": 68.018, "speed": 30}, {"origin": 1835353367, "destination": 539833849, "distance": 26.271, "speed": 30}, {"origin": 1835353368, "destination": 1835712029, "distance": 16.323, "speed": 30}, {"origin": 1835353368, "destination": 2028804152, "distance": 140.828, "speed": 30}, {"origin": 1835353368, "destination": 539420445, "distance": 83.804, "speed": 30}, {"origin": 1835353368, "destination": 1835712027, "distance": 18.307000000000002, "speed": 30}, {"origin": 1835353370, "destination": 539831088, "distance": 99.333, "speed": 30}, {"origin": 1835353370, "destination": 1529475083, "distance": 37.434, "speed": 30}, {"origin": 1835353387, "destination": 539424015, "distance": 158.287, "speed": 30}, {"origin": 1835700530, "destination": 957161512, "distance": 72.686, "speed": 30}, {"origin": 1835700530, "destination": 1835700539, "distance": 90.134, "speed": 30}, {"origin": 1835700539, "destination": 1531646277, "distance": 88.011, "speed": 30}, {"origin": 1835712027, "destination": 1835712044, "distance": 43.934999999999995, "speed": 30}, {"origin": 1835712027, "destination": 1835353368, "distance": 18.307000000000002, "speed": 30}, {"origin": 1835712029, "destination": 1835712027, "distance": 12.156, "speed": 30}, {"origin": 1835712029, "destination": 1835712031, "distance": 92.53800000000001, "speed": 30}, {"origin": 1835712031, "destination": 1529475445, "distance": 12.631, "speed": 30}, {"origin": 1835712044, "destination": 2537613528, "distance": 28.466, "speed": 30}, {"origin": 1835712044, "destination": 1529669475, "distance": 84.155, "speed": 30}, {"origin": 1836678889, "destination": 1835353367, "distance": 20.531, "speed": 30}, {"origin": 1836678889, "destination": 539833849, "distance": 13.729000000000001, "speed": 30}, {"origin": 1836678895, "destination": 539837920, "distance": 1.547, "speed": 30}, {"origin": 1897720516, "destination": 1266037405, "distance": 123.211, "speed": 30}, {"origin": 1897720516, "destination": 957150995, "distance": 63.936, "speed": 30}, {"origin": 1958896976, "destination": 1529475094, "distance": 61.503, "speed": 30}, {"origin": 1958896976, "destination": 1529475093, "distance": 36.63, "speed": 30}, {"origin": 1958896976, "destination": 1529475090, "distance": 81.75500000000001, "speed": 30}, {"origin": 1983117780, "destination": 434014588, "distance": 132.70600000000002, "speed": 30}, {"origin": 1989898224, "destination": 1529202111, "distance": 161.92000000000002, "speed": 40}, {"origin": 2028804152, "destination": 2028804172, "distance": 14.469, "speed": 30}, {"origin": 2028804152, "destination": 2028804167, "distance": 124.27799999999999, "speed": 30}, {"origin": 2028804161, "destination": 1578691610, "distance": 14.616, "speed": 30}, {"origin": 2028804164, "destination": 2028804172, "distance": 124.623, "speed": 30}, {"origin": 2028804164, "destination": 2028804167, "distance": 15.004000000000001, "speed": 30}, {"origin": 2028804167, "destination": 2028804161, "distance": 44.144, "speed": 30}, {"origin": 2028804167, "destination": 2028804164, "distance": 15.004000000000001, "speed": 30}, {"origin": 2028804172, "destination": 2028804152, "distance": 14.469, "speed": 30}, {"origin": 2028804172, "destination": 1835712029, "distance": 137.25300000000001, "speed": 30}, {"origin": 2074561308, "destination": 1573048095, "distance": 9.103, "speed": 30}, {"origin": 2074561308, "destination": 499274675, "distance": 56.125, "speed": 40}, {"origin": 2537613526, "destination": 2537613528, "distance": 15.556, "speed": 30}, {"origin": 2537613526, "destination": 1835353368, "distance": 81.115, "speed": 30}, {"origin": 2537613528, "destination": 2537613526, "distance": 15.556, "speed": 30}, {"origin": 2537613528, "destination": 442882008, "distance": 32.01, "speed": 30}, {"origin": 2887799873, "destination": 1529669454, "distance": 12.949, "speed": 30}, {"origin": 3073519854, "destination": 1529623303, "distance": 70.901, "speed": 30}, {"origin": 3720329433, "destination": 1529202109, "distance": 3.272, "speed": 30}, {"origin": 3720329437, "destination": 3720329440, "distance": 2.903, "speed": 30}, {"origin": 3720329440, "destination": 1526728362, "distance": 10.421, "speed": 30}, {"origin": 3720329440, "destination": 3721441045, "distance": 43.187000000000005, "speed": 30}, {"origin": 3721441045, "destination": 1529202090, "distance": 2.582, "speed": 30}, {"origin": 4575714131, "destination": 539830999, "distance": 3.299, "speed": 30}, {"origin": 4576814617, "destination": 344736237, "distance": 83.25800000000001, "speed": 40}, {"origin": 4582722295, "destination": 1531659768, "distance": 60.081, "speed": 30}, {"origin": 4582722295, "destination": 335606022, "distance": 26.859, "speed": 30}, {"origin": 6122163730, "destination": 499274643, "distance": 26.769, "speed": 30}, {"origin": 6122163731, "destination": 6122163730, "distance": 34.939, "speed": 30}, {"origin": 6296438171, "destination": 621983933, "distance": 120.57300000000001, "speed": 30}, {"origin": 6296438172, "destination": 1573048063, "distance": 33.7, "speed": 30}, {"origin": 6296438172, "destination": 6296438171, "distance": 15.753999999999998, "speed": 30}], "candidates": [[1526728361, 4479], [1835353387, 7170], [442882994, 13457], [442882996, 8685], [344736241, 17188], [1835712031, 5979], [1835353367, 6254], [1529475338, 9765], [1529202090, 8692], [539837920, 16940], [1529475376, 17260], [621983933, 10153], [539830996, 12223], [539833069, 15940], [2537613526, 9755], [1989898224, 19717], [2887799873, 11026], [1526728365, 16507], [1529202111, 18533], [1529202049, 9687], [539833849, 3687], [1526728410, 10499], [1526193113, 1308], [1528832261, 4062], [1835353360, 8501], [499274652, 749], [1526728406, 1959], [1530704632, 16954], [1529623269, 12846], [1897720516, 16242], [1573048065, 18366], [539420443, 15398], [539420445, 16980], [1529475275, 19749], [1529623293, 1238], [499274675, 12948], [2028804152, 9524], [335606024, 19079], [1573048095, 5426], [672063710, 1274], [1529623346, 5268], [1530722175, 5246], [1529475160, 3358], [1256026663, 9029], [1529475098, 5653], [1835353370, 6821], [344736237, 3624], [1835353368, 18711], [1528823380, 11638], [539833067, 14583], [1529475130, 16346], [1628459224, 2044], [957161512, 1281], [1529669447, 6288], [1736129366, 5590], [442882995, 15162], [1526728367, 6947], [539420447, 10182], [1526728370, 19308], [442882015, 17550], [442882013, 12261], [1531646277, 16590], [6122163731, 291], [1526705382, 15603], [1526728308, 15774], [1529475090, 2418], [442909903, 4796], [1530913407, 4724], [1530704777, 2854], [1529776725, 8693], [1529202109, 17973], [1958896976, 16975], [1529475445, 1431], [1573048063, 1800], [1526728304, 19586], [1266037421, 13713], [442896947, 5912], [1529475285, 19078], [6296438172, 15526], [335606025, 6354], [1528832266, 7270], [434014588, 18285], [1529475083, 10684], [1529475206, 8986], [1531659768, 6883], [1266037414, 13993], [1322977385, 1660], [1526728376, 7630], [1530704878, 7175], [539831093, 6626], [1529201982, 8022], [335606017, 12549], [1529475378, 3418], [1835712027, 1635], [1529623352, 11799], [1266037405, 2072], [539830999, 7886], [1529776701, 15611], [1567062089, 5313], [1540598147, 9423], [1530704673, 6551], [2537613528, 8340], [442882019, 11819], [1526728364, 9288], [3073519854, 13064], [621979238, 17864], [1530722125, 1340], [2028804164, 11484], [1529669448, 17304], [1529202023, 8651], [442882008, 672], [442897015, 4347], [957150995, 3401], [957166323, 8060], [1526728327, 14782], [2028804172, 17669], [1528823390, 10281], [1628459226, 14387]], "number_stations": 13}